﻿<?xml version="1.0" encoding="utf-8"?>
<l10n>
  <e k="category_animals" v="Animaux" />
  <e k="category_augerWagons" v="Remorques à grain" />
  <e k="category_baling" v="Balles" />
  <e k="category_beetHarvesting" v="Arracheuses de betteraves" />
  <e k="category_belts" v="Système de convoyeur" />
  <e k="category_cars" v="Voitures" />
  <e k="category_chainsaws" v="Tronçonneuses" />
  <e k="category_cultivators" v="Cultivateurs" />
  <e k="category_cutterTrailers" v="Remorques à barres de coupe" />
  <e k="category_cutters" v="Barres de coupe" />
  <e k="category_dollys" v="Dollys" />
  <e k="category_feeding" v="Alimentation" />
  <e k="category_fertilizerSpreaders" v="Épandeurs à engrais" />
  <e k="category_forageHarvesters" v="Ensileuses" />
  <e k="category_forageHarvestersCutters" v="Barres de coupe pour ensileuses" />  <e k="category_forageHarvesterCutters" v="Barres de coupe pour ensileuses" />
  <e k="category_frontLoaders" v="Chargeuses avant" />
  <e k="category_harvesters" v="Moissonneuses-batteuses" />
  <e k="category_leveler" v="Niveleuses" />
  <e k="category_loaderWagons" v="Chargeuses" />
  <e k="category_lowloaders" v="Remorques surbaissées" />
  <e k="category_manureSpreaders" v="Épandeurs à fumier" />
  <e k="category_misc" v="Divers" />
  <e k="category_mowers" v="Faucheuses" />
  <e k="category_pallets" v="Palettes" />
  <e k="category_placeables" v="Objets à placer" />
  <e k="category_plows" v="Charrues" />
  <e k="category_potatoHarvesting" v="Arracheuses de pommes de terre" />
  <e k="category_sales" v="Promotions" />
  <e k="category_skidSteers" v="Chargeuses compactes" />
  <e k="category_slurryTanks" v="Cuves à lisier" />
  <e k="category_sowingMachines" v="Machines à ensemencer" />
  <e k="category_sprayers" v="Pulvérisateurs" />
  <e k="category_sugarCaneHarvesting" v="Récolte de canne à sucre" />
  <e k="category_tedders" v="Faneuses" />
  <e k="category_teleLoaders" v="Chariots télescopiques" />
  <e k="category_tippers" v="Bennes" />
  <e k="category_tractors" v="Tracteurs" />
  <e k="category_trucks" v="Camions" />
  <e k="category_weeders" v="Sarcleuses" />
  <e k="category_weights" v="Masses" />
  <e k="category_wheelLoaders" v="Chargeuses sur pneus" />
  <e k="category_windrowers" v="Andaineurs" />
  <e k="category_wood" v="Équipement forestier" />
  <e k="configuration_attacherJoint" v="Systèmes d'attelage" />
  <e k="configuration_baseColor" v="Couleur principale" />
  <e k="configuration_design" v="Personnaliser" />
  <e k="configuration_designColor" v="Couleur de l'apparence" />
  <e k="configuration_frontloaderAttacher" v="Chargeuse avant" />
  <e k="configuration_inputAttacher3Point" v="3 points" />
  <e k="configuration_inputAttacherFrontLoader" v="Chargeuse avant" />
  <e k="configuration_inputAttacherJoint" v="Type de système d'attelage" />
  <e k="configuration_inputAttacherSkidSteer" v="Chargeuse compacte" />
  <e k="configuration_inputAttacherTeleLoaders" v="Chariot télescopique" />
  <e k="configuration_inputAttacherWheelLoader" v="Chargeuse sur pneus" />
  <e k="configuration_motorSetup" v="Configuration du moteur" />
  <e k="configuration_rimColor" v="Couleur des jantes" />
  <e k="configuration_trailerAttacherBack" v="+ attelage arrière" />
  <e k="configuration_valueBaleTrailer" v="Configuration des balles" />
  <e k="configuration_valueColor" v="En couleur" />
  <e k="configuration_valueCrawler" v="Chenille" />
  <e k="configuration_valueDefault" v="Standard" />
  <e k="configuration_valueDesign01" v="Apparence 1" />
  <e k="configuration_valueDesign02" v="Apparence 2" />
  <e k="configuration_valueDesign03" v="Apparence 3" />
  <e k="configuration_valueDesign04" v="Apparence 4" />
  <e k="configuration_valueDesign05" v="Apparence 5" />
  <e k="configuration_valueDesign06" v="Apparence 6" />
  <e k="configuration_valueDesign07" v="Apparence 7" />
  <e k="configuration_valueDesign08" v="Apparence 8" />
  <e k="configuration_valueDesign09" v="Apparence 9" />
  <e k="configuration_valueForestry" v="Sylviculture" />
  <e k="configuration_valueGT1" v="Bande décorative" />
  <e k="configuration_valueGT2" v="Double bande décorative" />
  <e k="configuration_valueNewHolland" v="New Holland" />
  <e k="configuration_valueStealth" v="Silence" />
  <e k="configuration_valueTracks" v="Chenille" />
  <e k="configuration_valueTripleWheelsAll" v="Roues triples" />
  <e k="configuration_valueTwinWheelsAll" v="Roues jumelées" />
  <e k="configuration_valueTwinWheelsBack" v="Roues arrière jumelées" />
  <e k="configuration_valueTwinWheelsFront" v="Roues avant jumelées" />
  <e k="configuration_valueTwinWheelsNarrow" v="Roues jumelées étroites" />
  <e k="configuration_valueVogelsangSynCut" v="Vogelsang SynCult" />
  <e k="configuration_valueWheelBroad" v="Pneus larges" />
  <e k="configuration_valueWheelNarrow" v="Pneus étroits" />
  <e k="configuration_valueWheelWeights" v="Masses d'équilibrage" />
  <e k="configuration_valueWhite" v="Blanc" />
  <e k="configuration_valueWoodTrailer" v="Configuration du bois" />
  <e k="configuration_wheelSetup" v="Configuration des roues" />
  <e k="defaultSavegameName" v="Ma partie" />
  <e k="fillTypeGroup_base" v="Aliments de base" />
  <e k="fillTypeGroup_bulk" v="Aliments de base" />
  <e k="fillTypeGroup_earth" v="Fruits de la terre" />
  <e k="fillTypeGroup_forage" v="Fourrage" />
  <e k="fillTypeGroup_grain" v="Céréales" />
  <e k="fillTypeGroup_grass" v="Herbe" />
  <e k="fillTypeGroup_power" v="Aliments concentrés" />
  <e k="fillTypeGroup_protein" v="Protéines" />
  <e k="fillTypeGroup_silage" v="Ensilage" />
  <e k="fillType_barley" v="Orge" />
  <e k="fillType_chaff" v="Paille hachée" />
  <e k="fillType_digestate" v="Digestat" />
  <e k="fillType_dryGrass" v="Foin" />
  <e k="fillType_egg" v="Œufs" />
  <e k="fillType_fertilizer" v="Engrais" />
  <e k="fillType_forage" v="Ration totale mélangée" />
  <e k="fillType_forage_mixing" v="Fourrage" />
  <e k="fillType_fuel" v="Carburant" />
  <e k="fillType_grass" v="Herbe" />
  <e k="fillType_liquidFertilizer" v="Engrais liquide" />
  <e k="fillType_liquidManure" v="Lisier" />
  <e k="fillType_maize" v="Maïs" />
  <e k="fillType_manure" v="Fumier" />
  <e k="fillType_milk" v="Lait" />
  <e k="fillType_oilRadish" v="Radis oléagineux" />
  <e k="fillType_pigFood" v="Nourriture pour cochons" />
  <e k="fillType_pigFoodBase" v="Nourriture pour cochons (base)" />
  <e k="fillType_pigFoodEarth" v="Nourriture pour cochons (terre)" />
  <e k="fillType_pigFoodGrain" v="Nourriture pour cochons (céréales)" />
  <e k="fillType_pigFoodProtein" v="Nourriture pour cochons (protéines)" />
  <e k="fillType_poplar" v="Peuplier" />
  <e k="fillType_potato" v="P. de terre" />
  <e k="fillType_powerFood" v="Aliments concentrés" />
  <e k="fillType_rape" v="Colza" />
  <e k="fillType_roundBale" v="Balle ronde" />
  <e k="fillType_roundBaleBarley" v="Paille de balle ronde (orge)" />
  <e k="fillType_roundBaleDryGrass" v="Foin de balle ronde" />
  <e k="fillType_roundBaleGrass" v="Herbe de balle ronde" />
  <e k="fillType_roundBaleSilage" v="Ensilage de balle ronde" />
  <e k="fillType_roundBaleWheat" v="Paille de balle ronde (blé)" />
  <e k="fillType_seeds" v="Semences" />
  <e k="fillType_silage" v="Ensilage" />
  <e k="fillType_soybean" v="Soja" />
  <e k="fillType_squareBale" v="Balle carrée" />
  <e k="fillType_squareBaleBarley" v="Paille de balle carrée (orge)" />
  <e k="fillType_squareBaleDryGrass" v="Foin de balle carrée" />
  <e k="fillType_squareBaleGrass" v="Herbe de balle carrée" />
  <e k="fillType_squareBaleSilage" v="Ensilage de balle carrée" />
  <e k="fillType_squareBaleWheat" v="Paille de balle carrée (blé)" />
  <e k="fillType_straw" v="Paille" />
  <e k="fillType_sugarBeet" v="B. sucrières" />
  <e k="fillType_sugarCane" v="Canne à sucre" />
  <e k="fillType_sunflower" v="Tournesols" />
  <e k="fillType_tarp" v="Tarp" />
  <e k="fillType_treeSaplings" v="Plants d'arbres" />
  <e k="fillType_water" v="Eau" />
  <e k="fillType_wheat" v="Blé" />
  <e k="fillType_woodChips" v="Copeaux de bois" />
  <e k="fillType_wool" v="Laine" />
  <e k="function_augerWagon" v="La remorque à grain possède un convoyeur à vis intégré. Vous pouvez l'utiliser pour stocker votre récolte et la décharger directement dans d'autres remorques." />
  <e k="function_baleStacker" v="Le groupeur de balles facilite le ramassage des balles." />
  <e k="function_baleTrailer" v="La remorque à balles permet le transport des balles." />
  <e k="function_baleWrapper" v="L'enrubanneuse de balles enveloppe les balles d'herbe dans un film plastique pour les faire fermenter et les transformer en ensilage." />
  <e k="function_baler" v="La presse à balles façonne des balles avec la paille, l'herbe ou le foin préalablement fauchés." />
  <e k="function_beehive" v="Produit du miel qui est vendu et vous rapporte de l'argent automatiquement." />
  <e k="function_beltSystem" v="Les tapis roulants permettent également de charger vos remorques." />
  <e k="function_beltSystemConnection" v="Les tapis roulants permettent également de charger vos remorques." />
  <e k="function_beltSystemStart" v="Ce tapis roulant transporte le matériel du sol vers le tapis suivant." />
  <e k="function_bigBagFertilizer" v="Les grands sacs servent à remplir vos épandeurs." />
  <e k="function_bigBagPigFood" v="Des granules parfaitement équilibrés pour nourrir vos cochons." />
  <e k="function_bigBagSeeds" v="Les grands sacs servent à remplir vos machines à ensemencer." />
  <e k="function_car" v="La voiture vous permet de rallier rapidement un point à un autre." />
  <e k="function_chainsaw" v="La tronçonneuse permet d'abattre des arbres." />
  <e k="function_combine" v="La moissonneuse-batteuse sert à récolter des cultures." />
  <e k="function_combineForage" v="L'ensileuse à fourrage ensile les cultures indiquées." />
  <e k="function_combineNeedsCutter" v="Pour moissonner, elle doit être équipée de la barre de coupe adéquate." />
  <e k="function_combineNeedsForageCutter" v="Pour ensiler, elle doit être équipée de la barre de coupe adéquate." />
  <e k="function_cultivator" v="Le cultivateur sert à préparer les champs à être réensemencés." />
  <e k="function_cutter" v="Les barres de coupe se fixent aux moissonneuses-batteuses." />
  <e k="function_cutterForage" v="Les barres de coupe se fixent aux ensileuses à fourrage." />
  <e k="function_cutterTrailer" v="Les remorques à barres de coupe servent à transporter les barres de coupe sur la route en toute sécurité." />
  <e k="function_decoration" v="Objet décoratif" />
  <e k="function_dolly" v="Le diabolo sert d'attache entre une semi-remorque et un tracteur." />
  <e k="function_feeder" v="La mélangeuse sert à préparer la ration totale mélangée pour nourrir les vaches (RTM, 60 % d'aliments de base et 40 % d'aliments concentrés) en mélangeant l'ensilage, le foin et la paille." />
  <e k="function_feederBale" v="Cette machine sert à répandre la paille des balles de paille sur le sol de l'étable des vaches." />
  <e k="function_fertilizer" v="L'épandeur à engrais permet d'améliorer la récolte de vos champs." />
  <e k="function_fillablePallet" v="Des plants de peuplier à charger dans une planteuse d'arbres." />
  <e k="function_forageWagon" v="La remorque à fourrage permet de ramasser l'herbe, le foin ou la paille préalablement fauchés. Elle peut également être remplie de paille hachée." />
  <e k="function_forestryCutter" v="Cette machine sert à abattre des arbres." />
  <e k="function_forestryPlanter" v="Cette machine sert à planter des arbres. Vous pouvez acheter des palettes de plants au magasin pour la charger." />
  <e k="function_forestryTransport" v="Ce véhicule peut transporter des troncs d'arbres." />
  <e k="function_forestryTreeLimit" v="Remarque : les trop gros arbres ne pourront pas être transportés." />
  <e k="function_forestryWoodCrusher" v="Cette machine réduit des troncs d'arbres en copeaux de bois." />
  <e k="function_frontloader" v="La chargeuse avant sert à charger et transporter diverses marchandises. Attention : les chargeuses avant ne peuvent être attelées que sur certains tracteurs." />
  <e k="function_greenHouse" v="Produit des légumes qui sont vendus et vous rapportent de l'argent automatiquement." />
  <e k="function_harvestingPotato" v="Cette arracheuse déterre les pommes de terre. Avant de l'utiliser, vous devez préalablement défaner les pommes de terre à l'aide d'un broyeur de fanes." />
  <e k="function_harvestingSelfPropelledPotato" v="Cette arracheuse auto-propulsée permet de récolter directement les pommes de terre." />
  <e k="function_harvestingSelfPropelledSugarbeet" v="Cette arracheuse auto-propulsée permet de récolter directement les betteraves." />
  <e k="function_harvestingSugarbeet" v="Cette arracheuse déterre les betteraves. Avant de l'utiliser, vous devez préalablement défaner les betteraves à l'aide d'un broyeur de fanes." />
  <e k="function_haulmTopperPotato" v="Avant de récolter les pommes de terre, il faut les défaner à l'aide d'un broyeur de fanes comme celui-ci." />
  <e k="function_haulmTopperSugarbeet" v="Avant de récolter les betteraves sucrières, il faut les défaner à l'aide d'un broyeur de fanes comme celui-ci." />
  <e k="function_hayStorage" v="Espace de stockage pour la paille et le foin." />
  <e k="function_heatingPlant" v="En déposant des copeaux de bois à ce point de vente, vous produisez de la chaleur qui vous rapporte de l'argent." />
  <e k="function_highPressureWasher" v="Avec cette machine, vous pouvez nettoyer vos véhicules et équipements sales." />
  <e k="function_leveler" v="Les niveleuses servent à déplacer de la paille hachée et de l'ensilage, ainsi qu'à niveler les tas de grains dans les silos." />
  <e k="function_liquidFertilizerTank" v="Les réservoirs à engrais liquide servent à remplir vos pulvérisateurs." />
  <e k="function_livestockTrailer" v="Cette remorque sert à transporter des animaux." />
  <e k="function_loadingVehicle" v="Cette machine permet de ramasser des betteraves à sucre enterrées et de les charger dans une remorque." />
  <e k="function_lowLoader" v="Cette remorque peut transporter des véhicules." />
  <e k="function_manureSpreader" v="Utiliser l'épandeur à fumier permet d'améliorer la productivité de vos champs." />
  <e k="function_mower" v="La faucheuse sert à couper l'herbe." />
  <e k="function_palletPacker" v="Chargée de pommes de terre ou de betteraves sucrières, cette machine crée de belles palettes que vous pouvez vendre." />
  <e k="function_placeableChipper" v="Cette machine transforme les rondins en copeaux de bois. Ils sont automatiquement vendus à la scierie." />
  <e k="function_plough" v="Avec une charrue, vous pouvez préparer les champs à être réensemencés ou créer de nouveaux champs." />
  <e k="function_powerGenerator" v="Produit de l'électricité qui est vendue et vous rapporte de l'argent automatiquement." />
  <e k="function_reverseDriveControl" v="Ce véhicule est équipé de commandes inversées." />
  <e k="function_roller" v="Cette machine permet de restaurer l'état initial du sol (suppression des champs)." />
  <e k="function_saplingPallet" v="Cette palette de plants sert à charger la planteuse d'arbres." />
  <e k="function_semiTrailer" v="Les semi-remorques peuvent être attelées à l'aide d'un diabolo." />
  <e k="function_siloExtension" v="Augmente la capacité de stockage de vos silos. À placer près de vos silos agricoles." />
  <e k="function_skidsteer" v="Les chargeuses compactes permettent de charger et de déplacer diverses marchandises." />
  <e k="function_slurryContainer" v="Les conteneurs de champ permettent de stocker provisoirement le lisier." />
  <e k="function_slurrySpreader" v="Utiliser l'épandeur à lisier permet d'améliorer la productivité de vos champs." />
  <e k="function_sowingMachine" v="La machine à ensemencer sert à ensemencer des champs." />
  <e k="function_sowingMachineDirect" v="Cette machine à ensemencer offre en outre la possibilité de semer directement (sans qu'il n'y ait besoin de préparer le champ avec un cultivateur ou une charrue)." />
  <e k="function_sprayer" v="Le pulvérisateur permet d'augmenter la production de vos champs." />
  <e k="function_sprayerTank" v="Les réservoirs supplémentaires permettent d'augmenter la capacité de vos pulvérisateurs." />
  <e k="function_stumpCutter" v="Cette machine permet de couper des souches d'arbres." />
  <e k="function_tank" v="Les réservoirs servent à transporter des liquides." />
  <e k="function_tedder" v="La faneuse retourne l'herbe fauchée pour accélérer son séchage." />
  <e k="function_telehandler" v="Les chariots télescopiques permettent de charger et de déplacer diverses marchandises." />
  <e k="function_tipper" v="Les bennes/remorques servent à transporter les récoltes." />
  <e k="function_tractor" v="Le tracteur est nécessaire pour tracter des remorques et des outils." />
  <e k="function_tractorFrontloader" v="Une chargeuse avant peut être attelée à ce tracteur." />
  <e k="function_treeSaw" v="La scie à arbre permet d'abattre des arbres." />
  <e k="function_truck" v="Un camion permet de transporter des semi-remorques." />
  <e k="function_waterTower" v="Le château d'eau vous permet d'approvisionner vos réservoirs en eau douce." />
  <e k="function_weeder" v="Les sarcleuses arrachent les mauvaises herbes présentes entre les jeunes cultures, améliorant ainsi l'état du champ. On ne peut pas les utiliser sur les cultures à un stade de croissance avancé." />
  <e k="function_weight" v="La masse permet de maintenir les roues d'un tracteur au sol et d'améliorer sa stabilité." />
  <e k="function_wheelLoader" v="La chargeuse sur pneus peut transporter diverses marchandises. " />
  <e k="function_windrower" v="L'andaineur ratisse l'herbe, le foin ou la paille fauchés en rangées (ou andains) pour faciliter son ramassage avec la remorque à fourrage ou la presse à balles." />
  <e k="function_workshop" v="Grâce à cet atelier que vous pouvez placer où vous voulez sur la carte, vous pourrez personnaliser vos engins sans engager de mécanicien." />
  <e k="shopItem_ashTree" v="Frêne" />
  <e k="shopItem_beehive" v="Ruche" />
  <e k="shopItem_bigBagFertilizer" v="Grand sac d'engrais solide" />
  <e k="shopItem_bigBagPigFood" v="Nourriture pour cochons" />
  <e k="shopItem_bigBagSeeds" v="Grand sac de semences" />
  <e k="shopItem_birchTree" v="Bouleau" />
  <e k="shopItem_chicken" v="Poule" />
  <e k="shopItem_cow" v="Vache" />
  <e k="shopItem_firTree" v="Sapin" />
  <e k="shopItem_flieglSemitrailer" v="Remorque surbaissée" />
  <e k="shopItem_flieglTimberRunner" v="Remorque à bois" />
  <e k="shopItem_frontloaderBaleFork" v="Pique balles" />
  <e k="shopItem_frontloaderBaleGrab" v="Pince à b. enrubannées" />
  <e k="shopItem_frontloaderLogFork" v="Fourche à bois" />
  <e k="shopItem_frontloaderManureFork" v="Fourche à fumier" />
  <e k="shopItem_frontloaderManureGrabFork" v="Grappin à fumier" />
  <e k="shopItem_frontloaderPalletFork" v="Cadre lève-palettes" />
  <e k="shopItem_frontloaderRoundBaleFork" v="Fourche à balles rondes" />
  <e k="shopItem_frontloaderShovel" v="Pelle à grande volume" />
  <e k="shopItem_frontloaderSilageCutter" v="Fourche à ensilage" />
  <e k="shopItem_garantFieldContainer" v="Conteneur de champ" />
  <e k="shopItem_garantTSA" v="Cuve à lisier TSA" />
  <e k="shopItem_greenhouseLettuce" v="Serre (salades)" />
  <e k="shopItem_greenhouseTomatoes" v="Serre (tomates)" />
  <e k="shopItem_hayLoft" v="Grange" />
  <e k="shopItem_heatingPlant" v="Chaufferie" />
  <e k="shopItem_highPressureWasher" v="Nettoyeur à haute pression" />
  <e k="shopItem_kroneCutterTrailer" v="Remorque à barre de coupe" />
  <e k="shopItem_liquidFertilizerTank" v="Réservoir d'engrais liquide" />
  <e k="shopItem_mapleTree" v="Érable" />
  <e k="shopItem_mobileFuelTank" v="Réservoir à carburant mobile" />
  <e k="shopItem_oakTree" v="Chêne" />
  <e k="shopItem_palletSaplings" v="Palette de plants" />
  <e k="shopItem_palletSaplingsPoplar" v="Palette de peupliers" />
  <e k="shopItem_picnicShelter01" v="Abri rectangulaire" />
  <e k="shopItem_picnicShelter02" v="Abri circulaire" />
  <e k="shopItem_pig" v="Cochon" />
  <e k="shopItem_poplarTree" v="Peuplier" />
  <e k="shopItem_sampoRosenlewC6Cutter" v="C6 Header" />
  <e k="shopItem_shack01" v="Petit cabanon" />
  <e k="shopItem_shack02" v="Cabanon surélevé" />
  <e k="shopItem_shack03" v="Cabane" />
  <e k="shopItem_shack04" v="Hangar" />
  <e k="shopItem_sheep" v="Mouton" />
  <e k="shopItem_siloExtensionLarge" v="Grande extension de silo" />
  <e k="shopItem_siloExtensionSmall" v="Petite extension de silo" />
  <e k="shopItem_skidSteerBaleFork" v="Fourche à balles" />
  <e k="shopItem_skidSteerLogFork" v="Fourche à bois" />
  <e k="shopItem_skidSteerManureFork" v="Fourche à fumier" />
  <e k="shopItem_skidSteerPalletFork" v="Fourche à palette" />
  <e k="shopItem_skidSteerShovel" v="Godet universel" />
  <e k="shopItem_skidSteerStumpCutter" v="Rogneuse de souches" />
  <e k="shopItem_solarCollector" v="Capteur solaire" />
  <e k="shopItem_storageShelter01" v="Grand abri de stockage" />
  <e k="shopItem_storageShelter02" v="Petit abri de stockage" />
  <e k="shopItem_telehandlerBaleFork" v="Fourche à balles" />
  <e k="shopItem_telehandlerBaleGrab" v="Pince à balles enrubannées" />
  <e k="shopItem_telehandlerFork" v="Fourche à palette" />
  <e k="shopItem_telehandlerLogFork" v="Fourche à bois" />
  <e k="shopItem_telehandlerManureFork" v="Fourche à fumier" />
  <e k="shopItem_telehandlerShovel" v="Pelle" />
  <e k="shopItem_vehicleShelter" v="Abri pour véhicules" />
  <e k="shopItem_vehicleShelterLarge" v="Grand abri pour véhicules" />
  <e k="shopItem_vehicleShelterSmall" v="Petit abri pour véhicules" />
  <e k="shopItem_waterTower" v="Château d'eau" />
  <e k="shopItem_waterTrailer" v="Réservoir à eau mobile" />
  <e k="shopItem_wheelLoaderFork" v="Fourche" />
  <e k="shopItem_wheelLoaderLogFork" v="Fourche à bois" />
  <e k="shopItem_wheelLoaderShovel" v="Pelle" />
  <e k="shopItem_wheelLoaderSilageFork" v="Fourche à ensilage" />
  <e k="shopItem_windTurbine" v="Éolienne" />
  <e k="shopItem_workshop" v="Atelier pour véhicules" />
  <e k="shop_age" v="%s jours" />
  <e k="shop_brand" v="Marque" />
  <e k="shop_capacity" v="Capacité :" />
  <e k="shop_capacityValue" v="%s %s" />
  <e k="shop_category" v="Catégorie" />
  <e k="shop_combinations" v="Convient pour :" />
  <e k="shop_configuration" v="Configuration" />
  <e k="shop_configurationPriceBase" v="Prix de base" />
  <e k="shop_configurationPriceOptions" v="Options" />
  <e k="shop_configurationPriceTotal" v="Prix total" />
  <e k="shop_configurationTitle" v="Options &amp; améliorations" />
  <e k="shop_costsBase" v="Coûts de base" />
  <e k="shop_costsPerDay" v="Par jour" />
  <e k="shop_costsPerOperatingHour" v="Par heure d'exploitation" />
  <e k="shop_doYouWantToBuy" v="Acheter pour %s ?" />
  <e k="shop_doYouWantToLease" v="Louer pour %s ?" />
  <e k="shop_fee" v="Frais" />
  <e k="shop_fruitTypes" v="Types de cultures" />
  <e k="shop_fuelValue" v="%d %s" />
  <e k="shop_income" v="Revenu :" />
  <e k="shop_incomeValue" v="%s/heure" />
  <e k="shop_initialCosts" v="Coûts initiaux" />
  <e k="shop_leasedItems" v="Objets loués" />
  <e k="shop_maintenance" v="Entretien :" />
  <e k="shop_maintenanceValue" v="%s/jour" />
  <e k="shop_maxPower" v="Puissance max. :" />
  <e k="shop_maxPowerValue" v="%s kW/%s ch" />
  <e k="shop_maxSpeed" v="%s %s" />
  <e k="shop_neededPower" v="Puiss. req. :" />
  <e k="shop_neededPowerValue" v="%s kW/%s ch" />
  <e k="shop_noConfigsAvailable" v="Aucune amélioration disponible !" />
  <e k="shop_noVehicles" v="Aucun véhicule disponible !" />
  <e k="shop_operatingTime" v="%d.%d h" />
  <e k="shop_ownedItems" v="Objets possédés" />
  <e k="shop_saleRemaingHours" v="Fin de la vente dans :" />
  <e k="shop_saleRemaingHoursValue" v="%d h" />
  <e k="shop_transportationFee" v="Si vous ne transportez pas les animaux avec votre propre remorque à bétail, vous paierez des frais de transport !" />
  <e k="shop_usage" v="Utilisation :" />
  <e k="shop_workingWidth" v="Largeur de travail :" />
  <e k="shop_workingWidthValue" v="%s m" />
  <e k="shop_youLease" v="Vous louez" />
  <e k="shop_youOwn" v="En votre possession" />
  <e k="typeDesc_augerWagon" v="Remorque à grain" />
  <e k="typeDesc_baleLoader" v="Chargeuse de balles" />
  <e k="typeDesc_baleTrailer" v="Remorque à balles" />
  <e k="typeDesc_baleWrapper" v="enrubanneuse de balles" />
  <e k="typeDesc_baler" v="Presse à balles" />
  <e k="typeDesc_belt" v="bande transporteuse" />
  <e k="typeDesc_car" v="voiture" />
  <e k="typeDesc_combine" v="moissonneuse-batteuse" />
  <e k="typeDesc_cornCutter" v="Cueilleur à maïs" />
  <e k="typeDesc_cultivator" v="Cultivateur" />
  <e k="typeDesc_cutter" v="Barre de coupe" />
  <e k="typeDesc_cutterTrailer" v="Remorque à barre de coupe" />
  <e k="typeDesc_defoliator" v="Effeuilleuse" />
  <e k="typeDesc_fertilizerSpreader" v="Épandeur à engrais" />
  <e k="typeDesc_forageWagon" v="Remorque à fourrage" />
  <e k="typeDesc_forwarder" v="Porteur" />
  <e k="typeDesc_frontloader" v="chargeuse avant" />
  <e k="typeDesc_frontloaderTool" v="équipement de chargeuse avant" />
  <e k="typeDesc_greenhouse" v="Serre" />
  <e k="typeDesc_harvester" v="Moissonneuse-batteuse" />
  <e k="typeDesc_haulmTopper" v="Broyeur de fanes" />
  <e k="typeDesc_highPressureWasher" v="Nettoyeur à haute pression" />
  <e k="typeDesc_leveler" v="Niveleuse" />
  <e k="typeDesc_livestockTrailer" v="remorque à bétail" />
  <e k="typeDesc_loaderVehicle" v="chargement du véhicule" />
  <e k="typeDesc_lowLoader" v="Remorque surbaissée" />
  <e k="typeDesc_manureBarrel" v="Cuve à lisier" />
  <e k="typeDesc_manureSpreader" v="Épandeur à fumier" />
  <e k="typeDesc_mixerWagon" v="Mélangeuse" />
  <e k="typeDesc_mower" v="Faucheuse" />
  <e k="typeDesc_pickup" v="Ramasseur" />
  <e k="typeDesc_planter" v="Planteuse" />
  <e k="typeDesc_plough" v="Charrue" />
  <e k="typeDesc_plow" v="Pelle" />
  <e k="typeDesc_roller" v="Rouleau" />
  <e k="typeDesc_skidSteerTool" v="équipement de chargeuse compacte" />
  <e k="typeDesc_sowingMachine" v="Machine à ensemencer" />
  <e k="typeDesc_sprayer" v="Pulvérisateur" />
  <e k="typeDesc_sprayerTank" v="réservoir supplémentaire" />
  <e k="typeDesc_strawBlower" v="Pailleuse" />
  <e k="typeDesc_stumpCutter" v="Rogneuse de souches" />
  <e k="typeDesc_tedder" v="Faneuse" />
  <e k="typeDesc_telehandler" v="chariot télescopique" />
  <e k="typeDesc_telehandlerTool" v="équipement de chariot télescopique" />
  <e k="typeDesc_timberTrailer" v="Porteur" />
  <e k="typeDesc_tipper" v="Benne" />
  <e k="typeDesc_tractor" v="tracteur" />
  <e k="typeDesc_trailer" v="Remorque" />
  <e k="typeDesc_treePlanter" v="Planteuse d'arbres" />
  <e k="typeDesc_treeSaw" v="scie à arbre" />
  <e k="typeDesc_truck" v="camion" />
  <e k="typeDesc_waterTrailer" v="Réservoir à eau" />
  <e k="typeDesc_weeder" v="sarcleuse" />
  <e k="typeDesc_weight" v="Masse" />
  <e k="typeDesc_wheelLoader" v="chargeuse sur pneus" />
  <e k="typeDesc_wheelLoaderTool" v="équipement de chargeuse sur pneus" />
  <e k="typeDesc_windrower" v="Andaineur" />
  <e k="typeDesc_woodCrusher" v="Broyeur à bois" />
  <e k="typeDesc_woodHarvester" v="Abatteuse" />
  <e k="unit_areaShort" v="ha" />
  <e k="unit_bale" v="balles" />
  <e k="unit_decimalSymbol" v="," />
  <e k="unit_degreeCelsiusShort" v="°C" />
  <e k="unit_digitGroupingSymbol" v=" " />
  <e k="unit_dollar" v="Dollar" />
  <e k="unit_dollarShort" v="$" />
  <e k="unit_euro" v="Euro" />
  <e k="unit_euroShort" v="€" />
  <e k="unit_km" v="Kilomètres" />
  <e k="unit_kmh" v="km/h" />
  <e k="unit_kw" v="kWh" />
  <e k="unit_liter" v="litres" />
  <e k="unit_literShort" v="l" />
  <e k="unit_miles" v="Miles" />
  <e k="unit_minutesShort" v="min." />
  <e k="unit_mph" v="mph" />
  <e k="unit_pieces" v="unités" />
  <e k="unit_pound" v="Livre" />
  <e k="unit_poundShort" v="£" />
  <e k="unit_timeShort" v="hh:mm" />
</l10n>