﻿<?xml version="1.0" encoding="utf-8"?>
<l10n>
  <e k="category_animals" v="Zvířata" />
  <e k="category_augerWagons" v="Vlečky s dopravníkem" />
  <e k="category_baling" v="Balíková technologie" />
  <e k="category_beetHarvesting" v="Sklízeče řepy" />
  <e k="category_belts" v="Pásový systém" />
  <e k="category_cars" v="Auta" />
  <e k="category_chainsaws" v="Motorové pily" />
  <e k="category_cultivators" v="Kultivátory" />
  <e k="category_cutterTrailers" v="Vlečky na řezačky" />
  <e k="category_cutters" v="Řezačky" />
  <e k="category_dollys" v="Dolly podvozky" />
  <e k="category_feeding" v="Krmná technologie" />
  <e k="category_fertilizerSpreaders" v="Rozhazovače hnojiva" />
  <e k="category_forageHarvesters" v="Sklízecí řezačky" />
  <e k="category_forageHarvestersCutters" v="Řezací násady sklízecích řezaček" /> <e k="category_forageHarvesterCutters" v="Řezací násady sklízecích řezaček" />
  <e k="category_frontLoaders" v="Čelní nakladače" />
  <e k="category_harvesters" v="Kombajny/sklízeče" />
  <e k="category_leveler" v="Rovnačka" />
  <e k="category_loaderWagons" v="Nakládání" />
  <e k="category_lowloaders" v="Podvalníky" />
  <e k="category_manureSpreaders" v="Rozhazovače mrvy" />
  <e k="category_misc" v="Různé" />
  <e k="category_mowers" v="Sekačky" />
  <e k="category_pallets" v="Palety" />
  <e k="category_placeables" v="Umístitelné položky" />
  <e k="category_plows" v="Pluhy" />
  <e k="category_potatoHarvesting" v="Sklízeče brambor" />
  <e k="category_sales" v="Výprodej" />
  <e k="category_skidSteers" v="Smykové nakladače" />
  <e k="category_slurryTanks" v="Cisterny na močůvku" />
  <e k="category_sowingMachines" v="Secí stroje" />
  <e k="category_sprayers" v="Rozprašovače" />
  <e k="category_sugarCaneHarvesting" v="Sklízení cukrové třtiny" />
  <e k="category_tedders" v="Obracečky" />
  <e k="category_teleLoaders" v="Teleskopické manipulátory" />
  <e k="category_tippers" v="Sklápěče" />
  <e k="category_tractors" v="Traktory" />
  <e k="category_trucks" v="Kamiony" />
  <e k="category_weeders" v="Plečky" />
  <e k="category_weights" v="Závaží" />
  <e k="category_wheelLoaders" v="Kolové nakladače" />
  <e k="category_windrowers" v="Řádkovače" />
  <e k="category_wood" v="Vybavení pro lesní hospodářství" />
  <e k="configuration_attacherJoint" v="Upevňovače" />
  <e k="configuration_baseColor" v="Hlavní barva" />
  <e k="configuration_design" v="Design" />
  <e k="configuration_designColor" v="Navrhnout barvu" />
  <e k="configuration_frontloaderAttacher" v="Upevňovač čelního nakladače" />
  <e k="configuration_inputAttacher3Point" v="Tříbodový" />
  <e k="configuration_inputAttacherFrontLoader" v="Čelní nakladač" />
  <e k="configuration_inputAttacherJoint" v="Typ upevňovače" />
  <e k="configuration_inputAttacherSkidSteer" v="Smykový nakladač" />
  <e k="configuration_inputAttacherTeleLoaders" v="Teleskopický manipulátor" />
  <e k="configuration_inputAttacherWheelLoader" v="Kolový nakladač" />
  <e k="configuration_motorSetup" v="Nastavení motoru" />
  <e k="configuration_rimColor" v="Barva ráfků" />
  <e k="configuration_trailerAttacherBack" v="+ zadní upevňovač" />
  <e k="configuration_valueBaleTrailer" v="Konfigurace balíků" />
  <e k="configuration_valueColor" v="Design" />
  <e k="configuration_valueCrawler" v="Housenkový pás" />
  <e k="configuration_valueDefault" v="Standardní" />
  <e k="configuration_valueDesign01" v="Design 1" />
  <e k="configuration_valueDesign02" v="Design 2" />
  <e k="configuration_valueDesign03" v="Design 3" />
  <e k="configuration_valueDesign04" v="Design 4" />
  <e k="configuration_valueDesign05" v="Design 5" />
  <e k="configuration_valueDesign06" v="Design 6" />
  <e k="configuration_valueDesign07" v="Design 7" />
  <e k="configuration_valueDesign08" v="Design 8" />
  <e k="configuration_valueDesign09" v="Design 9" />
  <e k="configuration_valueForestry" v="Lesnictví" />
  <e k="configuration_valueGT1" v="Jeden GT pruh" />
  <e k="configuration_valueGT2" v="Dva GT pruhy" />
  <e k="configuration_valueNewHolland" v="New Holland" />
  <e k="configuration_valueStealth" v="Stealth" />
  <e k="configuration_valueTracks" v="Housenkový pás" />
  <e k="configuration_valueTripleWheelsAll" v="Trojitá kola" />
  <e k="configuration_valueTwinWheelsAll" v="Dvojitá kola" />
  <e k="configuration_valueTwinWheelsBack" v="Zadní dvojitá kola" />
  <e k="configuration_valueTwinWheelsFront" v="Přední dvojitá kola" />
  <e k="configuration_valueTwinWheelsNarrow" v="Úzká dvojitá kola" />
  <e k="configuration_valueVogelsangSynCut" v="Vogelsang SynCult" />
  <e k="configuration_valueWheelBroad" v="Široké pneumatiky" />
  <e k="configuration_valueWheelNarrow" v="Úzké pneumatiky" />
  <e k="configuration_valueWheelWeights" v="Závaží kol" />
  <e k="configuration_valueWhite" v="Standardní" />
  <e k="configuration_valueWoodTrailer" v="Konfigurace dřeva" />
  <e k="configuration_wheelSetup" v="Nastavení kol" />
  <e k="defaultSavegameName" v="Má uložená hra" />
  <e k="fillTypeGroup_base" v="Základní krmivo" />
  <e k="fillTypeGroup_bulk" v="Základní krmivo" />
  <e k="fillTypeGroup_earth" v="Plody země" />
  <e k="fillTypeGroup_forage" v="Píce" />
  <e k="fillTypeGroup_grain" v="Zrní" />
  <e k="fillTypeGroup_grass" v="Tráva" />
  <e k="fillTypeGroup_power" v="Energetické krmivo" />
  <e k="fillTypeGroup_protein" v="Protein" />
  <e k="fillTypeGroup_silage" v="Siláž" />
  <e k="fillType_barley" v="Ječmen" />
  <e k="fillType_chaff" v="Řezanka" />
  <e k="fillType_digestate" v="Digestát" />
  <e k="fillType_dryGrass" v="Seno" />
  <e k="fillType_egg" v="Vejce" />
  <e k="fillType_fertilizer" v="Hnojivo" />
  <e k="fillType_forage" v="Směsná krmná dávka" />
  <e k="fillType_forage_mixing" v="Píce" />
  <e k="fillType_fuel" v="Palivo" />
  <e k="fillType_grass" v="Tráva" />
  <e k="fillType_liquidFertilizer" v="Tekuté hnojivo" />
  <e k="fillType_liquidManure" v="Močůvka" />
  <e k="fillType_maize" v="Kukuřice" />
  <e k="fillType_manure" v="Mrva" />
  <e k="fillType_milk" v="Mléko" />
  <e k="fillType_oilRadish" v="Ředkev olejná" />
  <e k="fillType_pigFood" v="Prasečí krmivo" />
  <e k="fillType_pigFoodBase" v="Prasečí krmivo (základní)" />
  <e k="fillType_pigFoodEarth" v="Prasečí krmivo (země)" />
  <e k="fillType_pigFoodGrain" v="Prasečí krmivo (zrní)" />
  <e k="fillType_pigFoodProtein" v="Prasečí krmivo (protein)" />
  <e k="fillType_poplar" v="Topol" />
  <e k="fillType_potato" v="Brambory" />
  <e k="fillType_powerFood" v="Energetické krmivo" />
  <e k="fillType_rape" v="Řepka" />
  <e k="fillType_roundBale" v="Válcový balík" />
  <e k="fillType_roundBaleBarley" v="Válcový balík slámy (ječmen)" />
  <e k="fillType_roundBaleDryGrass" v="Válcový balík sena" />
  <e k="fillType_roundBaleGrass" v="Válcový balík trávy" />
  <e k="fillType_roundBaleSilage" v="Válcový balík siláže" />
  <e k="fillType_roundBaleWheat" v="Válcový balík slámy (pšenice)" />
  <e k="fillType_seeds" v="Osiva" />
  <e k="fillType_silage" v="Siláž" />
  <e k="fillType_soybean" v="Sójové boby" />
  <e k="fillType_squareBale" v="Hranatý balík" />
  <e k="fillType_squareBaleBarley" v="Hranatý balík slámy (ječmen)" />
  <e k="fillType_squareBaleDryGrass" v="Hranatý balík sena" />
  <e k="fillType_squareBaleGrass" v="Hranatý balík trávy" />
  <e k="fillType_squareBaleSilage" v="Hranatý balík siláže" />
  <e k="fillType_squareBaleWheat" v="Hranatý balík slámy (pšenice)" />
  <e k="fillType_straw" v="Sláma" />
  <e k="fillType_sugarBeet" v="Cukrová řepa" />
  <e k="fillType_sugarCane" v="Cukrová třtina" />
  <e k="fillType_sunflower" v="Slunečnice" />
  <e k="fillType_tarp" v="Plachta" />
  <e k="fillType_treeSaplings" v="Sazenice stromů" />
  <e k="fillType_water" v="Voda" />
  <e k="fillType_wheat" v="Pšenice" />
  <e k="fillType_woodChips" v="Štěpky" />
  <e k="fillType_wool" v="Bavlna" />
  <e k="function_augerWagon" v="Vlečky s dopravníkem jsou přívěsy s vlastním šnekovým dopravníkem. Lze je použít k uskladnění sklizně a jejímu přímému vyložení na jiné vlečky." />
  <e k="function_baleStacker" v="Sběrač balíků usnadňuje sbírání balíků." />
  <e k="function_baleTrailer" v="Vlečka na balíky slouží k přepravě balíků." />
  <e k="function_baleWrapper" v="Ovíječka slouží k zabalení balíků do fólie, ve které se pak přemění na siláž." />
  <e k="function_baler" v="Lis na balíky lisuje slámu, trávu nebo seno do praktických balíků." />
  <e k="function_beehive" v="Produkuje med, který se automaticky prodává za účelem zisku." />
  <e k="function_beltSystem" v="Dopravníkové pásy představují alternativní způsob nakládání vašich vleček a přívěsů." />
  <e k="function_beltSystemConnection" v="Dopravníkové pásy představují alternativní způsob nakládání vašich vleček a přívěsů." />
  <e k="function_beltSystemStart" v="Tento pás sbírá materiál ze země a nakládá ho na další pásový dopravník." />
  <e k="function_bigBagFertilizer" v="Hnojiva BigBag slouží k doplnění rozhazovačů hnojiva." />
  <e k="function_bigBagPigFood" v="Dokonale vyvážené granule určené ke krmení prasat." />
  <e k="function_bigBagSeeds" v="Osiva BigBag slouží k doplnění secích strojů." />
  <e k="function_car" v="Jízda autem umožňuje rychlé cestování z bodu A do bodu B." />
  <e k="function_chainsaw" v="Motorové pily slouží ke kácení stromů." />
  <e k="function_combine" v="Sklízeče sklízejí vyznačený druh plodin." />
  <e k="function_combineForage" v="Sklízecí řezačky zpracovávají vyznačené druhy plodin." />
  <e k="function_combineNeedsCutter" v="Aby mohl sklízeč pracovat, je třeba k němu připojit vhodnou řezací násadu." />
  <e k="function_combineNeedsForageCutter" v="Aby sklízecí řezačka fungovala, je třeba ji vybavit vhodnou řezačkou." />
  <e k="function_cultivator" v="Kultivátory slouží k přípravě pole na další osetí." />
  <e k="function_cutter" v="Řezačky se připojují na sklízeče." />
  <e k="function_cutterForage" v="Řezačky se připevňují na sklízecí řezačky." />
  <e k="function_cutterTrailer" v="Vlečky na řezačky jsou určeny k bezpečné přepravě řezaček po silnicích." />
  <e k="function_decoration" v="Dekorativní objekt" />
  <e k="function_dolly" v="Dolly podvozek slouží jako spojovací článek mezi návěsem a traktorem." />
  <e k="function_feeder" v="Míchací vůz slouží k míchání siláže, sena a slámy do Směsné krmné dávky (TMR – skládá se z 60 % základního krmiva a 40 % energetického krmiva), kterou lze krmit krávy." />
  <e k="function_feederBale" v="Tento stroj sbírá balíky slámy a používá je k pokrytí podlahy kravína slámou." />
  <e k="function_fertilizer" v="Rozhazovače hnojiva zlepšují úrodu na polích." />
  <e k="function_fillablePallet" v="Sazenice topolů. Naložte je na sázeč stromů." />
  <e k="function_forageWagon" v="Senážní vozy sbírají trávu, seno nebo slámu. Lze jej také naplnit řezankou." />
  <e k="function_forestryCutter" v="Tento stroj dokáže porážet stromy." />
  <e k="function_forestryPlanter" v="Tento stroj sází nové stromy. Palety se sazenicemi stromů, kterými tento sázeč naplníte, lze koupit v obchodě." />
  <e k="function_forestryTransport" v="Tento vůz slouží k přepravě klád." />
  <e k="function_forestryTreeLimit" v="Poznámka: Velmi velké stromy nelze zpracovat" />
  <e k="function_forestryWoodCrusher" v="Tento stroj štípe klády na štěpku." />
  <e k="function_frontloader" v="Čelní nakladače slouží ke stohování a nakládání různého zboží. Pozor: Čelní nakladače lze připojit jen k určitým traktorům." />
  <e k="function_greenHouse" v="Produkuje zeleninu, která se automaticky prodává za účelem zisku." />
  <e k="function_harvestingPotato" v="Tento sklízeč vykope brambory ze země. Pamatuj však, že před použitím tohoto stroje je nutné použít odstraňovač natě." />
  <e k="function_harvestingSelfPropelledPotato" v="Tento samohybný sklízeč sesbírá brambory na jeden zátah." />
  <e k="function_harvestingSelfPropelledSugarbeet" v="Tento samohybný sklízeč sesbírá cukrovou řepu na jeden zátah." />
  <e k="function_harvestingSugarbeet" v="Tento sklízeč vykope cukrovou řepu ze země. Pamatuj však, že před použitím tohoto stroje je nutné použít odstraňovač natě." />
  <e k="function_haulmTopperPotato" v="Než bude možné sklidit brambory, je třeba ořezat zelenou část rostlin odstraňovačem natě, jako je tento." />
  <e k="function_haulmTopperSugarbeet" v="Než bude možné sklidit cukrovou řepu, je třeba ořezat zelenou část rostlin odstraňovačem natě, jako je tento." />
  <e k="function_hayStorage" v="Prostor pro ukládání sena a slámy." />
  <e k="function_heatingPlant" v="Vyložení štěpky v této prodejní stanici vytváří teplo a přináší ti peníze." />
  <e k="function_highPressureWasher" v="Tímto strojem lze čistit špinavá vozidla a nástroje." />
  <e k="function_leveler" v="Rovnačky slouží k přesunu řezanky a siláže a zarovnávání hromad v silech." />
  <e k="function_liquidFertilizerTank" v="Nádrže na tekuté hnojivo slouží k doplnění rozstřikovačů." />
  <e k="function_livestockTrailer" v="Tento přívěs slouží k přepravě zvířat." />
  <e k="function_loadingVehicle" v="Tento stroj sbírá cukrovou řepu ze země a přesouvá ji na vlečku." />
  <e k="function_lowLoader" v="Tímto přívěsem lze přepravovat ostatní vozidla." />
  <e k="function_manureSpreader" v="Rozhazovače mrvy zlepšují úrodu na polích." />
  <e k="function_mower" v="Sekačky slouží k sekání trávy." />
  <e k="function_palletPacker" v="Naplněním tohoto stroje bramborami nebo cukrovou řepou vytvoříš úhledně zabalené palety, které lze prodat." />
  <e k="function_placeableChipper" v="Veškeré klády, které do tohoto stroje vložíš, se přemění na dřevní štěpku, která je pak okamžitě prodána na pilu." />
  <e k="function_plough" v="Pomocí pluhu lze připravovat pole na další osetí a vytvářet pole nová." />
  <e k="function_powerGenerator" v="Produkuje energii, která se automaticky prodává za účelem zisku." />
  <e k="function_reverseDriveControl" v="Toto vozidlo je vybaveno řízením zpětného chodu." />
  <e k="function_roller" v="Pomocí tohoto stroje lze obnovit původní stav půdy (odstranit pole)." />
  <e k="function_saplingPallet" v="Tato paleta sazenic slouží k plnění sázeče stromů." />
  <e k="function_semiTrailer" v="Návěsy lze připojit pomocí dolly podvozku." />
  <e k="function_siloExtension" v="Zvyšuje skladovací kapacitu tvých sil. Vyžaduje umístění v blízkosti sil na tvé farmě." />
  <e k="function_skidsteer" v="Smykové nakladače slouží ke stohování a nakládání různého zboží." />
  <e k="function_slurryContainer" v="Polní kontejnery slouží jako přechodné skladiště močůvky." />
  <e k="function_slurrySpreader" v="Rozhazovače močůvky zlepšují úrodu na polích." />
  <e k="function_sowingMachine" v="Secí stroje slouží k obdělávání polí." />
  <e k="function_sowingMachineDirect" v="Navíc tento stroj nabízí možnost přímého setí (bez nutnosti předchozího obdělání nebo orání)." />
  <e k="function_sprayer" v="Rozprašovače zvyšují konečný objem sklizně z polí." />
  <e k="function_sprayerTank" v="Dodatečné nádrže zvyšují kapacitu rozprašovačů." />
  <e k="function_stumpCutter" v="Tento stroj řeže pařezy stromů." />
  <e k="function_tank" v="Cisterny slouží k přepravě kapalin." />
  <e k="function_tedder" v="Obracečky slouží k obracení trávy, což umožňuje její rychlejší schnutí." />
  <e k="function_telehandler" v="Teleskopické manipulátory slouží ke stohování a nakládání různého zboží." />
  <e k="function_tipper" v="Sklápěče/vlečky slouží k přepravě sklizně." />
  <e k="function_tractor" v="K tažení vleček a nástrojů jsou vyžadovány traktory." />
  <e k="function_tractorFrontloader" v="Na tento traktor lze připojit také čelní nakladač." />
  <e k="function_treeSaw" v="Pila na dřevo slouží ke kácení stromů." />
  <e k="function_truck" v="K tahači můžeš připojit polopřívěsy." />
  <e k="function_waterTower" v="Vodojem může dodávat čerstvou vodu do tvých vodních nádrží." />
  <e k="function_weeder" v="Plečky trhají plevel rostoucí mezi málo vzrostlými plodinami a zlepšují tak stav pole. Lze je použít pouze v první fázi růstu plodin." />
  <e k="function_weight" v="Závaží napomáhá udržet kola traktoru na zemi a zlepšuje jeho stabilitu." />
  <e k="function_wheelLoader" v="Lžíci kolového nakladače lze použít k přepravě různého zboží." />
  <e k="function_windrower" v="Řádkovače rovnají trávu, seno nebo slámu do řádků, které lze poté nabrat pomocí senážních vozů nebo lisů na balíky." />
  <e k="function_workshop" v="Tato dílna umožňuje vytvoření místa kdekoliv na mapě, kde následně můžeš upravovat své stroje bez nutnosti využít placeného mechanika." />
  <e k="shopItem_ashTree" v="Jasan" />
  <e k="shopItem_beehive" v="Včelín" />
  <e k="shopItem_bigBagFertilizer" v="Pytel s pevným hnojivem" />
  <e k="shopItem_bigBagPigFood" v="Pytel s prasečím krmivem" />
  <e k="shopItem_bigBagSeeds" v="Pytel s osivem" />
  <e k="shopItem_birchTree" v="Bříza" />
  <e k="shopItem_chicken" v="Slepice" />
  <e k="shopItem_cow" v="Kráva" />
  <e k="shopItem_firTree" v="Jedle" />
  <e k="shopItem_flieglSemitrailer" v="Podvalník" />
  <e k="shopItem_flieglTimberRunner" v="Přepravník dřeva" />
  <e k="shopItem_frontloaderBaleFork" v="Hroty na balíky" />
  <e k="shopItem_frontloaderBaleGrab" v="Kleště na zabalené balíky" />
  <e k="shopItem_frontloaderLogFork" v="Vidlice na klády" />
  <e k="shopItem_frontloaderManureFork" v="Vidle na hnůj" />
  <e k="shopItem_frontloaderManureGrabFork" v="Vidlicové kleště" />
  <e k="shopItem_frontloaderPalletFork" v="Paletizační vidle" />
  <e k="shopItem_frontloaderRoundBaleFork" v="Paletové vidle na balíky" />
  <e k="shopItem_frontloaderShovel" v="Univerzální lopata" />
  <e k="shopItem_frontloaderSilageCutter" v="Kráječ siláže" />
  <e k="shopItem_garantFieldContainer" v="Polní kontejner" />
  <e k="shopItem_garantTSA" v="TSA Přepravník močůvky" />
  <e k="shopItem_greenhouseLettuce" v="Skleník (hlávkový salát)" />
  <e k="shopItem_greenhouseTomatoes" v="Skleník (rajčata)" />
  <e k="shopItem_hayLoft" v="Seník" />
  <e k="shopItem_heatingPlant" v="Teplárna" />
  <e k="shopItem_highPressureWasher" v="Vysokotlaký čistič" />
  <e k="shopItem_kroneCutterTrailer" v="Vlečka na řezačku" />
  <e k="shopItem_liquidFertilizerTank" v="Nádrž na tekuté hnojivo" />
  <e k="shopItem_mapleTree" v="Javor" />
  <e k="shopItem_mobileFuelTank" v="Mobilní palivová nádrž" />
  <e k="shopItem_oakTree" v="Dub" />
  <e k="shopItem_palletSaplings" v="Paleta sazenic" />
  <e k="shopItem_palletSaplingsPoplar" v="Paleta sazenic topolů" />
  <e k="shopItem_picnicShelter01" v="Obd. piknikový stan" />
  <e k="shopItem_picnicShelter02" v="Kulatý piknikový stan" />
  <e k="shopItem_pig" v="Prase" />
  <e k="shopItem_poplarTree" v="Topol" />
  <e k="shopItem_sampoRosenlewC6Cutter" v="C6 řezačka" />
  <e k="shopItem_shack01" v="Malá bouda" />
  <e k="shopItem_shack02" v="Větší bouda" />
  <e k="shopItem_shack03" v="Kůlna" />
  <e k="shopItem_shack04" v="Užitková budova" />
  <e k="shopItem_sheep" v="Ovce" />
  <e k="shopItem_siloExtensionLarge" v="Velké rozšíření sila" />
  <e k="shopItem_siloExtensionSmall" v="Malé rozšíření sila" />
  <e k="shopItem_skidSteerBaleFork" v="Hrot na balíky" />
  <e k="shopItem_skidSteerLogFork" v="Vidlice na klády" />
  <e k="shopItem_skidSteerManureFork" v="Vidlice na mrvu" />
  <e k="shopItem_skidSteerPalletFork" v="Paletová vidlice" />
  <e k="shopItem_skidSteerShovel" v="Univerzální lžícový nakladač" />
  <e k="shopItem_skidSteerStumpCutter" v="Řezačka pařezů" />
  <e k="shopItem_solarCollector" v="Solární kolektor" />
  <e k="shopItem_storageShelter01" v="Velký sklad. přístřešek" />
  <e k="shopItem_storageShelter02" v="Malý sklad. přístřešek" />
  <e k="shopItem_telehandlerBaleFork" v="Vidlice na balíky" />
  <e k="shopItem_telehandlerBaleGrab" v="Kleště na balíky" />
  <e k="shopItem_telehandlerFork" v="Vidlice na palety" />
  <e k="shopItem_telehandlerLogFork" v="Vidlice na klády" />
  <e k="shopItem_telehandlerManureFork" v="Vidlice na mrvu" />
  <e k="shopItem_telehandlerShovel" v="Lžíce" />
  <e k="shopItem_vehicleShelter" v="Přístřešek pro vozidla" />
  <e k="shopItem_vehicleShelterLarge" v="Velká stříška pro vozy" />
  <e k="shopItem_vehicleShelterSmall" v="Malá stříška pro vozy" />
  <e k="shopItem_waterTower" v="Vodojem" />
  <e k="shopItem_waterTrailer" v="Mobilní vodní nádrž" />
  <e k="shopItem_wheelLoaderFork" v="Vidlice" />
  <e k="shopItem_wheelLoaderLogFork" v="Nakladač klád" />
  <e k="shopItem_wheelLoaderShovel" v="Lžícový nakladač" />
  <e k="shopItem_wheelLoaderSilageFork" v="Vidlice na siláž" />
  <e k="shopItem_windTurbine" v="Větrný konvertor" />
  <e k="shopItem_workshop" v="Autodílna" />
  <e k="shop_age" v="Dnů: %s" />
  <e k="shop_brand" v="Značka" />
  <e k="shop_capacity" v="Kapacita:" />
  <e k="shop_capacityValue" v="%s %s" />
  <e k="shop_category" v="Kategorie" />
  <e k="shop_combinations" v="Vhodné pro:" />
  <e k="shop_configuration" v="Konfigurace" />
  <e k="shop_configurationPriceBase" v="Základní cena" />
  <e k="shop_configurationPriceOptions" v="Úpravy" />
  <e k="shop_configurationPriceTotal" v="Celková cena" />
  <e k="shop_configurationTitle" v="Úpravy a vylepšení" />
  <e k="shop_costsBase" v="Základní náklady" />
  <e k="shop_costsPerDay" v="Za den" />
  <e k="shop_costsPerOperatingHour" v="Za hodinu provozu" />
  <e k="shop_doYouWantToBuy" v="Chceš si stroj koupit za %s?" />
  <e k="shop_doYouWantToLease" v="Chceš si stroj pronajmout za %s?" />
  <e k="shop_fee" v="Poplatek" />
  <e k="shop_fruitTypes" v="Druhy plodin" />
  <e k="shop_fuelValue" v="%d %s" />
  <e k="shop_income" v="Příjem:" />
  <e k="shop_incomeValue" v="%s/hod." />
  <e k="shop_initialCosts" v="Počáteční náklady" />
  <e k="shop_leasedItems" v="Pronajaté položky" />
  <e k="shop_maintenance" v="Údržba:" />
  <e k="shop_maintenanceValue" v="%s/den" />
  <e k="shop_maxPower" v="Max. výkon:" />
  <e k="shop_maxPowerValue" v="%s kW / %s koní" />
  <e k="shop_maxSpeed" v="%s %s" />
  <e k="shop_neededPower" v="Pož. výkon:" />
  <e k="shop_neededPowerValue" v="%s kW / %s koní" />
  <e k="shop_noConfigsAvailable" v="K dispozici nejsou žádná vylepšení!" />
  <e k="shop_noVehicles" v="K dispozici nejsou žádná vozidla!" />
  <e k="shop_operatingTime" v="%d.%d h" />
  <e k="shop_ownedItems" v="Vlastněné položky" />
  <e k="shop_saleRemaingHours" v="Výprodej končí za:" />
  <e k="shop_saleRemaingHoursValue" v="%d hod." />
  <e k="shop_transportationFee" v="Pokud zvířata nepřepravíš vlastním přívěsem, bude účtován poplatek za přepravu!" />
  <e k="shop_usage" v="Použití:" />
  <e k="shop_workingWidth" v="Pracovní šířka:" />
  <e k="shop_workingWidthValue" v="%s m" />
  <e k="shop_youLease" v="Pronajímáš si" />
  <e k="shop_youOwn" v="Již vlastníš" />
  <e k="typeDesc_augerWagon" v="vlečka s dopravníkem" />
  <e k="typeDesc_baleLoader" v="nakladač balíků" />
  <e k="typeDesc_baleTrailer" v="Vlečka na balíky" />
  <e k="typeDesc_baleWrapper" v="ovíječka balíků" />
  <e k="typeDesc_baler" v="lis na balíky" />
  <e k="typeDesc_belt" v="pás" />
  <e k="typeDesc_car" v="auto" />
  <e k="typeDesc_combine" v="kombajn" />
  <e k="typeDesc_cornCutter" v="kukuřičný adaptér" />
  <e k="typeDesc_cultivator" v="kultivátor" />
  <e k="typeDesc_cutter" v="řezačka" />
  <e k="typeDesc_cutterTrailer" v="vlečka na řezačku" />
  <e k="typeDesc_defoliator" v="defoliant" />
  <e k="typeDesc_fertilizerSpreader" v="rozprašovač hnojiva" />
  <e k="typeDesc_forageWagon" v="senážní vůz" />
  <e k="typeDesc_forwarder" v="vyvážecí traktor" />
  <e k="typeDesc_frontloader" v="čelní nakladač" />
  <e k="typeDesc_frontloaderTool" v="nástroj čelní nakladač" />
  <e k="typeDesc_greenhouse" v="skleník" />
  <e k="typeDesc_harvester" v="kombajn" />
  <e k="typeDesc_haulmTopper" v="odstraňovač natě" />
  <e k="typeDesc_highPressureWasher" v="Vysokotlaký čistič" />
  <e k="typeDesc_leveler" v="Rovnačka" />
  <e k="typeDesc_livestockTrailer" v="přívěs pro dobytek" />
  <e k="typeDesc_loaderVehicle" v="nakládací vozidlo" />
  <e k="typeDesc_lowLoader" v="Podvalník" />
  <e k="typeDesc_manureBarrel" v="cisterna na močůvku" />
  <e k="typeDesc_manureSpreader" v="rozhazovač mrvy" />
  <e k="typeDesc_mixerWagon" v="míchací vůz" />
  <e k="typeDesc_mower" v="sekačka" />
  <e k="typeDesc_pickup" v="přiháněč" />
  <e k="typeDesc_planter" v="sazečka" />
  <e k="typeDesc_plough" v="pluh" />
  <e k="typeDesc_plow" v="štít" />
  <e k="typeDesc_roller" v="Válcovačka" />
  <e k="typeDesc_skidSteerTool" v="nástroj smykový nakladač" />
  <e k="typeDesc_sowingMachine" v="secí stroj" />
  <e k="typeDesc_sprayer" v="rozstřikovač" />
  <e k="typeDesc_sprayerTank" v="dodatečná nádrž" />
  <e k="typeDesc_strawBlower" v="senomet" />
  <e k="typeDesc_stumpCutter" v="Řezačka pařezů" />
  <e k="typeDesc_tedder" v="obracečka sena" />
  <e k="typeDesc_telehandler" v="teleskopický manipulátor" />
  <e k="typeDesc_telehandlerTool" v="nástroj teleskopický manipulátor" />
  <e k="typeDesc_timberTrailer" v="Vyvážecí traktor" />
  <e k="typeDesc_tipper" v="sklápěcí vlečka" />
  <e k="typeDesc_tractor" v="traktor" />
  <e k="typeDesc_trailer" v="vlečka" />
  <e k="typeDesc_treePlanter" v="sázeč stromů" />
  <e k="typeDesc_treeSaw" v="pila na stromy" />
  <e k="typeDesc_truck" v="kamion" />
  <e k="typeDesc_waterTrailer" v="vlečka na vodu" />
  <e k="typeDesc_weeder" v="plečka" />
  <e k="typeDesc_weight" v="závaží" />
  <e k="typeDesc_wheelLoader" v="kolový nakladač" />
  <e k="typeDesc_wheelLoaderTool" v="nástroj kolový nakladač" />
  <e k="typeDesc_windrower" v="řádkovač" />
  <e k="typeDesc_woodCrusher" v="Drtič dřeva" />
  <e k="typeDesc_woodHarvester" v="harvestor" />
  <e k="unit_areaShort" v="ha" />
  <e k="unit_bale" v="balíky" />
  <e k="unit_decimalSymbol" v="," />
  <e k="unit_degreeCelsiusShort" v="°C" />
  <e k="unit_digitGroupingSymbol" v=" " />
  <e k="unit_dollar" v="dolarů" />
  <e k="unit_dollarShort" v="$" />
  <e k="unit_euro" v="Euro" />
  <e k="unit_euroShort" v="€" />
  <e k="unit_km" v="kilometrů" />
  <e k="unit_kmh" v="km/h" />
  <e k="unit_kw" v="kW/h" />
  <e k="unit_liter" v="litry" />
  <e k="unit_literShort" v="l" />
  <e k="unit_miles" v="mil" />
  <e k="unit_minutesShort" v="min." />
  <e k="unit_mph" v="mph" />
  <e k="unit_pieces" v="kusy" />
  <e k="unit_pound" v="liber" />
  <e k="unit_poundShort" v="£" />
  <e k="unit_timeShort" v="hh:mm" />
</l10n>