﻿<?xml version="1.0" encoding="utf-8"?>
<l10n>
  <e k="category_animals" v="Dieren" />
  <e k="category_augerWagons" v="Graanwagens " />
  <e k="category_baling" v="Technologie balen verpakken" />
  <e k="category_beetHarvesting" v="Bieten oogsten" />
  <e k="category_belts" v="Bandsysteem" />
  <e k="category_cars" v="Auto's " />
  <e k="category_chainsaws" v="Kettingzagen" />
  <e k="category_cultivators" v="Cultivator" />
  <e k="category_cutterTrailers" v="Maaiaanhangers" />
  <e k="category_cutters" v="Maaiers" />
  <e k="category_dollys" v="Dolly's" />
  <e k="category_feeding" v="Voedertechnologie" />
  <e k="category_fertilizerSpreaders" v="Kunstmeststrooier" />
  <e k="category_forageHarvesters" v="Veldhakselaars" />
  <e k="category_forageHarvestersCutters" v="Veldhakselaarmaaiers" />  <e k="category_forageHarvesterCutters" v="Veldhakselaarmaaiers" />
  <e k="category_frontLoaders" v="Voorladers" />
  <e k="category_harvesters" v="Oogstmachines" />
  <e k="category_leveler" v="Egaliseermachines" />
  <e k="category_loaderWagons" v="Laadwagens" />
  <e k="category_lowloaders" v="Diepladers" />
  <e k="category_manureSpreaders" v="Mestverspreiders" />
  <e k="category_misc" v="Diversen" />
  <e k="category_mowers" v="Maaiers" />
  <e k="category_pallets" v="Pallets" />
  <e k="category_placeables" v="Plaatsbare objecten" />
  <e k="category_plows" v="Ploegen" />
  <e k="category_potatoHarvesting" v="Aardappels rooien" />
  <e k="category_sales" v="Aanbiedingen" />
  <e k="category_skidSteers" v="Skidsteerladers" />
  <e k="category_slurryTanks" v="Drijfmesttanks" />
  <e k="category_sowingMachines" v="Zaaimachines" />
  <e k="category_sprayers" v="Sproeiers" />
  <e k="category_sugarCaneHarvesting" v="Suikerriet oogsten" />
  <e k="category_tedders" v="Schudders" />
  <e k="category_teleLoaders" v="Verreikers" />
  <e k="category_tippers" v="Kippers" />
  <e k="category_tractors" v="Tractoren" />
  <e k="category_trucks" v="Vrachtwagens" />
  <e k="category_weeders" v="Wiedmachines" />
  <e k="category_weights" v="Gewichten" />
  <e k="category_wheelLoaders" v="Wielladers" />
  <e k="category_windrowers" v="Windrowers" />
  <e k="category_wood" v="Bosbouwmachines" />
  <e k="configuration_attacherJoint" v="Koppelopties" />
  <e k="configuration_baseColor" v="Hoofdkleur" />
  <e k="configuration_design" v="Design" />
  <e k="configuration_designColor" v="Ontwerpkleur" />
  <e k="configuration_frontloaderAttacher" v="Voorladeroptie" />
  <e k="configuration_inputAttacher3Point" v="3-punts" />
  <e k="configuration_inputAttacherFrontLoader" v="Voorlader" />
  <e k="configuration_inputAttacherJoint" v="Koppeltype" />
  <e k="configuration_inputAttacherSkidSteer" v="Skidsteerlader" />
  <e k="configuration_inputAttacherTeleLoaders" v="Verreiker" />
  <e k="configuration_inputAttacherWheelLoader" v="Wiellader" />
  <e k="configuration_motorSetup" v="Motorconfiguratie" />
  <e k="configuration_rimColor" v="Velgkleur" />
  <e k="configuration_trailerAttacherBack" v="+ koppeloptie achter" />
  <e k="configuration_valueBaleTrailer" v="Balenconfiguratie" />
  <e k="configuration_valueColor" v="Ontwerp" />
  <e k="configuration_valueCrawler" v="Rupsband" />
  <e k="configuration_valueDefault" v="Standaard" />
  <e k="configuration_valueDesign01" v="Ontwerp 1" />
  <e k="configuration_valueDesign02" v="Ontwerp 2" />
  <e k="configuration_valueDesign03" v="Ontwerp 3" />
  <e k="configuration_valueDesign04" v="Ontwerp 4" />
  <e k="configuration_valueDesign05" v="Ontwerp 5" />
  <e k="configuration_valueDesign06" v="Ontwerp 6" />
  <e k="configuration_valueDesign07" v="Ontwerp 7" />
  <e k="configuration_valueDesign08" v="Ontwerp 8" />
  <e k="configuration_valueDesign09" v="Ontwerp 9" />
  <e k="configuration_valueForestry" v="Bosbouw" />
  <e k="configuration_valueGT1" v="Enkele racestreep" />
  <e k="configuration_valueGT2" v="Dubbele racestrepen" />
  <e k="configuration_valueNewHolland" v="New Holland" />
  <e k="configuration_valueStealth" v="Stealth" />
  <e k="configuration_valueTracks" v="Rupsband" />
  <e k="configuration_valueTripleWheelsAll" v="Drie wielen" />
  <e k="configuration_valueTwinWheelsAll" v="Dubbele wielen" />
  <e k="configuration_valueTwinWheelsBack" v="Dubbele achterwielen" />
  <e k="configuration_valueTwinWheelsFront" v="Dubbele voorwielen" />
  <e k="configuration_valueTwinWheelsNarrow" v="Smalle dubbele wielen" />
  <e k="configuration_valueVogelsangSynCut" v="Vogelsang SynCult" />
  <e k="configuration_valueWheelBroad" v="Brede banden" />
  <e k="configuration_valueWheelNarrow" v="Smalle banden" />
  <e k="configuration_valueWheelWeights" v="Wielgewichten" />
  <e k="configuration_valueWhite" v="Standaard" />
  <e k="configuration_valueWoodTrailer" v="Houtconfiguratie" />
  <e k="configuration_wheelSetup" v="Wielconfiguratie" />
  <e k="defaultSavegameName" v="Mijn savegame" />
  <e k="fillTypeGroup_base" v="Basisvoedsel" />
  <e k="fillTypeGroup_bulk" v="Basisvoedsel" />
  <e k="fillTypeGroup_earth" v="Aardvruchten" />
  <e k="fillTypeGroup_forage" v="Veevoer" />
  <e k="fillTypeGroup_grain" v="Graan" />
  <e k="fillTypeGroup_grass" v="Gras" />
  <e k="fillTypeGroup_power" v="Krachtvoer" />
  <e k="fillTypeGroup_protein" v="Proteïne" />
  <e k="fillTypeGroup_silage" v="Kuilvoer" />
  <e k="fillType_barley" v="Gerst" />
  <e k="fillType_chaff" v="Kaf" />
  <e k="fillType_digestate" v="Digestaat" />
  <e k="fillType_dryGrass" v="Hooi" />
  <e k="fillType_egg" v="Eieren" />
  <e k="fillType_fertilizer" v="Kunstmest" />
  <e k="fillType_forage" v="Compleet gemengd rantsoen" />
  <e k="fillType_forage_mixing" v="Veevoer" />
  <e k="fillType_fuel" v="Brandstof" />
  <e k="fillType_grass" v="Gras" />
  <e k="fillType_liquidFertilizer" v="Vloeibare kunstmest" />
  <e k="fillType_liquidManure" v="Drijfmest" />
  <e k="fillType_maize" v="Mais" />
  <e k="fillType_manure" v="Mest" />
  <e k="fillType_milk" v="Melk" />
  <e k="fillType_oilRadish" v="Bladrammenas" />
  <e k="fillType_pigFood" v="Varkensvoer" />
  <e k="fillType_pigFoodBase" v="Varkensvoer (basis)" />
  <e k="fillType_pigFoodEarth" v="Varkensvoer (aarde)" />
  <e k="fillType_pigFoodGrain" v="Varkensvoer (graan)" />
  <e k="fillType_pigFoodProtein" v="Varkensvoer (proteïne)" />
  <e k="fillType_poplar" v="Populier" />
  <e k="fillType_potato" v="Aardappels" />
  <e k="fillType_powerFood" v="Krachtvoer" />
  <e k="fillType_rape" v="Koolzaad" />
  <e k="fillType_roundBale" v="Ronde baal" />
  <e k="fillType_roundBaleBarley" v="Ronde strobaal (gerst)" />
  <e k="fillType_roundBaleDryGrass" v="Ronde hooibaal" />
  <e k="fillType_roundBaleGrass" v="Ronde grasbaal" />
  <e k="fillType_roundBaleSilage" v="Ronde kuilvoerbaal" />
  <e k="fillType_roundBaleWheat" v="Ronde strobaal (tarwe)" />
  <e k="fillType_seeds" v="Zaden" />
  <e k="fillType_silage" v="Kuilvoer" />
  <e k="fillType_soybean" v="Sojabonen" />
  <e k="fillType_squareBale" v="Vierkante baal" />
  <e k="fillType_squareBaleBarley" v="Vierkante strobaal (gerst)" />
  <e k="fillType_squareBaleDryGrass" v="Vierkante hooibaal" />
  <e k="fillType_squareBaleGrass" v="Vierkante grasbaal" />
  <e k="fillType_squareBaleSilage" v="Vierkante kuilvoerbaal" />
  <e k="fillType_squareBaleWheat" v="Vierkante strobaal (tarwe)" />
  <e k="fillType_straw" v="Stro" />
  <e k="fillType_sugarBeet" v="Suikerbieten" />
  <e k="fillType_sugarCane" v="Suikerriet" />
  <e k="fillType_sunflower" v="Zonnebloemen" />
  <e k="fillType_tarp" v="Tarp" />
  <e k="fillType_treeSaplings" v="Boomzaailingen" />
  <e k="fillType_water" v="Water" />
  <e k="fillType_wheat" v="Tarwe" />
  <e k="fillType_woodChips" v="Houtchips" />
  <e k="fillType_wool" v="Wol" />
  <e k="function_augerWagon" v="Graanwagens (graankarren) zijn aanhangers, die hun eigen schroeftransporteur hebben. Je kunt ze gebruiken om gewassen op te slaan en direct naar andere aanhangers over te laden." />
  <e k="function_baleStacker" v="Een balenverzamelaar maakt het verzamelen van balen gemakkelijker." />
  <e k="function_baleTrailer" v="Een balenaanhanger wordt gebruikt om de balen te vervoeren." />
  <e k="function_baleWrapper" v="Een baalwikkelaar verpakt grasbalen in folie zodat ze kunnen gisten tot kuilvoer." />
  <e k="function_baler" v="Een balenpers wikkelt stro, gras of hooi in handige balen." />
  <e k="function_beehive" v="Produceert honing die automatisch wordt verkocht voor geld." />
  <e k="function_beltSystem" v="Transportbanden zijn een alternatieve manier om je aanhangers vol te laden." />
  <e k="function_beltSystemConnection" v="Transportbanden zijn een alternatieve manier om je aanhangers vol te laden." />
  <e k="function_beltSystemStart" v="Deze lopende band vervoert materiaal vanaf de grond tot op de volgende transportband." />
  <e k="function_bigBagFertilizer" v="BigBags worden gebruikt om je kunstmeststrooiers bij te vullen." />
  <e k="function_bigBagPigFood" v="Perfect uitgebalanceerde brokken om je varkens te voeren." />
  <e k="function_bigBagSeeds" v="BigBags worden gebruikt om je zaaimachines bij te vullen." />
  <e k="function_car" v="Door een auto te besturen kun je snel van A naar B reizen." />
  <e k="function_chainsaw" v="Met een kettingzaag kun je bomen kappen." />
  <e k="function_combine" v="Oogstmachines oogsten de aangegeven fruittypes." />
  <e k="function_combineForage" v="Veldhakselaars verwerken de weergegeven fruitsoorten." />
  <e k="function_combineNeedsCutter" v="Een geschikte maaier is nodig om een oogstmachine te laten werken." />
  <e k="function_combineNeedsForageCutter" v="Een geschikte maaier is nodig om een veldhakselaar te laten werken." />
  <e k="function_cultivator" v="Een cultivator prepareert velden voor de volgende zaaiing." />
  <e k="function_cutter" v="Maaiers worden bevestigd aan oogstmachines." />
  <e k="function_cutterForage" v="Maaiers worden bevestigd aan veldhakselaars." />
  <e k="function_cutterTrailer" v="Maaiaanhangers vervoeren de maaiers veilig over de weg." />
  <e k="function_decoration" v="Decoratie" />
  <e k="function_dolly" v="Een dolly dient als een verbindingsstuk tussen een oplegger en een tractor." />
  <e k="function_feeder" v="Een veevoermixerwagen mengt kuilvoer, hooi en strobalen samen tot een compleet gemengd rantsoen (CGR, bestaande uit 60% basisvoedsel en 40% krachtvoer) dat aan koeien gevoerd kan worden." />
  <e k="function_feederBale" v="Deze machine pakt strobalen op en gebruikt deze om de vloer van een koeienstal mee te bedekken." />
  <e k="function_fertilizer" v="Mestsproeiers verbeteren de oogst op je velden." />
  <e k="function_fillablePallet" v="Zaailing voor populieren. Laad hem op een boomplanter." />
  <e k="function_forageWagon" v="Een veevoerwagen verzamelt het gras, hooi of stro. Ook kan het worden gevuld met kaf." />
  <e k="function_forestryCutter" v="Deze machine kan bomen kappen." />
  <e k="function_forestryPlanter" v="Deze machine plant nieuwe bomen in de grond. Je kunt pallets met zaailingen kopen bij de winkel om deze planter te vullen." />
  <e k="function_forestryTransport" v="Dit voertuig kan boomstammen transporteren." />
  <e k="function_forestryTreeLimit" v="Let op: hele grote bomen kunnen niet worden verwerkt." />
  <e k="function_forestryWoodCrusher" v="Deze machine hakt stammen in houtsnippers." />
  <e k="function_frontloader" v="Shovels worden gebruikt om diverse goederen te laden en te stapelen. Let op: alleen specifieke tractoren kunnen voorladers aankoppelen." />
  <e k="function_greenHouse" v="Produceert groente die automatisch wordt verkocht voor geld." />
  <e k="function_harvestingPotato" v="De oogstmachine graaft de aardappelen uit de grond. Onthoud dat de loofklapper eerst moet worden gebruikt voordat dit kan gebeuren." />
  <e k="function_harvestingSelfPropelledPotato" v="De zelfrijdende oogstmachine verzamelt de aardappelen in één keer. " />
  <e k="function_harvestingSelfPropelledSugarbeet" v="De zelfrijdende oogstmachine verzamelt suikerbieten in één keer. " />
  <e k="function_harvestingSugarbeet" v="De oogstmachine graaft de suikerbieten uit de grond. Onthoud dat de loofklapper eerst moet worden gebruikt voordat dit kan gebeuren." />
  <e k="function_haulmTopperPotato" v="Voordat aardappelen kunnen worden geoogst, dient eerst het blad te worden verwijderd met een loofklapper zoals deze." />
  <e k="function_haulmTopperSugarbeet" v="Voordat suikerbieten kunnen worden geoogst, dient eerst het blad te worden verwijderd met een loofklapper zoals deze." />
  <e k="function_hayStorage" v="Opslagruimte voor hooi en stro." />
  <e k="function_heatingPlant" v="Houtsnippers afleveren bij dit verkoopstation produceert warmte en levert je geld op." />
  <e k="function_highPressureWasher" v="Met deze machine kun je vieze voertuigen en werktuigen schoonmaken." />
  <e k="function_leveler" v="Egaliseermachines worden gebruikt om haksel en kuilvoer te verplaatsen en de hopen in de silo's te egaliseren." />
  <e k="function_liquidFertilizerTank" v="Met tanks vloeibare kunstmest worden je sproeiers bijgevuld." />
  <e k="function_livestockTrailer" v="Deze aanhanger wordt gebruikt om dieren te vervoeren." />
  <e k="function_loadingVehicle" v="Deze machine kan suikerbieten uit de grond halen en ze in een aanhanger kiepen." />
  <e k="function_lowLoader" v="Deze aanhanger kan andere voertuigen transporteren." />
  <e k="function_manureSpreader" v="Mestverspreiders verbeteren de  oogst van je velden." />
  <e k="function_mower" v="Maaiers maaien gras." />
  <e k="function_palletPacker" v="Als je aardappelen of suikerbieten in deze machine laadt, krijg je netjes verpakte pallets die je kunt verkopen." />
  <e k="function_placeableChipper" v="De boomstammen die je in deze machine stopt, worden omgezet in houtsnippers die onmiddellijk worden verkocht aan de zagerij." />
  <e k="function_plough" v="Met een ploeg kun je velden prepareren voor de volgende zaaiing en nieuwe velden creëren." />
  <e k="function_powerGenerator" v="Produceert stroom die automatisch wordt verkocht voor geld." />
  <e k="function_reverseDriveControl" v="Dit voertuig heeft een achteruitrijbesturing." />
  <e k="function_roller" v="Met deze machine kun je terrein herstellen in de oorspronkelijke staat (velden verwijderen)." />
  <e k="function_saplingPallet" v="Dit pallet met jonge boompjes wordt gebruikt om de boomplanter te vullen." />
  <e k="function_semiTrailer" v="Opleggers kunnen worden bevestigd door middel van een dolly." />
  <e k="function_siloExtension" v="Vergroot de opslagcapaciteit van je silo's. Moet naast je boerderijsilo's worden geplaatst." />
  <e k="function_skidsteer" v="Skidsteerladers worden gebruikt om diverse goederen te stapelen en te laden." />
  <e k="function_slurryContainer" v="Een veldcontainer wordt gebruikt als tijdelijke opslag voor drijfmest." />
  <e k="function_slurrySpreader" v="Drijfmestsproeiers verbeteren de oogst van je velden." />
  <e k="function_sowingMachine" v="Met een zaaimachine kun je velden bebouwen." />
  <e k="function_sowingMachineDirect" v="Deze machine biedt bovendien de mogelijkheid om direct te zaaien (hierbij is het niet nodig om de grond vooraf te bewerken of om te ploegen). " />
  <e k="function_sprayer" v="Sproeiers vergroten de oogstopbrengst van velden." />
  <e k="function_sprayerTank" v="Extra tanks vergroten de capaciteit van sproeiers." />
  <e k="function_stumpCutter" v="Deze machine hakt boomstronken." />
  <e k="function_tank" v="Tanks vervoeren vloeistoffen." />
  <e k="function_tedder" v="Een schudder draait het gras rond, zodat het sneller kan drogen." />
  <e k="function_telehandler" v="Verreikers worden gebruikt voor het stapelen en laden van verschillende goederen." />
  <e k="function_tipper" v="Kippers/aanhangwagens worden gebruikt om de oogst te transporteren." />
  <e k="function_tractor" v="Tractoren zijn noodzakelijk om aanhangers en gereedschap te trekken." />
  <e k="function_tractorFrontloader" v="Deze tractor kan ook een voorlader aankoppelen." />
  <e k="function_treeSaw" v="Met een boomzaag kun je bomen omzagen." />
  <e k="function_truck" v="Een vrachtwagen kan opleggers aankoppelen." />
  <e k="function_waterTower" v="De watertoren kan je watertanks van vers water voorzien." />
  <e k="function_weeder" v="Wiedmachines verwijderen het onkruid tussen jonge gewassen, waardoor het veld verbetert. Je kunt ze alleen gebruiken in de eerste groeifasen van een gewas." />
  <e k="function_weight" v="Een contragewicht houdt de wielen van een tractor op de grond en verbetert zijn balans." />
  <e k="function_wheelLoader" v="Een wielladershovel kan worden gebruikt om verschillende goederen mee te vervoeren." />
  <e k="function_windrower" v="Een windrower ordent gras, hooi of stro in rijen (zwaden), die vervolgens kunnen worden opgeschept door veevoerwagens of baalpersen." />
  <e k="function_workshop" v="Met deze werkplaats creëer je een willekeurige plek op de kaart om je machines aan te passen, zonder dat je een monteur hoeft in te huren." />
  <e k="shopItem_ashTree" v="Es" />
  <e k="shopItem_beehive" v="Bijenkorf" />
  <e k="shopItem_bigBagFertilizer" v="BigBag vaste mest" />
  <e k="shopItem_bigBagPigFood" v="BigBag varkensvoer" />
  <e k="shopItem_bigBagSeeds" v="BigBag zaden" />
  <e k="shopItem_birchTree" v="Berk" />
  <e k="shopItem_chicken" v="Kip" />
  <e k="shopItem_cow" v="Koe" />
  <e k="shopItem_firTree" v="Spar" />
  <e k="shopItem_flieglSemitrailer" v="Laaglader" />
  <e k="shopItem_flieglTimberRunner" v="Houttransporteur" />
  <e k="shopItem_frontloaderBaleFork" v="Balenspies" />
  <e k="shopItem_frontloaderBaleGrab" v="Foliebalenklem" />
  <e k="shopItem_frontloaderLogFork" v="Boomstammenvork" />
  <e k="shopItem_frontloaderManureFork" v="Mestriek" />
  <e k="shopItem_frontloaderManureGrabFork" v="Mestvork met klem" />
  <e k="shopItem_frontloaderPalletFork" v="Palletvork" />
  <e k="shopItem_frontloaderRoundBaleFork" v="Ronde foliebalenvork" />
  <e k="shopItem_frontloaderShovel" v="Universele bak" />
  <e k="shopItem_frontloaderSilageCutter" v="Kuilhapper" />
  <e k="shopItem_garantFieldContainer" v="Veldcontainer" />
  <e k="shopItem_garantTSA" v="TSA Drijfmesttransporteur" />
  <e k="shopItem_greenhouseLettuce" v="Broeikas (sla)" />
  <e k="shopItem_greenhouseTomatoes" v="Broeikas (tomaten)" />
  <e k="shopItem_hayLoft" v="Hooizolder" />
  <e k="shopItem_heatingPlant" v="Verwarmingsinstallatie" />
  <e k="shopItem_highPressureWasher" v="Hogedrukreiniger" />
  <e k="shopItem_kroneCutterTrailer" v="Maaiaanhanger" />
  <e k="shopItem_liquidFertilizerTank" v="Tank vloeibare kunstmest" />
  <e k="shopItem_mapleTree" v="Ahorn" />
  <e k="shopItem_mobileFuelTank" v="Mobiele brandstoftank" />
  <e k="shopItem_oakTree" v="Eik" />
  <e k="shopItem_palletSaplings" v="Pallet kiemplanten" />
  <e k="shopItem_palletSaplingsPoplar" v="Populierenzaailingen" />
  <e k="shopItem_picnicShelter01" v="R. picknickplaats" />
  <e k="shopItem_picnicShelter02" v="Ronde picknickplaats" />
  <e k="shopItem_pig" v="Varken" />
  <e k="shopItem_poplarTree" v="Populier" />
  <e k="shopItem_sampoRosenlewC6Cutter" v="C6 Header" />
  <e k="shopItem_shack01" v="Schuurtje" />
  <e k="shopItem_shack02" v="Verhoogd schuurtje" />
  <e k="shopItem_shack03" v="Schuur" />
  <e k="shopItem_shack04" v="Utiliteitsgebouw" />
  <e k="shopItem_sheep" v="Schaap" />
  <e k="shopItem_siloExtensionLarge" v="Grote siloaanbouw" />
  <e k="shopItem_siloExtensionSmall" v="Kleine siloaanbouw" />
  <e k="shopItem_skidSteerBaleFork" v="Balenprikker" />
  <e k="shopItem_skidSteerLogFork" v="Boomstammenvork" />
  <e k="shopItem_skidSteerManureFork" v="Mestvork" />
  <e k="shopItem_skidSteerPalletFork" v="Palletvork" />
  <e k="shopItem_skidSteerShovel" v="Universele emmer" />
  <e k="shopItem_skidSteerStumpCutter" v="Stobbenfrees" />
  <e k="shopItem_solarCollector" v="Zonnecollector" />
  <e k="shopItem_storageShelter01" v="Grote opslagruimte" />
  <e k="shopItem_storageShelter02" v="Kleine opslagruimte" />
  <e k="shopItem_telehandlerBaleFork" v="Balenvork" />
  <e k="shopItem_telehandlerBaleGrab" v="Balengrijper" />
  <e k="shopItem_telehandlerFork" v="Vork" />
  <e k="shopItem_telehandlerLogFork" v="Boomstammenvork" />
  <e k="shopItem_telehandlerManureFork" v="Mestvork" />
  <e k="shopItem_telehandlerShovel" v="Shovel" />
  <e k="shopItem_vehicleShelter" v="Voertuighok" />
  <e k="shopItem_vehicleShelterLarge" v="Groot voertuighok" />
  <e k="shopItem_vehicleShelterSmall" v="Klein voertuighok" />
  <e k="shopItem_waterTower" v="Watertoren" />
  <e k="shopItem_waterTrailer" v="Mobiele watertank" />
  <e k="shopItem_wheelLoaderFork" v="Vork" />
  <e k="shopItem_wheelLoaderLogFork" v="Boomstammenvork" />
  <e k="shopItem_wheelLoaderShovel" v="Shovel" />
  <e k="shopItem_wheelLoaderSilageFork" v="Kuilvoervork" />
  <e k="shopItem_windTurbine" v="Windenergieconvertor" />
  <e k="shopItem_workshop" v="Voertuigwerkplaats" />
  <e k="shop_age" v="%s dagen" />
  <e k="shop_brand" v="Merken" />
  <e k="shop_capacity" v="Capaciteit:" />
  <e k="shop_capacityValue" v="%s %s" />
  <e k="shop_category" v="Categorie" />
  <e k="shop_combinations" v="Geschikt voor:" />
  <e k="shop_configuration" v="Configuratie" />
  <e k="shop_configurationPriceBase" v="Basisprijs" />
  <e k="shop_configurationPriceOptions" v="Opties" />
  <e k="shop_configurationPriceTotal" v="Totale prijs" />
  <e k="shop_configurationTitle" v="Opties en upgrades" />
  <e k="shop_costsBase" v="Basiskosten" />
  <e k="shop_costsPerDay" v="Per dag" />
  <e k="shop_costsPerOperatingHour" v="Per werkuur" />
  <e k="shop_doYouWantToBuy" v="Wil je dit kopen voor %s?" />
  <e k="shop_doYouWantToLease" v="Wil je dit huren voor %s?" />
  <e k="shop_fee" v="Bedrag" />
  <e k="shop_fruitTypes" v="Typen fruit" />
  <e k="shop_fuelValue" v="%d %s" />
  <e k="shop_income" v="Inkomen:" />
  <e k="shop_incomeValue" v="%s/uur" />
  <e k="shop_initialCosts" v="Startkosten" />
  <e k="shop_leasedItems" v="Gehuurde artikelen" />
  <e k="shop_maintenance" v="Onderhoud:" />
  <e k="shop_maintenanceValue" v="%s/dag" />
  <e k="shop_maxPower" v="Max. Vermogen:" />
  <e k="shop_maxPowerValue" v="%s kW/%s hp" />
  <e k="shop_maxSpeed" v="%s %s" />
  <e k="shop_neededPower" v="Vereist vermogen:" />
  <e k="shop_neededPowerValue" v="%s kW/%s hp" />
  <e k="shop_noConfigsAvailable" v="Geen upgrades beschikbaar!" />
  <e k="shop_noVehicles" v="Geen voertuigen beschikbaar!" />
  <e k="shop_operatingTime" v="%d.%d uur" />
  <e k="shop_ownedItems" v="Artikelen in bezit" />
  <e k="shop_saleRemaingHours" v="Verkoop eindigt in:" />
  <e k="shop_saleRemaingHoursValue" v="%d uur" />
  <e k="shop_transportationFee" v="Je moet transportkosten betalen als je de dieren niet met je eigen veetrailer vervoert!" />
  <e k="shop_usage" v="Gebruik:" />
  <e k="shop_workingWidth" v="Werkbreedte:" />
  <e k="shop_workingWidthValue" v="%s m" />
  <e k="shop_youLease" v="Je huurt" />
  <e k="shop_youOwn" v="Je bezit" />
  <e k="typeDesc_augerWagon" v="Graankar" />
  <e k="typeDesc_baleLoader" v="Balenlader" />
  <e k="typeDesc_baleTrailer" v="Balenaanhanger" />
  <e k="typeDesc_baleWrapper" v="Baalwikkelaar" />
  <e k="typeDesc_baler" v="Balenpers" />
  <e k="typeDesc_belt" v="Lopende band" />
  <e k="typeDesc_car" v="Auto" />
  <e k="typeDesc_combine" v="Maaidorser" />
  <e k="typeDesc_cornCutter" v="Maisplukker" />
  <e k="typeDesc_cultivator" v="Cultivator" />
  <e k="typeDesc_cutter" v="Maaier" />
  <e k="typeDesc_cutterTrailer" v="Maaiaanhanger" />
  <e k="typeDesc_defoliator" v="Ontbladeraar" />
  <e k="typeDesc_fertilizerSpreader" v="Kunstmeststrooier" />
  <e k="typeDesc_forageWagon" v="Veevoerwagen" />
  <e k="typeDesc_forwarder" v="Forwarder" />
  <e k="typeDesc_frontloader" v="Voorlader" />
  <e k="typeDesc_frontloaderTool" v="Voorladerhulpstuk" />
  <e k="typeDesc_greenhouse" v="Broeikas" />
  <e k="typeDesc_harvester" v="Oogstmachine" />
  <e k="typeDesc_haulmTopper" v="Loofklapper" />
  <e k="typeDesc_highPressureWasher" v="Hogedrukreiniger" />
  <e k="typeDesc_leveler" v="Egaliseermachine" />
  <e k="typeDesc_livestockTrailer" v="Veetrailer" />
  <e k="typeDesc_loaderVehicle" v="Voertuig laden" />
  <e k="typeDesc_lowLoader" v="Dieplader" />
  <e k="typeDesc_manureBarrel" v="Drijfmesttank" />
  <e k="typeDesc_manureSpreader" v="Mestverspreider" />
  <e k="typeDesc_mixerWagon" v="Mengvoerwagen" />
  <e k="typeDesc_mower" v="Maaier" />
  <e k="typeDesc_pickup" v="Grasopraapwagen" />
  <e k="typeDesc_planter" v="Pootmachine" />
  <e k="typeDesc_plough" v="Ploeg" />
  <e k="typeDesc_plow" v="Schild" />
  <e k="typeDesc_roller" v="Wals" />
  <e k="typeDesc_skidSteerTool" v="Skidsteergereedschap" />
  <e k="typeDesc_sowingMachine" v="Zaaimachine" />
  <e k="typeDesc_sprayer" v="Sproeier" />
  <e k="typeDesc_sprayerTank" v="Extra tank" />
  <e k="typeDesc_strawBlower" v="Stroblazer" />
  <e k="typeDesc_stumpCutter" v="Stobbenfrees" />
  <e k="typeDesc_tedder" v="Schudder" />
  <e k="typeDesc_telehandler" v="Verreiker" />
  <e k="typeDesc_telehandlerTool" v="Verreikergereedschap" />
  <e k="typeDesc_timberTrailer" v="Houtdoorstuurserver" />
  <e k="typeDesc_tipper" v="Kipper" />
  <e k="typeDesc_tractor" v="Tractor" />
  <e k="typeDesc_trailer" v="Aanhanger" />
  <e k="typeDesc_treePlanter" v="Boomplanter" />
  <e k="typeDesc_treeSaw" v="Boomzaag" />
  <e k="typeDesc_truck" v="Vrachtwagen" />
  <e k="typeDesc_waterTrailer" v="Mobiele watertank" />
  <e k="typeDesc_weeder" v="Wiedmachine" />
  <e k="typeDesc_weight" v="Gewicht" />
  <e k="typeDesc_wheelLoader" v="Wiellader" />
  <e k="typeDesc_wheelLoaderTool" v="Wielladergereedschap" />
  <e k="typeDesc_windrower" v="Windrower" />
  <e k="typeDesc_woodCrusher" v="Houtverpulveraar" />
  <e k="typeDesc_woodHarvester" v="Houtoogster" />
  <e k="unit_areaShort" v="ha" />
  <e k="unit_bale" v="balen" />
  <e k="unit_decimalSymbol" v="," />
  <e k="unit_degreeCelsiusShort" v="°C" />
  <e k="unit_digitGroupingSymbol" v="." />
  <e k="unit_dollar" v="Dollar" />
  <e k="unit_dollarShort" v="$" />
  <e k="unit_euro" v="Euro" />
  <e k="unit_euroShort" v="€" />
  <e k="unit_km" v="Kilometers" />
  <e k="unit_kmh" v="km/u" />
  <e k="unit_kw" v="kWh" />
  <e k="unit_liter" v="liter" />
  <e k="unit_literShort" v="l" />
  <e k="unit_miles" v="Mijlen" />
  <e k="unit_minutesShort" v="min." />
  <e k="unit_mph" v="mph" />
  <e k="unit_pieces" v="stukken" />
  <e k="unit_pound" v="Pond" />
  <e k="unit_poundShort" v="£" />
  <e k="unit_timeShort" v="hh:mm" />
</l10n>