﻿<?xml version="1.0" encoding="utf-8"?>
<l10n>
  <e k="category_animals" v="Animale" />
  <e k="category_augerWagons" v="Remorci cu șnec" />
  <e k="category_baling" v="Tehnologie de balotat" />
  <e k="category_beetHarvesting" v="Recoltarea sfeclelor" />
  <e k="category_belts" v="Sistem de curele" />
  <e k="category_cars" v="Mașini" />
  <e k="category_chainsaws" v="Ferăstraie" />
  <e k="category_cultivators" v="Cultivatori" />
  <e k="category_cutterTrailers" v="Remorci pentru aparatele de tăiere" />
  <e k="category_cutters" v="Aparate de tăiere" />
  <e k="category_dollys" v="Șasiuri" />
  <e k="category_feeding" v="Tehnologie de hrănire" />
  <e k="category_fertilizerSpreaders" v="Distribuitoare de fertilizator" />
  <e k="category_forageHarvesters" v="Mașini de recoltat furaj" />
  <e k="category_forageHarvestersCutters" v="Tăietoare mașină de recoltat furaj" />  <e k="category_forageHarvesterCutters" v="Tăietoare mașină de recoltat furaj" />
  <e k="category_frontLoaders" v="Încărcătoare frontale" />
  <e k="category_harvesters" v="Mașini de recoltat" />
  <e k="category_leveler" v="Nivelatoare" />
  <e k="category_loaderWagons" v="Remorci de încărcare" />
  <e k="category_lowloaders" v="Încărcătoare cu platformă joasă" />
  <e k="category_manureSpreaders" v="Distribuitoare de îngrășăminte naturale" />
  <e k="category_misc" v="Diverse" />
  <e k="category_mowers" v="Cositori" />
  <e k="category_pallets" v="Paleți" />
  <e k="category_placeables" v="Obiecte amplasabile" />
  <e k="category_plows" v="Pluguri" />
  <e k="category_potatoHarvesting" v="Recoltarea cartofilor" />
  <e k="category_sales" v="Reduceri" />
  <e k="category_skidSteers" v="Miniîncărcătoare" />
  <e k="category_slurryTanks" v="Rezervoare pentru îngrășăminte lichide" />
  <e k="category_sowingMachines" v="Semănătoare" />
  <e k="category_sprayers" v="Stropitoare" />
  <e k="category_sugarCaneHarvesting" v="Recoltarea trestiei de zahăr" />
  <e k="category_tedders" v="Mașini de întors fânul" />
  <e k="category_teleLoaders" v="Încărcătoare telescopice" />
  <e k="category_tippers" v="Basculante" />
  <e k="category_tractors" v="Tractoare" />
  <e k="category_trucks" v="Camioane" />
  <e k="category_weeders" v="Sape de plivit" />
  <e k="category_weights" v="Contragreutăți" />
  <e k="category_wheelLoaders" v="Încărcătoare pe roți" />
  <e k="category_windrowers" v="Vindrovere" />
  <e k="category_wood" v="Echipament silvic" />
  <e k="configuration_attacherJoint" v="Dispozitive de atașare" />
  <e k="configuration_baseColor" v="Culoare principală" />
  <e k="configuration_design" v="Design" />
  <e k="configuration_designColor" v="Culoare design" />
  <e k="configuration_frontloaderAttacher" v="Dispozitiv de atașare încărcător frontal" />
  <e k="configuration_inputAttacher3Point" v="În 3 puncte" />
  <e k="configuration_inputAttacherFrontLoader" v="Încărcător frontal" />
  <e k="configuration_inputAttacherJoint" v="Tip dispozitiv de atașare" />
  <e k="configuration_inputAttacherSkidSteer" v="Miniîncărcător" />
  <e k="configuration_inputAttacherTeleLoaders" v="Încărcător telescopic" />
  <e k="configuration_inputAttacherWheelLoader" v="Încărcător pe roți" />
  <e k="configuration_motorSetup" v="Configurare motor" />
  <e k="configuration_rimColor" v="Culoare jantă" />
  <e k="configuration_trailerAttacherBack" v="+ dispozitiv de atașare spate" />
  <e k="configuration_valueBaleTrailer" v="Configurare balot" />
  <e k="configuration_valueColor" v="Design" />
  <e k="configuration_valueCrawler" v="Ecartament camion pe șenile" />
  <e k="configuration_valueDefault" v="Standard" />
  <e k="configuration_valueDesign01" v="Design 1" />
  <e k="configuration_valueDesign02" v="Design 2" />
  <e k="configuration_valueDesign03" v="Design 3" />
  <e k="configuration_valueDesign04" v="Design 4" />
  <e k="configuration_valueDesign05" v="Design 5" />
  <e k="configuration_valueDesign06" v="Design 6" />
  <e k="configuration_valueDesign07" v="Design 7" />
  <e k="configuration_valueDesign08" v="Design 8" />
  <e k="configuration_valueDesign09" v="Design 9" />
  <e k="configuration_valueForestry" v="Silvicultură" />
  <e k="configuration_valueGT1" v="Bandă GT simplă" />
  <e k="configuration_valueGT2" v="Benzi GT duble" />
  <e k="configuration_valueNewHolland" v="New Holland" />
  <e k="configuration_valueStealth" v="Invizibil" />
  <e k="configuration_valueTracks" v="Ecartament camion pe șenile" />
  <e k="configuration_valueTripleWheelsAll" v="Roți triple" />
  <e k="configuration_valueTwinWheelsAll" v="Roți duble" />
  <e k="configuration_valueTwinWheelsBack" v="Roți duble spate" />
  <e k="configuration_valueTwinWheelsFront" v="Roți duble față" />
  <e k="configuration_valueTwinWheelsNarrow" v="Roți duble înguste" />
  <e k="configuration_valueVogelsangSynCut" v="Vogelsang SynCult" />
  <e k="configuration_valueWheelBroad" v="Pneuri late" />
  <e k="configuration_valueWheelNarrow" v="Pneuri înguste" />
  <e k="configuration_valueWheelWeights" v="Greutăți roată" />
  <e k="configuration_valueWhite" v="Standard" />
  <e k="configuration_valueWoodTrailer" v="Configurație lemn" />
  <e k="configuration_wheelSetup" v="Configurare roată" />
  <e k="defaultSavegameName" v="Jocul meu salvat" />
  <e k="fillTypeGroup_base" v="Hrană de bază" />
  <e k="fillTypeGroup_bulk" v="Hrană de bază" />
  <e k="fillTypeGroup_earth" v="Recolte pământ" />
  <e k="fillTypeGroup_forage" v="Furaj" />
  <e k="fillTypeGroup_grain" v="Cereale" />
  <e k="fillTypeGroup_grass" v="Iarbă" />
  <e k="fillTypeGroup_power" v="Hrană concentrată" />
  <e k="fillTypeGroup_protein" v="Proteine" />
  <e k="fillTypeGroup_silage" v="Nutreț însilozat" />
  <e k="fillType_barley" v="Orz" />
  <e k="fillType_chaff" v="Pleavă" />
  <e k="fillType_digestate" v="Digestat" />
  <e k="fillType_dryGrass" v="Fân" />
  <e k="fillType_egg" v="Ouă" />
  <e k="fillType_fertilizer" v="Fertilizator" />
  <e k="fillType_forage" v="Rație totală mixtă" />
  <e k="fillType_forage_mixing" v="Furaj" />
  <e k="fillType_fuel" v="Combustibil" />
  <e k="fillType_grass" v="Iarbă" />
  <e k="fillType_liquidFertilizer" v="Fertilizator lichid" />
  <e k="fillType_liquidManure" v="Îngrășământ lichid" />
  <e k="fillType_maize" v="Porumb" />
  <e k="fillType_manure" v="Îngrășământ natural" />
  <e k="fillType_milk" v="Lapte" />
  <e k="fillType_oilRadish" v="Ridichi" />
  <e k="fillType_pigFood" v="Hrană pentru porci" />
  <e k="fillType_pigFoodBase" v="Hrană pentru porci (bază)" />
  <e k="fillType_pigFoodEarth" v="Hrană pentru porci (pământ)" />
  <e k="fillType_pigFoodGrain" v="Hrană pentru porci (cereale)" />
  <e k="fillType_pigFoodProtein" v="Hrană pentru porci (proteine)" />
  <e k="fillType_poplar" v="Plop" />
  <e k="fillType_potato" v="Cartofi" />
  <e k="fillType_powerFood" v="Hrană concentrată" />
  <e k="fillType_rape" v="Rapiță" />
  <e k="fillType_roundBale" v="Balot rotund" />
  <e k="fillType_roundBaleBarley" v="Balot rotund de paie (orz)" />
  <e k="fillType_roundBaleDryGrass" v="Balot rotund de fân" />
  <e k="fillType_roundBaleGrass" v="Balot rotund de iarbă" />
  <e k="fillType_roundBaleSilage" v="Balot rotund de nutreț însilozat" />
  <e k="fillType_roundBaleWheat" v="Balot rotund de paie (grâu)" />
  <e k="fillType_seeds" v="Semințe" />
  <e k="fillType_silage" v="Nutreț însilozat" />
  <e k="fillType_soybean" v="Boabe de soia" />
  <e k="fillType_squareBale" v="Balot pătrat" />
  <e k="fillType_squareBaleBarley" v="Balot pătrat de paie (orz)" />
  <e k="fillType_squareBaleDryGrass" v="Balot pătrat de fân" />
  <e k="fillType_squareBaleGrass" v="Balot pătrat de iarbă" />
  <e k="fillType_squareBaleSilage" v="Balot pătrat de nutreț însilozat" />
  <e k="fillType_squareBaleWheat" v="Balot pătrat de paie (grâu)" />
  <e k="fillType_straw" v="Paie" />
  <e k="fillType_sugarBeet" v="Sfeclă de zahăr" />
  <e k="fillType_sugarCane" v="Trestie de zahăr" />
  <e k="fillType_sunflower" v="Floarea soarelui" />
  <e k="fillType_tarp" v="Tarp" />
  <e k="fillType_treeSaplings" v="Puieți" />
  <e k="fillType_water" v="Apă" />
  <e k="fillType_wheat" v="Grâu" />
  <e k="fillType_woodChips" v="Așchii de lemn" />
  <e k="fillType_wool" v="Lână" />
  <e k="function_augerWagon" v="Remorcile cu șnec (numite și remorci cu autodescărcare) sunt remorci care au propriile lor sisteme de golire. Le poți folosi pentru a strânge recolta și a o descărca direct în alte remorci." />
  <e k="function_baleStacker" v="Mașina de colectat baloți simplifică adunarea baloților." />
  <e k="function_baleTrailer" v="Remorca pentru baloți este folosită pentru a transporta baloți." />
  <e k="function_baleWrapper" v="Dispozitivul de acoperire de baloți învelește baloții cu o folie pentru a-i ajuta să fermenteze și să devină nutreț însilozat." />
  <e k="function_baler" v="Presa de balotat transformă paiele sau fânul răspândit în baloți convenabili." />
  <e k="function_beehive" v="Produce miere, care este vândută automat pentru a-ți aduce venituri." />
  <e k="function_beltSystem" v="Benzile rulante reprezintă o metodă alternativă de a-ți încărca remorcile." />
  <e k="function_beltSystemConnection" v="Benzile rulante reprezintă o metodă alternativă de a-ți încărca remorcile." />
  <e k="function_beltSystemStart" v="Această bandă va prelua materialul de pe pământ și îl va încărca pe următoarea bandă rulantă." />
  <e k="function_bigBagFertilizer" v="Sacii de mari dimensiuni sunt folosiți pentru a-ți reumple distribuitoarele de fertilizator." />
  <e k="function_bigBagPigFood" v="Pelete de hrană perfect echilibrate pentru a-ți hrăni porcii." />
  <e k="function_bigBagSeeds" v="Sacii de mari dimensiuni sunt folosiți pentru a-ți reumple semănătoarele." />
  <e k="function_car" v="Cu ajutorul unei mașini, poți ajunge mai repede de la un loc la altul." />
  <e k="function_chainsaw" v="Cu ajutorul unei drujbe poți tăia copaci." />
  <e k="function_combine" v="Combinele recoltează tipurile de recoltă indicate." />
  <e k="function_combineForage" v="Mașinile de recoltat furaj procesează tipurile de recolte indicate." />
  <e k="function_combineNeedsCutter" v="Pentru ca o combină să funcționeze, are nevoie și de un aparat de tăiere adecvat." />
  <e k="function_combineNeedsForageCutter" v="Pentru ca o mașină de recoltat furaj să funcționeze, are nevoie și de un aparat de tăiere adecvat." />
  <e k="function_cultivator" v="Cultivatorul pregătește parcelele pentru următorul semănat." />
  <e k="function_cutter" v="Aparatele de tăiere se cuplează la combinele de recoltat." />
  <e k="function_cutterForage" v="Aparatele de tăiere se cuplează la mașinile de recoltat furaj." />
  <e k="function_cutterTrailer" v="Remorcile pentru aparatele de tăiere le pot transporta pe drumuri în siguranță." />
  <e k="function_decoration" v="Obiect decorativ" />
  <e k="function_dolly" v="Dispozitivul de tractare este legătura dintre semiremorcă și tractor." />
  <e k="function_feeder" v="Mixerul de furaje amestecă la un loc nutrețul însilozat, fân și paie în rație totală mixtă (RTM care constă în 60 % hrană de bază și 40% hrană concentrată) cu care pot fi hrănite vacile." />
  <e k="function_feederBale" v="Această mașină folosește baloți de paie pentru a acoperi pământul din grajdul vacilor." />
  <e k="function_fertilizer" v="Stropitorile cu fertilizator îmbunătățesc recolta parcelelor tale." />
  <e k="function_fillablePallet" v="Puieți de plop. Încarcă-i pe o mașină de plantat copaci." />
  <e k="function_forageWagon" v="Remorca de furaj adună iarba, fânul sau paiele. Se poate umple și cu pleavă." />
  <e k="function_forestryCutter" v="Acest utilaj poate tăia copaci." />
  <e k="function_forestryPlanter" v="Acest utilaj plantează copaci noi. De la magazin poți cumpăra paleți cu puieți pentru a încărca această mașină de plantat copaci." />
  <e k="function_forestryTransport" v="Acest vehicul poate transporta bușteni." />
  <e k="function_forestryTreeLimit" v="Atenție: copacii foarte mari nu pot fi procesați" />
  <e k="function_forestryWoodCrusher" v="Acest utilaj fărâmă buștenii în așchii de lemn." />
  <e k="function_frontloader" v="Încărcătoarele frontale sunt folosite pentru a stivui și a încărca diferite bunuri. Atenție: Numai anumite tractoare pot cupla încărcătoare frontale." />
  <e k="function_greenHouse" v="Produce legume, care sunt vândute automat pentru a-ți aduce venituri." />
  <e k="function_harvestingPotato" v="Această mașină de recoltat scoate cartofii din pământ. Reține că ai nevoie de o mașină de tăiat tulpini înainte de a o putea folosi pe aceasta." />
  <e k="function_harvestingSelfPropelledPotato" v="Această mașină de recoltat cu autopropulsie culege cartofii printr-o singură trecere." />
  <e k="function_harvestingSelfPropelledSugarbeet" v="Această mașină de recoltat cu autopropulsie culege sfeclele de zahăr printr-o singură trecere." />
  <e k="function_harvestingSugarbeet" v="Această mașină de recoltat scoate sfeclele de zahăr din pământ. Reține că ai nevoie de o mașină de tăiat tulpini înainte de a o putea folosi pe aceasta." />
  <e k="function_haulmTopperPotato" v="Înainte să poată fi recoltați cartofii, trebuie să se taie frunzele cu ajutorul unei mașini de tăiat tulpini precum aceasta." />
  <e k="function_haulmTopperSugarbeet" v="Înainte ca sfeclele de zahăr să poată fi recoltate, trebuie să le tai frunzele cu ajutorul unei mașini de tăiat tulpini precum aceasta." />
  <e k="function_hayStorage" v="Spațiu de depozitare pentru fân și paie." />
  <e k="function_heatingPlant" v="Descărcând așchii la acest punct de vânzare obții căldură și bani." />
  <e k="function_highPressureWasher" v="Cu ajutorul acestui aparat îți poți curăța vehiculele și uneltele murdare." />
  <e k="function_leveler" v="Nivelatoarele sunt folosite pentru a muta pleava și nutrețul însilozat și pentru a nivela mormanele din silozuri." />
  <e k="function_liquidFertilizerTank" v="Rezervoarele pentru îngrășământ lichid sunt folosite pentru a-ți reumple stropitoarele." />
  <e k="function_livestockTrailer" v="Această remorcă se folosește pentru a transporta animale." />
  <e k="function_loadingVehicle" v="Acest utilaj poate colecta sfecle de zahăr din pământ, vărsându-le într-o remorcă." />
  <e k="function_lowLoader" v="Această remorcă poate transporta alte vehicule." />
  <e k="function_manureSpreader" v="Distribuitoarele de îngrășăminte naturale îmbunătățesc recolta parcelelor tale." />
  <e k="function_mower" v="Cositorile tund iarba." />
  <e k="function_palletPacker" v="Încărcând acest utilaj cu cartofi sau sfeclă de zahăr vei obține paleți pregătiți corect pe care îi poți vinde." />
  <e k="function_placeableChipper" v="Toți buștenii pe care îi pui în acest utilaj sunt transformați în așchii, vândute imediat la fabrica de cherestea." />
  <e k="function_plough" v="Cu ajutorul unui plug, poți pregăti parcelele pentru următorul semănat și poți crea noi parcele." />
  <e k="function_powerGenerator" v="Produce energie electrică, vândută automat pentru a-ți aduce venituri." />
  <e k="function_reverseDriveControl" v="Acest vehicul este echipat cu comandă de deplasare în marșarier." />
  <e k="function_roller" v="Cu acest utilaj poți restaura starea inițială a pământului (șterge parcele)." />
  <e k="function_saplingPallet" v="Acest palet cu puieți are rolul de a umple mașina de plantat copaci." />
  <e k="function_semiTrailer" v="Semiremorcile pot fi cuplate cu ajutorul unui dispozitiv de tractare." />
  <e k="function_siloExtension" v="Crește capacitatea de depozitare a silozurilor tale. Trebuie amplasată în apropiere de silozurile de la fermă." />
  <e k="function_skidsteer" v="Miniîncărcătoarele sunt folosite pentru a stivui și a încărca diferite bunuri." />
  <e k="function_slurryContainer" v="Containerul de câmp este utilizat ca depozit temporar pentru îngrășământul lichid." />
  <e k="function_slurrySpreader" v="Distribuitoarele de îngrășământ lichid îmbunătățesc recolta parcelelor tale." />
  <e k="function_sowingMachine" v="Cu o semănătoare, poți semăna parcelele." />
  <e k="function_sowingMachineDirect" v="În plus, această mașină îți oferă posibilitatea de a semăna direct (fără să fie nevoie să fi cultivat sau arat înainte)." />
  <e k="function_sprayer" v="Stropitorile cresc productivitatea de recoltă a parcelelor." />
  <e k="function_sprayerTank" v="Rezervoarele suplimentare cresc capacitatea stropitorilor." />
  <e k="function_stumpCutter" v="Acest utilaj taie buturugi." />
  <e k="function_tank" v="Rezervoarele transportă lichide." />
  <e k="function_tedder" v="Mașina de întors fânul întoarce iarba pentru a o usca mai repede." />
  <e k="function_telehandler" v="Încărcătoarele telescopice sunt folosite pentru a stivui și a încărca diferite bunuri. " />
  <e k="function_tipper" v="Basculantele/remorcile sunt folosite pentru a transporta recolta." />
  <e k="function_tractor" v="Tractoarele sunt necesare pentru a trage după ele remorcile și uneltele." />
  <e k="function_tractorFrontloader" v="Acest tractor poate cupla și un încărcător frontal." />
  <e k="function_treeSaw" v="Cu un fierăstrău de copaci poți tăia copaci." />
  <e k="function_truck" v="Camioanele pot cupla semiremorci." />
  <e k="function_waterTower" v="Turnul de apă furnizează apă proaspătă pentru rezervoarele tale de apă." />
  <e k="function_weeder" v="Sapele de plivit scot buruienile dintre recoltele crescute de mici dimensiuni, îmbunătățind starea parcelei. Acestea pot fi folosite exclusiv în primele stadii de creștere ale recoltelor." />
  <e k="function_weight" v="Contragreutatea menține roțile tractorului pe pământ și îi îmbunătățește echilibrul." />
  <e k="function_wheelLoader" v="Cupa unui încărcător pe roți poate fi folosită la transportarea diferitelor bunuri." />
  <e k="function_windrower" v="Vindroverul dispune iarba, fânul sau paiele în rânduri (brazde) care apoi pot fi adunate de remorcile de furaje sau presele de balotat." />
  <e k="function_workshop" v="Acest atelier îți permite să creezi oriunde pe hartă un loc în care să îți personalizezi utilajele, fără a mai fi nevoie de un mecanic plătit." />
  <e k="shopItem_ashTree" v="Frasin" />
  <e k="shopItem_beehive" v="Stupină" />
  <e k="shopItem_bigBagFertilizer" v="Sac fertilizator solid" />
  <e k="shopItem_bigBagPigFood" v="Sac hrană porci" />
  <e k="shopItem_bigBagSeeds" v="Sac semințe" />
  <e k="shopItem_birchTree" v="Mesteacăn" />
  <e k="shopItem_chicken" v="Găină" />
  <e k="shopItem_cow" v="Vacă" />
  <e k="shopItem_firTree" v="Brad" />
  <e k="shopItem_flieglSemitrailer" v="Încărcător cu platformă joasă" />
  <e k="shopItem_flieglTimberRunner" v="Transportator de lemne" />
  <e k="shopItem_frontloaderBaleFork" v="Furcă pentru baloţi" />
  <e k="shopItem_frontloaderBaleGrab" v="Cleşte pentru baloţi înfoliaţi" />
  <e k="shopItem_frontloaderLogFork" v="Furcă pentru bușteni" />
  <e k="shopItem_frontloaderManureFork" v="Furcă pentru gunoi de grajd" />
  <e k="shopItem_frontloaderManureGrabFork" v="Cleşte cu furcă" />
  <e k="shopItem_frontloaderPalletFork" v="Furcă pentru paleţi" />
  <e k="shopItem_frontloaderRoundBaleFork" v="Furcă pentru baloţi cu role" />
  <e k="shopItem_frontloaderShovel" v="Cupa universală" />
  <e k="shopItem_frontloaderSilageCutter" v="Cleşte de tăiat siloz" />
  <e k="shopItem_garantFieldContainer" v="Container de câmp" />
  <e k="shopItem_garantTSA" v="Cisternă de îngrășăminte lichide TSA" />
  <e k="shopItem_greenhouseLettuce" v="Seră (salată verde)" />
  <e k="shopItem_greenhouseTomatoes" v="Seră (roșii)" />
  <e k="shopItem_hayLoft" v="Șură pentru fân" />
  <e k="shopItem_heatingPlant" v="Centrală electrică" />
  <e k="shopItem_highPressureWasher" v="Spălător cu presiune" />
  <e k="shopItem_kroneCutterTrailer" v="Remorcă pentru aparatul de tăiere" />
  <e k="shopItem_liquidFertilizerTank" v="Fertilizator lichid" />
  <e k="shopItem_mapleTree" v="Arțar" />
  <e k="shopItem_mobileFuelTank" v="Rezervor de combustibil mobil" />
  <e k="shopItem_oakTree" v="Stejar" />
  <e k="shopItem_palletSaplings" v="Palet cu puieți" />
  <e k="shopItem_palletSaplingsPoplar" v="Palet cu puieți de plop" />
  <e k="shopItem_picnicShelter01" v="Foișor dreptunghiular" />
  <e k="shopItem_picnicShelter02" v="Foișor rotund" />
  <e k="shopItem_pig" v="Porc" />
  <e k="shopItem_poplarTree" v="Plop" />
  <e k="shopItem_sampoRosenlewC6Cutter" v="C6 Header" />
  <e k="shopItem_shack01" v="Baracă de mici dimensiuni" />
  <e k="shopItem_shack02" v="Baracă ridicată" />
  <e k="shopItem_shack03" v="Șură" />
  <e k="shopItem_shack04" v="Clădire utilitară" />
  <e k="shopItem_sheep" v="Oaie" />
  <e k="shopItem_siloExtensionLarge" v="Extensie siloz de mari dimensiuni" />
  <e k="shopItem_siloExtensionSmall" v="Extensie siloz de mici dimensiuni" />
  <e k="shopItem_skidSteerBaleFork" v="Țepușă pentru baloți" />
  <e k="shopItem_skidSteerLogFork" v="Furcă pentru bușteni" />
  <e k="shopItem_skidSteerManureFork" v="Furcă pentru îngrășământ natural" />
  <e k="shopItem_skidSteerPalletFork" v="Furcă de paleți" />
  <e k="shopItem_skidSteerShovel" v="Cuvă universală" />
  <e k="shopItem_skidSteerStumpCutter" v="Freză de buturugi" />
  <e k="shopItem_solarCollector" v="Colector solar" />
  <e k="shopItem_storageShelter01" v="Șopron de depozitare de mari dimensiuni" />
  <e k="shopItem_storageShelter02" v="Șopron de depozitare de mici dimensiuni" />
  <e k="shopItem_telehandlerBaleFork" v="Furcă de baloți" />
  <e k="shopItem_telehandlerBaleGrab" v="Clește de baloți" />
  <e k="shopItem_telehandlerFork" v="Furcă" />
  <e k="shopItem_telehandlerLogFork" v="Furcă pentru bușteni" />
  <e k="shopItem_telehandlerManureFork" v="Furcă pentru îngrășământ natural" />
  <e k="shopItem_telehandlerShovel" v="Cupă" />
  <e k="shopItem_vehicleShelter" v="Acoperiș pentru vehicul" />
  <e k="shopItem_vehicleShelterLarge" v="Acoperiș pentru vehicul de mari dimensiuni" />
  <e k="shopItem_vehicleShelterSmall" v="Acoperiș pentru vehicul de mici dimensiuni" />
  <e k="shopItem_waterTower" v="Turn de apă" />
  <e k="shopItem_waterTrailer" v="Rezervor de apă mobil" />
  <e k="shopItem_wheelLoaderFork" v="Furcă" />
  <e k="shopItem_wheelLoaderLogFork" v="Furcă pentru bușteni" />
  <e k="shopItem_wheelLoaderShovel" v="Cupă" />
  <e k="shopItem_wheelLoaderSilageFork" v="Furcă pentru nutreț însilozat" />
  <e k="shopItem_windTurbine" v="Turbină eoliană" />
  <e k="shopItem_workshop" v="Atelier vehicule" />
  <e k="shop_age" v="%s zile" />
  <e k="shop_brand" v="Mărci" />
  <e k="shop_capacity" v="Capacitate:" />
  <e k="shop_capacityValue" v="%s %s" />
  <e k="shop_category" v="Categorie" />
  <e k="shop_combinations" v="Potrivit pentru:" />
  <e k="shop_configuration" v="Configurație" />
  <e k="shop_configurationPriceBase" v="Preț de bază" />
  <e k="shop_configurationPriceOptions" v="Opțiuni" />
  <e k="shop_configurationPriceTotal" v="Preț total" />
  <e k="shop_configurationTitle" v="Opțiuni și upgrade-uri" />
  <e k="shop_costsBase" v="Costuri de bază" />
  <e k="shop_costsPerDay" v="Per zi" />
  <e k="shop_costsPerOperatingHour" v="Per oră de funcționare" />
  <e k="shop_doYouWantToBuy" v="Vrei să cumperi la prețul de %s?" />
  <e k="shop_doYouWantToLease" v="Vrei să închiriezi la prețul de %s?" />
  <e k="shop_fee" v="Taxă" />
  <e k="shop_fruitTypes" v="Tipuri de recoltă" />
  <e k="shop_fuelValue" v="%d %s" />
  <e k="shop_income" v="Venit:" />
  <e k="shop_incomeValue" v="%s / oră" />
  <e k="shop_initialCosts" v="Costuri inițiale" />
  <e k="shop_leasedItems" v="Articole închiriate" />
  <e k="shop_maintenance" v="Întreținere:" />
  <e k="shop_maintenanceValue" v="%s / zi" />
  <e k="shop_maxPower" v="Putere maximă:" />
  <e k="shop_maxPowerValue" v="%s kW / %s cp" />
  <e k="shop_maxSpeed" v="%s %s" />
  <e k="shop_neededPower" v="Putere necesară:" />
  <e k="shop_neededPowerValue" v="%s kW / %s cp" />
  <e k="shop_noConfigsAvailable" v="Nici un upgrade disponibil!" />
  <e k="shop_noVehicles" v="Niciun vehicul disponibil!" />
  <e k="shop_operatingTime" v="%d.%d h" />
  <e k="shop_ownedItems" v="Articole deținute" />
  <e k="shop_saleRemaingHours" v="Reducerea expiră în:" />
  <e k="shop_saleRemaingHoursValue" v="%d ore" />
  <e k="shop_transportationFee" v="Se aplică o taxă de transport dacă nu transporți animalele cu propria ta remorcă pentru animale!" />
  <e k="shop_usage" v="Uz:" />
  <e k="shop_workingWidth" v="Lățime de lucru:" />
  <e k="shop_workingWidthValue" v="%s m" />
  <e k="shop_youLease" v="Închiriază" />
  <e k="shop_youOwn" v="Deții" />
  <e k="typeDesc_augerWagon" v="remorcă cu șnec" />
  <e k="typeDesc_baleLoader" v="încărcător de baloți" />
  <e k="typeDesc_baleTrailer" v="Remorcă pentru baloți" />
  <e k="typeDesc_baleWrapper" v="dispozitiv de acoperire baloturi" />
  <e k="typeDesc_baler" v="presă de balotat" />
  <e k="typeDesc_belt" v="bandă rulantă" />
  <e k="typeDesc_car" v="mașină" />
  <e k="typeDesc_combine" v="combină" />
  <e k="typeDesc_cornCutter" v="heder de porumb" />
  <e k="typeDesc_cultivator" v="cultivator" />
  <e k="typeDesc_cutter" v="aparat de tăiere" />
  <e k="typeDesc_cutterTrailer" v="remorcă pentru aparatul de tăiere" />
  <e k="typeDesc_defoliator" v="mașină defoliatoare" />
  <e k="typeDesc_fertilizerSpreader" v="distribuitor de fertilizator" />
  <e k="typeDesc_forageWagon" v="remorcă de furaje" />
  <e k="typeDesc_forwarder" v="transportor forestier" />
  <e k="typeDesc_frontloader" v="încărcător frontal" />
  <e k="typeDesc_frontloaderTool" v="unealtă încărcător frontal" />
  <e k="typeDesc_greenhouse" v="seră" />
  <e k="typeDesc_harvester" v="mașină de recoltat" />
  <e k="typeDesc_haulmTopper" v="mașină de tăiat tulpini" />
  <e k="typeDesc_highPressureWasher" v="Spălător cu presiune" />
  <e k="typeDesc_leveler" v="Nivelator" />
  <e k="typeDesc_livestockTrailer" v="remorcă pentru animale" />
  <e k="typeDesc_loaderVehicle" v="vehicul de încărcare" />
  <e k="typeDesc_lowLoader" v="Remorcă cu platformă joasă" />
  <e k="typeDesc_manureBarrel" v="rezervor pentru îngrășăminte lichide" />
  <e k="typeDesc_manureSpreader" v="distribuitor de îngrășăminte naturale" />
  <e k="typeDesc_mixerWagon" v="mixer de furaje" />
  <e k="typeDesc_mower" v="cositoare" />
  <e k="typeDesc_pickup" v="colector" />
  <e k="typeDesc_planter" v="mașină de plantat" />
  <e k="typeDesc_plough" v="plug" />
  <e k="typeDesc_plow" v="protecție" />
  <e k="typeDesc_roller" v="Cilindru compresor" />
  <e k="typeDesc_skidSteerTool" v="unealtă miniîncărcător" />
  <e k="typeDesc_sowingMachine" v="semănătoare" />
  <e k="typeDesc_sprayer" v="stropitoare" />
  <e k="typeDesc_sprayerTank" v="rezervor suplimentar" />
  <e k="typeDesc_strawBlower" v="mașină de suflat paie" />
  <e k="typeDesc_stumpCutter" v="Freză de buturugi" />
  <e k="typeDesc_tedder" v="mașină de întors fânul" />
  <e k="typeDesc_telehandler" v="încărcător telescopic" />
  <e k="typeDesc_telehandlerTool" v="unealtă încărcător telescopic" />
  <e k="typeDesc_timberTrailer" v="transportor forestier" />
  <e k="typeDesc_tipper" v="basculantă" />
  <e k="typeDesc_tractor" v="tractor" />
  <e k="typeDesc_trailer" v="remorcă" />
  <e k="typeDesc_treePlanter" v="mașină de plantat copaci" />
  <e k="typeDesc_treeSaw" v="ferăstrău copaci" />
  <e k="typeDesc_truck" v="camion" />
  <e k="typeDesc_waterTrailer" v="cisternă de apă" />
  <e k="typeDesc_weeder" v="sapă de plivit" />
  <e k="typeDesc_weight" v="contragreutate" />
  <e k="typeDesc_wheelLoader" v="încărcător pe roți" />
  <e k="typeDesc_wheelLoaderTool" v="unealtă încărcător pe roți" />
  <e k="typeDesc_windrower" v="vindrover" />
  <e k="typeDesc_woodCrusher" v="Mașină de tocat lemn" />
  <e k="typeDesc_woodHarvester" v="Combină forestieră" />
  <e k="unit_areaShort" v="ha" />
  <e k="unit_bale" v="baloți" />
  <e k="unit_decimalSymbol" v="," />
  <e k="unit_degreeCelsiusShort" v="°C" />
  <e k="unit_digitGroupingSymbol" v="." />
  <e k="unit_dollar" v="dolar" />
  <e k="unit_dollarShort" v="$" />
  <e k="unit_euro" v="euro" />
  <e k="unit_euroShort" v="€" />
  <e k="unit_km" v="kilometri" />
  <e k="unit_kmh" v="km/h" />
  <e k="unit_kw" v="kW/h" />
  <e k="unit_liter" v="litri" />
  <e k="unit_literShort" v="l" />
  <e k="unit_miles" v="mile" />
  <e k="unit_minutesShort" v="min." />
  <e k="unit_mph" v="mph" />
  <e k="unit_pieces" v="bucăți" />
  <e k="unit_pound" v="liră" />
  <e k="unit_poundShort" v="£" />
  <e k="unit_timeShort" v="hh:mm" />
</l10n>