﻿<?xml version="1.0" encoding="utf-8"?>
<l10n>
  <e k="category_animals" v="HAYVANLAR" />
  <e k="category_augerWagons" v="BURGU VAGONLARI" />
  <e k="category_baling" v="BALYALAMA TEKNOLOJİSİ" />
  <e k="category_beetHarvesting" v="PANCAR HASADI" />
  <e k="category_belts" v="Kayış Sistemi" />
  <e k="category_cars" v="ARABALAR" />
  <e k="category_chainsaws" v="Elektrikli Testereler" />
  <e k="category_cultivators" v="KÜLTİVATÖRLER" />
  <e k="category_cutterTrailers" v="KESİCİ RÖMORKLAR" />
  <e k="category_cutters" v="KESİCİLER" />
  <e k="category_dollys" v="İKİ TEKER ÇEKİCİ" />
  <e k="category_feeding" v="BESLEME TEKNOLOJİSİ" />
  <e k="category_fertilizerSpreaders" v="SUNİ GÜBRE PÜSKÜRTÜCÜLERİ" />
  <e k="category_forageHarvesters" v="Silaj Makineleri" />
  <e k="category_forageHarvestersCutters" v="Silaj Makinesi Kesicileri" /> <e k="category_forageHarvesterCutters" v="Silaj Makinesi Kesicileri" />
  <e k="category_frontLoaders" v="ÖN YÜKLEYİCİLER" />
  <e k="category_harvesters" v="BİÇERDÖVERLER" />
  <e k="category_leveler" v="Düzleştiriciler" />
  <e k="category_loaderWagons" v="YÜKLEME VAGONLARI" />
  <e k="category_lowloaders" v="Alçak yükleyiciler" />
  <e k="category_manureSpreaders" v="GÜBRE DAĞITICILAR" />
  <e k="category_misc" v="ÇEŞİTLİ" />
  <e k="category_mowers" v="ÇİM BİÇME MAKİNELERİ" />
  <e k="category_pallets" v="Paletler" />
  <e k="category_placeables" v="TAŞINABİLİRLER" />
  <e k="category_plows" v="SABANLAR" />
  <e k="category_potatoHarvesting" v="PATATES HASADI" />
  <e k="category_sales" v="SATIŞLAR" />
  <e k="category_skidSteers" v="Nokta Dönüşlü Yükleyiciler" />
  <e k="category_slurryTanks" v="BULAMAÇ TANKLARI" />
  <e k="category_sowingMachines" v="EKİM MAKİNELERİ" />
  <e k="category_sprayers" v="SPREYLER" />
  <e k="category_sugarCaneHarvesting" v="Şeker Kamışı Hasadı" />
  <e k="category_tedders" v="OT KURUTMA MAKİNELERİ" />
  <e k="category_teleLoaders" v="TELESKOPİK TAŞIYICILAR" />
  <e k="category_tippers" v="DAMPERLER" />
  <e k="category_tractors" v="TRAKTÖRLER" />
  <e k="category_trucks" v="KAMYONLAR" />
  <e k="category_weeders" v="Otsökücüler" />
  <e k="category_weights" v="AĞIRLIKLAR" />
  <e k="category_wheelLoaders" v="TEKERLİ YÜKLEYİCİLER" />
  <e k="category_windrowers" v="NAMLI YAPICILAR" />
  <e k="category_wood" v="ORMANCILIK EKİPMANI" />
  <e k="configuration_attacherJoint" v="Eklentiler" />
  <e k="configuration_baseColor" v="Ana renk" />
  <e k="configuration_design" v="Tasarım" />
  <e k="configuration_designColor" v="Tasarım rengi" />
  <e k="configuration_frontloaderAttacher" v="Ön yükleyici ekleyici" />
  <e k="configuration_inputAttacher3Point" v="3-Sayı" />
  <e k="configuration_inputAttacherFrontLoader" v="Ön Yükleyici" />
  <e k="configuration_inputAttacherJoint" v="Eklenti türü" />
  <e k="configuration_inputAttacherSkidSteer" v="Nokta Dönüşlü Yükleyici" />
  <e k="configuration_inputAttacherTeleLoaders" v="Teleskopik Taşıyıcı" />
  <e k="configuration_inputAttacherWheelLoader" v="Tekerlekli Yükleyici" />
  <e k="configuration_motorSetup" v="Motor kurulumu" />
  <e k="configuration_rimColor" v="Jant rengi" />
  <e k="configuration_trailerAttacherBack" v="+ arka eklenti" />
  <e k="configuration_valueBaleTrailer" v="Balya düzenlemesi" />
  <e k="configuration_valueColor" v="Tasarım" />
  <e k="configuration_valueCrawler" v="Palet izi" />
  <e k="configuration_valueDefault" v="Standart" />
  <e k="configuration_valueDesign01" v="Tasarım 1" />
  <e k="configuration_valueDesign02" v="Tasarım 2" />
  <e k="configuration_valueDesign03" v="Tasarım 3" />
  <e k="configuration_valueDesign04" v="Tasarım 4" />
  <e k="configuration_valueDesign05" v="Tasarım 5" />
  <e k="configuration_valueDesign06" v="Tasarım 6" />
  <e k="configuration_valueDesign07" v="Tasarım 7" />
  <e k="configuration_valueDesign08" v="Tasarım 8" />
  <e k="configuration_valueDesign09" v="Tasarım 9" />
  <e k="configuration_valueForestry" v="Ormancılık" />
  <e k="configuration_valueGT1" v="Tek GT Çizgisi" />
  <e k="configuration_valueGT2" v="Çift GT Çizgisi" />
  <e k="configuration_valueNewHolland" v="New Holland" />
  <e k="configuration_valueStealth" v="Stealth" />
  <e k="configuration_valueTracks" v="Palet izi" />
  <e k="configuration_valueTripleWheelsAll" v="Üçlü tekerlek" />
  <e k="configuration_valueTwinWheelsAll" v="Çift tekerlek" />
  <e k="configuration_valueTwinWheelsBack" v="Arkada Çift tekerlek" />
  <e k="configuration_valueTwinWheelsFront" v="Önde Çift tekerlek" />
  <e k="configuration_valueTwinWheelsNarrow" v="Dar çift tekerlek" />
  <e k="configuration_valueVogelsangSynCut" v="Vogelsang SynCult" />
  <e k="configuration_valueWheelBroad" v="Geniş lastikler" />
  <e k="configuration_valueWheelNarrow" v="Dar lastikler" />
  <e k="configuration_valueWheelWeights" v="Tekerlek ağırlıkları" />
  <e k="configuration_valueWhite" v="Standart" />
  <e k="configuration_valueWoodTrailer" v="Odun düzenlemesi" />
  <e k="configuration_wheelSetup" v="Tekerlek kurulumu" />
  <e k="defaultSavegameName" v="Kayıtlı Oyunlarım" />
  <e k="fillTypeGroup_base" v="Temel besin" />
  <e k="fillTypeGroup_bulk" v="Temel besin" />
  <e k="fillTypeGroup_earth" v="Kök meyveleri" />
  <e k="fillTypeGroup_forage" v="Hayvan yemi" />
  <e k="fillTypeGroup_grain" v="Tahıl" />
  <e k="fillTypeGroup_grass" v="Çim" />
  <e k="fillTypeGroup_power" v="Güç besini" />
  <e k="fillTypeGroup_protein" v="Protein" />
  <e k="fillTypeGroup_silage" v="Silaj" />
  <e k="fillType_barley" v="Arpa" />
  <e k="fillType_chaff" v="Anız" />
  <e k="fillType_digestate" v="Organik gübre" />
  <e k="fillType_dryGrass" v="Kuru Ot" />
  <e k="fillType_egg" v="Yumurta" />
  <e k="fillType_fertilizer" v="Suni Gübre" />
  <e k="fillType_forage" v="Tam Karışık Tayın" />
  <e k="fillType_forage_mixing" v="Yemlik" />
  <e k="fillType_fuel" v="Yakıt" />
  <e k="fillType_grass" v="Çim" />
  <e k="fillType_liquidFertilizer" v="Sıvı Gübre" />
  <e k="fillType_liquidManure" v="Bulamaç" />
  <e k="fillType_maize" v="Mısır" />
  <e k="fillType_manure" v="Gübre" />
  <e k="fillType_milk" v="Süt" />
  <e k="fillType_oilRadish" v="Yağ Tohumu Turpu" />
  <e k="fillType_pigFood" v="Domuz Besini" />
  <e k="fillType_pigFoodBase" v="Domuz Besini (Temel)" />
  <e k="fillType_pigFoodEarth" v="Domuz Besini (Kök)" />
  <e k="fillType_pigFoodGrain" v="Domuz Besini (Tahıl)" />
  <e k="fillType_pigFoodProtein" v="Domuz Besini (Protein)" />
  <e k="fillType_poplar" v="Kavak" />
  <e k="fillType_potato" v="Patates" />
  <e k="fillType_powerFood" v="Güç besini" />
  <e k="fillType_rape" v="Kanola" />
  <e k="fillType_roundBale" v="Rulo balya" />
  <e k="fillType_roundBaleBarley" v="Rulo balya samanı (arpa)" />
  <e k="fillType_roundBaleDryGrass" v="Rulo balya kuru otu" />
  <e k="fillType_roundBaleGrass" v="Rulo balya çimeni" />
  <e k="fillType_roundBaleSilage" v="Rulo balya silajı" />
  <e k="fillType_roundBaleWheat" v="Rulo balya samanı (buğday)" />
  <e k="fillType_seeds" v="Tohumlar" />
  <e k="fillType_silage" v="Silaj" />
  <e k="fillType_soybean" v="Soya fasulyeleri" />
  <e k="fillType_squareBale" v="Kare balya" />
  <e k="fillType_squareBaleBarley" v="Kare balya samanı (arpa)" />
  <e k="fillType_squareBaleDryGrass" v="Kare balya kuru otu" />
  <e k="fillType_squareBaleGrass" v="Kare balya çimeni" />
  <e k="fillType_squareBaleSilage" v="Kare balya silajı" />
  <e k="fillType_squareBaleWheat" v="Kare balya samanı (buğday)" />
  <e k="fillType_straw" v="Saman" />
  <e k="fillType_sugarBeet" v="Şeker Pancarı" />
  <e k="fillType_sugarCane" v="Şeker Kamışı" />
  <e k="fillType_sunflower" v="Ayçiçekleri" />
  <e k="fillType_tarp" v="Tarp" />
  <e k="fillType_treeSaplings" v="Ağaç Fidanları" />
  <e k="fillType_water" v="Su" />
  <e k="fillType_wheat" v="Buğday" />
  <e k="fillType_woodChips" v="Talaş" />
  <e k="fillType_wool" v="Yapağı" />
  <e k="function_augerWagon" v="Burgu vagonları (ayrıca keski kutuları olarak da bilinir) kendi burgulu konveyörleri olan römorklardır. Bunları mahsulünü depolayıp doğrudan diğer römorklara boşaltmak için kullanabilirsiniz." />
  <e k="function_baleStacker" v="Balya kolektörü, balya toplama işini kolaylaştırır." />
  <e k="function_baleTrailer" v="Balya römorku, balyaları taşımak için kullanılır." />
  <e k="function_baleWrapper" v="Bir balya sarma makinesi, çimen balyalarını folyo içinde paketler, bunlar daha sonra silaja fermente edilebilir." />
  <e k="function_baler" v="Bir balya makinesi; gevşek samanı, çimi veya kuru otu kullanışlı balyalara dönüştürür." />
  <e k="function_beehive" v="Otomatik olarak satılarak size para kazandıran bal üretir." />
  <e k="function_beltSystem" v="Taşıyıcı bantlar, römorklara yükleme yapmanın alternatif bir yoludur." />
  <e k="function_beltSystemConnection" v="Taşıyıcı bantlar, römorklara yükleme yapmanın alternatif bir yoludur." />
  <e k="function_beltSystemStart" v="Bu kayış zeminden materyal alarak onları bir sonraki taşıyıcı banda yükleyecektir." />
  <e k="function_bigBagFertilizer" v="BigBags, suni gübre püskürtücüleri doldurmak için kullanılır." />
  <e k="function_bigBagPigFood" v="Domuzlarınızı beslemeniz için mükemmel oranlanmış yiyecek topakları." />
  <e k="function_bigBagSeeds" v="BigBags, ekim makinelerini doldurmak için kullanılır." />
  <e k="function_car" v="Bir araç kullanmak A noktasından B noktasına daha hızlı gitmeni sağlar." />
  <e k="function_chainsaw" v="Elektrikli testereyi kullanarak ağaç kesebilirsiniz." />
  <e k="function_combine" v="Kombine biçerdöverler belirtilen meyve türlerini toplar." />
  <e k="function_combineForage" v="Silaj Makineleri, belirtilen meyve türlerini işler." />
  <e k="function_combineNeedsCutter" v="Bir kombine biçerdöverin çalışması için ayrıca uygun bir kesici de gereklidir." />
  <e k="function_combineNeedsForageCutter" v="Bir silaj makinesinin çalışabilmesi için uygun bir kesici gerekir." />
  <e k="function_cultivator" v="Kültivatör, tarlaları sonraki ekime hazırlamak için kullanılır." />
  <e k="function_cutter" v="Kesiciler kombine biçerdöverlere takılır." />
  <e k="function_cutterForage" v="Kesiciler silaj makinelerine bağlanır." />
  <e k="function_cutterTrailer" v="Kesici römorkları kesicileri yolda güvenle taşıyabilir." />
  <e k="function_decoration" v="Süsleme nesnesi" />
  <e k="function_dolly" v="Bir doli, bir yarı römork ile bir traktör arasındaki bağlantıyı sağlar." />
  <e k="function_feeder" v="Yemlik mikseri vagonu; silajı, kuru ot ve saman balyalarını, inekleri beslemekte kullanılan Tam Karışık Tayın'a (TKT %60 temel besin ve %40 güç besini içerir) dönüştürür." />
  <e k="function_feederBale" v="Bu makine saman balyalarını alıp inek ahırlarının zeminini saman ile kaplamak için kullanılır." />
  <e k="function_fertilizer" v="Suni gübre spreyleri, tarlalardaki hasadı artırır." />
  <e k="function_fillablePallet" v="Kavak fidanı. Bunu bir ağaç ekiciye yükleyin." />
  <e k="function_forageWagon" v="Yemlik vagonu çimi, kuru otu ya da samanı toplar. Ayrıca anız ile doldurulabilir." />
  <e k="function_forestryCutter" v="Bu makine, ağaçları kesebilir." />
  <e k="function_forestryPlanter" v="Bu makine parçası toprağa yeni ağaçlar eker. Bu ekiciyi doldurmak için fidan paletlerini mağazadan satın alabilirsiniz." />
  <e k="function_forestryTransport" v="Bu araç, ağaç kütüklerini taşıyabilir." />
  <e k="function_forestryTreeLimit" v="Not: Çok büyük ağaçlar işlenemez" />
  <e k="function_forestryWoodCrusher" v="Bu makine, kütükleri talaş parçaları halinde keser." />
  <e k="function_frontloader" v="Ön yükleyiciler çeşitli malları istifleyip yüklemek için kullanılır." />
  <e k="function_greenHouse" v="Otomatik olarak satılarak size para kazandıran sebzeler üretir." />
  <e k="function_harvestingPotato" v="Bu biçerdöver, patatesleri topraktan çıkarır. Bu makineyi kullanmadan önce saman toplayıcının gerektiğini unutmayın." />
  <e k="function_harvestingSelfPropelledPotato" v="Bu kendinden itişli biçerdöver, patatesleri ilerlerken toplar." />
  <e k="function_harvestingSelfPropelledSugarbeet" v="Bu kendinden itişli biçerdöver, şeker pancarlarını ilerlerken toplar." />
  <e k="function_harvestingSugarbeet" v="Bu biçerdöver, şeker pancarlarını topraktan çıkarır. Bu makineyi kullanmadan önce saman toplayıcının gerektiğini unutmayın." />
  <e k="function_haulmTopperPotato" v="Patateslerin hasat edilmesi için önce yaprakların buna benzeyen bir saman toplayıcı ile kesilmesi gerekir." />
  <e k="function_haulmTopperSugarbeet" v="Şeker pancarlarının hasat edilmesi için önce yaprakların buna benzeyen bir saman toplayıcı ile kesilmesi gerekir." />
  <e k="function_hayStorage" v="Kuru ot ve saman için depolama alanı." />
  <e k="function_heatingPlant" v="Bu satış istasyonuna talaş bırakmak ısı üretir ve size para kazandırır." />
  <e k="function_highPressureWasher" v="Bu makine sayesinde, kirlenen araç ve aletleri temizleyebilirsiniz." />
  <e k="function_leveler" v="Düzleştiriciler, anız ve silajı taşıyıp silolardaki yığınları düzleştirmek için kullanılır." />
  <e k="function_liquidFertilizerTank" v="Sıvı Gübre Tankları, püskürtücüleri doldurmak için kullanılır." />
  <e k="function_livestockTrailer" v="Bu römork, hayvan taşımak için kullanılır." />
  <e k="function_loadingVehicle" v="Bu makine, yerdeki şeker pancarlarını toplayıp onları bir römorka boşaltabilir." />
  <e k="function_lowLoader" v="Bu römork diğer araçları taşıyabilir." />
  <e k="function_manureSpreader" v="Gübre dağıtıcılar tarlalardaki hasadı artırır." />
  <e k="function_mower" v="Çim biçme makineleri çim keser." />
  <e k="function_palletPacker" v="Bu makineyi patates ve şeker pancarı ile doldurduğunuzda, satabileceğiniz güzelce paketlenmiş paletler elde edersiniz." />
  <e k="function_placeableChipper" v="Bu makineye konulan kütükler talaşa çevrilir ve anında bıçkıhanede satılır." />
  <e k="function_plough" v="Bir sabanla tarlaları sonraki ekime hazırlayabilir ve yeni tarlalar oluşturabilirsin." />
  <e k="function_powerGenerator" v="Otomatik olarak satılarak size para kazandıran güç üretir." />
  <e k="function_reverseDriveControl" v="Bu araç ters sürüş kontrolleriyle donatılmıştır." />
  <e k="function_roller" v="Bu makineyle başlangıçtaki yer durumunu yenileyebilirsiniz (tarlaları silin)." />
  <e k="function_saplingPallet" v="Fidan çiçekliği, ağaç ekiciyi doldurmak için kullanılır." />
  <e k="function_semiTrailer" v="Yarı römorklar bir doli kullanılarak bağlanabilir." />
  <e k="function_siloExtension" v="Silolarınızın depolama kapasitesini yükseltir. Çiftlik silolarının yanına yerleştirilmelidir." />
  <e k="function_skidsteer" v="Nokta Dönüşlü Yükleyiciler, çeşitli ürünleri istifleyip yüklemek için kullanılır." />
  <e k="function_slurryContainer" v="Bir tarla konteyneri, bulamaç için dahili depo olarak kullanılabilir. Kotte TSA 30000 bulamaç tankeri ile doldurabilirsin." />
  <e k="function_slurrySpreader" v="Bulamaç dağıtıcılar tarlalardaki hasadı artırır." />
  <e k="function_sowingMachine" v="Ekim makinesiyle tarlaları ekebilirsin." />
  <e k="function_sowingMachineDirect" v="Bu makine ayrıca doğrudan tohumlama (önceden sürme ve sabanlama gerekmeksizin) olanağı da sunar." />
  <e k="function_sprayer" v="Spreyler tarlaların hasat verimini artırır." />
  <e k="function_sprayerTank" v="İlave depolar sprey kapasitesini artırır." />
  <e k="function_stumpCutter" v="Bu makine ağaç kütüklerini keser." />
  <e k="function_tank" v="Tanklar sıvıları taşır." />
  <e k="function_tedder" v="Ot kurutma makinesi çevresindeki çimi daha hızlı kurutacak şekilde döndürür." />
  <e k="function_telehandler" v="Teleskopik taşıyıcılar, çeşitli malları istifleyip yüklemek için kullanılır." />
  <e k="function_tipper" v="Damperler/römorklar hasadı taşımak için kullanılır." />
  <e k="function_tractor" v="Traktörlerin römorkları ve aletleri çekmesi gerekir." />
  <e k="function_tractorFrontloader" v="Bu traktöre ön yükleyici de takılabilir." />
  <e k="function_treeSaw" v="Bir ağaç kesiciyle ağaçları kesebilirsiniz." />
  <e k="function_truck" v="Kamyon, yarı römorkları bağlayabilir." />
  <e k="function_waterTower" v="Su kulesi, su tanklarına taze su sağlar." />
  <e k="function_weeder" v="Otsökücüler, olgun küçük mahsullerin arasındaki otları sökebilir, tarlanın durumunu geliştirebilir. Sadece mahsulün ilk büyüme aşamasında kullanılabilir." />
  <e k="function_weight" v="Ağırlık, traktörün tekerleklerinin yerde kalmasını sağlar ve dengesini artırır." />
  <e k="function_wheelLoader" v="Tekerlekli yükleyicinin küreği çeşitli malları taşımak için kullanılabilir." />
  <e k="function_windrower" v="Namlı yapıcı çimi, kuru otu ve samanı sıralar (sıralı yığınlar) halinde düzenler, bunlar daha sonra yemlik vagonlarına ya da balya makinelerine boşaltılabilir." />
  <e k="function_workshop" v="Bu atölye, haritada herhangi bir yerde tamirci ücreti ödemeden makinelerinizi özelleştirebileceğiniz bir nokta oluşturmanıza olanak sağlar." />
  <e k="shopItem_ashTree" v="DİŞBUDAK" />
  <e k="shopItem_beehive" v="ARI KOVANI" />
  <e k="shopItem_bigBagFertilizer" v="Katı Gübreleyici BigBag" />
  <e k="shopItem_bigBagPigFood" v="Domuz Besini BigBag" />
  <e k="shopItem_bigBagSeeds" v="Tohumluk BigBag" />
  <e k="shopItem_birchTree" v="HUŞ AĞACI" />
  <e k="shopItem_chicken" v="TAVUK" />
  <e k="shopItem_cow" v="İNEK" />
  <e k="shopItem_firTree" v="KÖKNAR" />
  <e k="shopItem_flieglSemitrailer" v="ALÇAK YÜKLEYİCİ" />
  <e k="shopItem_flieglTimberRunner" v="ODUN TAŞIYICI" />
  <e k="shopItem_frontloaderBaleFork" v="Balya çatalı" />
  <e k="shopItem_frontloaderBaleGrab" v="Rulo Balya Tutucusu" />
  <e k="shopItem_frontloaderLogFork" v="KÜTÜK ÇATALI" />
  <e k="shopItem_frontloaderManureFork" v="Gübre çatalı" />
  <e k="shopItem_frontloaderManureGrabFork" v="Çatallı Kova" />
  <e k="shopItem_frontloaderPalletFork" v="Palet tutucu" />
  <e k="shopItem_frontloaderRoundBaleFork" v="Rulo Balya Çatalı" />
  <e k="shopItem_frontloaderShovel" v="Üniversal kürek" />
  <e k="shopItem_frontloaderSilageCutter" v="Silaj Kesme Ataşmanı" />
  <e k="shopItem_garantFieldContainer" v="TARLA KONTEYNERİ" />
  <e k="shopItem_garantTSA" v="TSA BULAMAÇ TAŞIYICI" />
  <e k="shopItem_greenhouseLettuce" v="SERA (MARUL)" />
  <e k="shopItem_greenhouseTomatoes" v="SERA (DOMATES)" />
  <e k="shopItem_hayLoft" v="Samanlık" />
  <e k="shopItem_heatingPlant" v="Isıtma Santrali" />
  <e k="shopItem_highPressureWasher" v="YÜKSEK BASINÇLI YIKAYICI" />
  <e k="shopItem_kroneCutterTrailer" v="KESİCİ RÖMORKU" />
  <e k="shopItem_liquidFertilizerTank" v="Sıvı Gübre Tankı" />
  <e k="shopItem_mapleTree" v="AKÇAAĞAÇ" />
  <e k="shopItem_mobileFuelTank" v="SEYYAR YAKIT DEPOSU" />
  <e k="shopItem_oakTree" v="MEŞE" />
  <e k="shopItem_palletSaplings" v="PALET FİDELER" />
  <e k="shopItem_palletSaplingsPoplar" v="Kavak Fidanı Paleti" />
  <e k="shopItem_picnicShelter01" v="Dikdörtgen Piknik Barınağı" />
  <e k="shopItem_picnicShelter02" v="Yuvarlak Piknik Barınağı" />
  <e k="shopItem_pig" v="Domuz" />
  <e k="shopItem_poplarTree" v="KAVAK" />
  <e k="shopItem_sampoRosenlewC6Cutter" v="C6 KESİCİ" />
  <e k="shopItem_shack01" v="Küçük Kulübe" />
  <e k="shopItem_shack02" v="Yüksek Kulübe" />
  <e k="shopItem_shack03" v="Baraka" />
  <e k="shopItem_shack04" v="Kamu Binası" />
  <e k="shopItem_sheep" v="KOYUN" />
  <e k="shopItem_siloExtensionLarge" v="Büyük Silo Hattı" />
  <e k="shopItem_siloExtensionSmall" v="Küçük Silo Hattı" />
  <e k="shopItem_skidSteerBaleFork" v="Balya çubuğu" />
  <e k="shopItem_skidSteerLogFork" v="Kütük çatalı" />
  <e k="shopItem_skidSteerManureFork" v="Gübre çatalı" />
  <e k="shopItem_skidSteerPalletFork" v="Palet çatalı" />
  <e k="shopItem_skidSteerShovel" v="Evrensel kova" />
  <e k="shopItem_skidSteerStumpCutter" v="Kök Öğütücü" />
  <e k="shopItem_solarCollector" v="GÜNEŞ KOLEKTÖRÜ" />
  <e k="shopItem_storageShelter01" v="Geniş Depolama Barınağı" />
  <e k="shopItem_storageShelter02" v="Küçük Depolama Barınağı" />
  <e k="shopItem_telehandlerBaleFork" v="BALYA ÇATALI" />
  <e k="shopItem_telehandlerBaleGrab" v="BALYA KEPÇESİ" />
  <e k="shopItem_telehandlerFork" v="PALET ÇATALI" />
  <e k="shopItem_telehandlerLogFork" v="KÜTÜK ÇATALI" />
  <e k="shopItem_telehandlerManureFork" v="GÜBRE ÇATALI" />
  <e k="shopItem_telehandlerShovel" v="KÜREK" />
  <e k="shopItem_vehicleShelter" v="Araç Barınağı" />
  <e k="shopItem_vehicleShelterLarge" v="Büyük Araç Barınağı" />
  <e k="shopItem_vehicleShelterSmall" v="Küçük Araç Barınağı" />
  <e k="shopItem_waterTower" v="Su Kulesi" />
  <e k="shopItem_waterTrailer" v="SEYYAR SU DEPOSU" />
  <e k="shopItem_wheelLoaderFork" v="PALET ÇATALI" />
  <e k="shopItem_wheelLoaderLogFork" v="KÜTÜK ÇATALI" />
  <e k="shopItem_wheelLoaderShovel" v="KEPÇE" />
  <e k="shopItem_wheelLoaderSilageFork" v="Silaj çatalı" />
  <e k="shopItem_windTurbine" v="RÜZGAR ENERJİ ÇEVİRİCİ" />
  <e k="shopItem_workshop" v="Araç Atölyesi" />
  <e k="shop_age" v="%s gün" />
  <e k="shop_brand" v="Markalar" />
  <e k="shop_capacity" v="Kapasite:" />
  <e k="shop_capacityValue" v="%s %s" />
  <e k="shop_category" v="KATEGORİ" />
  <e k="shop_combinations" v="Uygunluk:" />
  <e k="shop_configuration" v="Düzenleme" />
  <e k="shop_configurationPriceBase" v="Temel fiyat" />
  <e k="shop_configurationPriceOptions" v="Ayarlar" />
  <e k="shop_configurationPriceTotal" v="Toplam fiyat" />
  <e k="shop_configurationTitle" v="Ayarlar &amp; Güncellemeler" />
  <e k="shop_costsBase" v="Temel masraf" />
  <e k="shop_costsPerDay" v="Her gün" />
  <e k="shop_costsPerOperatingHour" v="Her işletim saati" />
  <e k="shop_doYouWantToBuy" v="%s karşılığında satın almak istiyor musunuz?" />
  <e k="shop_doYouWantToLease" v="%s karşılığında kiralamak istiyor musunuz?" />
  <e k="shop_fee" v="Ücret" />
  <e k="shop_fruitTypes" v="Meyve türleri" />
  <e k="shop_fuelValue" v="%d %s" />
  <e k="shop_income" v="Gelir:" />
  <e k="shop_incomeValue" v="%s / saat" />
  <e k="shop_initialCosts" v="Başlangıç masrafı" />
  <e k="shop_leasedItems" v="Kiralanan Nesneler" />
  <e k="shop_maintenance" v="Bakım:" />
  <e k="shop_maintenanceValue" v="%s / gün" />
  <e k="shop_maxPower" v="Maks. güç:" />
  <e k="shop_maxPowerValue" v="%s kW / %s hp" />
  <e k="shop_maxSpeed" v="%s %s" />
  <e k="shop_neededPower" v="Ger. Enerji:" />
  <e k="shop_neededPowerValue" v="%s kW / %s hp" />
  <e k="shop_noConfigsAvailable" v="Mevcut bir güncelleme yok!" />
  <e k="shop_noVehicles" v="Kullanılabilir bir araç yok!" />
  <e k="shop_operatingTime" v="%d.%d s" />
  <e k="shop_ownedItems" v="Sahip Olunan Nesneler" />
  <e k="shop_saleRemaingHours" v="Satışın sona erme süresi:" />
  <e k="shop_saleRemaingHoursValue" v="%d sa" />
  <e k="shop_transportationFee" v="Hayvanları kendi römorkunuzla taşımazsanız bir nakliye ücreti uygulanır!" />
  <e k="shop_usage" v="Kullanım:" />
  <e k="shop_workingWidth" v="Çalışma genişliği:" />
  <e k="shop_workingWidthValue" v="%s m" />
  <e k="shop_youLease" v="Kiralıyorsun:" />
  <e k="shop_youOwn" v="Sahip olduğun:" />
  <e k="typeDesc_augerWagon" v="Burgu vagonu" />
  <e k="typeDesc_baleLoader" v="Balya yükleyici" />
  <e k="typeDesc_baleTrailer" v="Balya römorku" />
  <e k="typeDesc_baleWrapper" v="balya sarıcı" />
  <e k="typeDesc_baler" v="Balya makinesi" />
  <e k="typeDesc_belt" v="kayış" />
  <e k="typeDesc_car" v="araç" />
  <e k="typeDesc_combine" v="karıştırıcı" />
  <e k="typeDesc_cornCutter" v="mısır kesici" />
  <e k="typeDesc_cultivator" v="Kültivatör" />
  <e k="typeDesc_cutter" v="Kesici" />
  <e k="typeDesc_cutterTrailer" v="Kesici römorku" />
  <e k="typeDesc_defoliator" v="Yaprak ayırıcı" />
  <e k="typeDesc_fertilizerSpreader" v="Suni gübre spreyi" />
  <e k="typeDesc_forageWagon" v="Yemlik vagonu" />
  <e k="typeDesc_forwarder" v="Taşıyıcı" />
  <e k="typeDesc_frontloader" v="ön yükleyici" />
  <e k="typeDesc_frontloaderTool" v="ön yükleyici aleti" />
  <e k="typeDesc_greenhouse" v="Sera" />
  <e k="typeDesc_harvester" v="Biçerdöver" />
  <e k="typeDesc_haulmTopper" v="Baş kesme bıçağı" />
  <e k="typeDesc_highPressureWasher" v="Yüksek Basınçlı Yıkayıcı" />
  <e k="typeDesc_leveler" v="Düzleştirici" />
  <e k="typeDesc_livestockTrailer" v="canlı hayvan römorku" />
  <e k="typeDesc_loaderVehicle" v="yükleme taşıtı" />
  <e k="typeDesc_lowLoader" v="Alçak yükleyici" />
  <e k="typeDesc_manureBarrel" v="Bulamaç tankeri" />
  <e k="typeDesc_manureSpreader" v="Gübre dağıtıcı" />
  <e k="typeDesc_mixerWagon" v="Mikser vagonu" />
  <e k="typeDesc_mower" v="Çim biçme makinesi" />
  <e k="typeDesc_pickup" v="Kamyonet" />
  <e k="typeDesc_planter" v="Ekici" />
  <e k="typeDesc_plough" v="Saban" />
  <e k="typeDesc_plow" v="Kalkan" />
  <e k="typeDesc_roller" v="Sarıcı" />
  <e k="typeDesc_skidSteerTool" v="nokta dönüşlü yükleyici aleti" />
  <e k="typeDesc_sowingMachine" v="ekim makinesi" />
  <e k="typeDesc_sprayer" v="Sprey" />
  <e k="typeDesc_sprayerTank" v="ek tank" />
  <e k="typeDesc_strawBlower" v="Saman üfleyici" />
  <e k="typeDesc_stumpCutter" v="kök öğütücü" />
  <e k="typeDesc_tedder" v="Ot kurutma makinesi" />
  <e k="typeDesc_telehandler" v="teleskopik taşıyıcı" />
  <e k="typeDesc_telehandlerTool" v="teleskopik taşıyıcı aleti" />
  <e k="typeDesc_timberTrailer" v="Odun Taşıyıcı" />
  <e k="typeDesc_tipper" v="Damper" />
  <e k="typeDesc_tractor" v="traktör" />
  <e k="typeDesc_trailer" v="Römork" />
  <e k="typeDesc_treePlanter" v="Ağaç ekici" />
  <e k="typeDesc_treeSaw" v="ağaç kesici" />
  <e k="typeDesc_truck" v="kamyon" />
  <e k="typeDesc_waterTrailer" v="Su römorku" />
  <e k="typeDesc_weeder" v="otsökücü" />
  <e k="typeDesc_weight" v="Ağırlık" />
  <e k="typeDesc_wheelLoader" v="tekerlekli yükleyici" />
  <e k="typeDesc_wheelLoaderTool" v="tekerlekli yükleyici aleti" />
  <e k="typeDesc_windrower" v="Namlı yapıcı" />
  <e k="typeDesc_woodCrusher" v="Odun Öğütücü" />
  <e k="typeDesc_woodHarvester" v="Ağaç Kesim Aracı" />
  <e k="unit_areaShort" v="ha" />
  <e k="unit_bale" v="balya" />
  <e k="unit_decimalSymbol" v="," />
  <e k="unit_degreeCelsiusShort" v="°C" />
  <e k="unit_digitGroupingSymbol" v="." />
  <e k="unit_dollar" v="Dolar" />
  <e k="unit_dollarShort" v="$" />
  <e k="unit_euro" v="Avro" />
  <e k="unit_euroShort" v="€" />
  <e k="unit_km" v="Kilometre" />
  <e k="unit_kmh" v="km/sa" />
  <e k="unit_kw" v="kW/sa" />
  <e k="unit_liter" v="litre" />
  <e k="unit_literShort" v="lt" />
  <e k="unit_miles" v="Mil" />
  <e k="unit_minutesShort" v=" dakika" />
  <e k="unit_mph" v="m/sa" />
  <e k="unit_pieces" v="adet" />
  <e k="unit_pound" v="Pound" />
  <e k="unit_poundShort" v="£" />
  <e k="unit_timeShort" v="ss:dd" />
</l10n>