﻿<?xml version="1.0" encoding="utf-8"?>
<l10n>
  <e k="category_animals" v="Animales" />
  <e k="category_augerWagons" v="Remolques con transportador" />
  <e k="category_baling" v="Tecnología de empacado" />
  <e k="category_beetHarvesting" v="Recolección de remolacha" />
  <e k="category_belts" v="Sistema de cintas" />
  <e k="category_cars" v="Coches" />
  <e k="category_chainsaws" v="Sierras mecánicas" />
  <e k="category_cultivators" v="Cultivadores" />
  <e k="category_cutterTrailers" v="Remolques de segadora" />
  <e k="category_cutters" v="Segadoras" />
  <e k="category_dollys" v="Plataformas" />
  <e k="category_feeding" v="Tecnología de alimentación" />
  <e k="category_fertilizerSpreaders" v="Abonadoras" />
  <e k="category_forageHarvesters" v="Cosechadoras de forraje" />
  <e k="category_forageHarvestersCutters" v="Cortadoras de c. de Forraje" /> <e k="category_forageHarvesterCutters" v="Cortadoras de c. de Forraje" />
  <e k="category_frontLoaders" v="Cargadoras frontales" />
  <e k="category_harvesters" v="Cosechadoras" />
  <e k="category_leveler" v="Niveladoras" />
  <e k="category_loaderWagons" v="Remolques de carga" />
  <e k="category_lowloaders" v="Camiones de plataforma" />
  <e k="category_manureSpreaders" v="Esparcidores de estiércol" />
  <e k="category_misc" v="Varios" />
  <e k="category_mowers" v="Segadoras" />
  <e k="category_pallets" v="Palés" />
  <e k="category_placeables" v="Objetos colocables" />
  <e k="category_plows" v="Arados" />
  <e k="category_potatoHarvesting" v="Recolección de patatas" />
  <e k="category_sales" v="Ofertas" />
  <e k="category_skidSteers" v="Arrastradoras-cargadoras" />
  <e k="category_slurryTanks" v="Cubas de purín" />
  <e k="category_sowingMachines" v="Sembradoras" />
  <e k="category_sprayers" v="Pulverizadores" />
  <e k="category_sugarCaneHarvesting" v="Recolección de caña de azúcar" />
  <e k="category_tedders" v="Henificadoras" />
  <e k="category_teleLoaders" v="Manipuladoras telescópicas" />
  <e k="category_tippers" v="Volquetes" />
  <e k="category_tractors" v="Tractores" />
  <e k="category_trucks" v="Camiones" />
  <e k="category_weeders" v="Escardadores" />
  <e k="category_weights" v="Contrapesos" />
  <e k="category_wheelLoaders" v="Cargadoras con ruedas" />
  <e k="category_windrowers" v="Hileradoras" />
  <e k="category_wood" v="Equipo forestal" />
  <e k="configuration_attacherJoint" v="Acopladores" />
  <e k="configuration_baseColor" v="Color principal" />
  <e k="configuration_design" v="Diseño" />
  <e k="configuration_designColor" v="Color de diseño" />
  <e k="configuration_frontloaderAttacher" v="Acoplador de cargadora frontal" />
  <e k="configuration_inputAttacher3Point" v="3 puntos" />
  <e k="configuration_inputAttacherFrontLoader" v="Cargadora frontal" />
  <e k="configuration_inputAttacherJoint" v="Tipo de acoplador" />
  <e k="configuration_inputAttacherSkidSteer" v="Arrastradora-cargadora" />
  <e k="configuration_inputAttacherTeleLoaders" v="Manipuladora telescópica" />
  <e k="configuration_inputAttacherWheelLoader" v="Cargadora con ruedas" />
  <e k="configuration_motorSetup" v="Configuración del motor" />
  <e k="configuration_rimColor" v="Color de llantas" />
  <e k="configuration_trailerAttacherBack" v="+ acoplador trasero" />
  <e k="configuration_valueBaleTrailer" v="Configuración de pacas" />
  <e k="configuration_valueColor" v="Diseño" />
  <e k="configuration_valueCrawler" v="Banda de rodamiento" />
  <e k="configuration_valueDefault" v="Estándar" />
  <e k="configuration_valueDesign01" v="Diseño 1" />
  <e k="configuration_valueDesign02" v="Diseño 2" />
  <e k="configuration_valueDesign03" v="Diseño 3" />
  <e k="configuration_valueDesign04" v="Diseño 4" />
  <e k="configuration_valueDesign05" v="Diseño 5" />
  <e k="configuration_valueDesign06" v="Diseño 6" />
  <e k="configuration_valueDesign07" v="Diseño 7" />
  <e k="configuration_valueDesign08" v="Diseño 8" />
  <e k="configuration_valueDesign09" v="Diseño 9" />
  <e k="configuration_valueForestry" v="Árboles" />
  <e k="configuration_valueGT1" v="Banda GT individual" />
  <e k="configuration_valueGT2" v="Bandas GT dobles" />
  <e k="configuration_valueNewHolland" v="New Holland" />
  <e k="configuration_valueStealth" v="Sigilo" />
  <e k="configuration_valueTracks" v="Banda de rodamiento" />
  <e k="configuration_valueTripleWheelsAll" v="Ruedas triples" />
  <e k="configuration_valueTwinWheelsAll" v="Ruedas dobles" />
  <e k="configuration_valueTwinWheelsBack" v="Ruedas dobles traseras" />
  <e k="configuration_valueTwinWheelsFront" v="Ruedas dobles delanteras" />
  <e k="configuration_valueTwinWheelsNarrow" v="Ruedas dobles estrechas" />
  <e k="configuration_valueVogelsangSynCut" v="Vogelsang SynCult" />
  <e k="configuration_valueWheelBroad" v="Neumáticos anchos" />
  <e k="configuration_valueWheelNarrow" v="Neumáticos estrechos" />
  <e k="configuration_valueWheelWeights" v="Contrapesos de ruedas" />
  <e k="configuration_valueWhite" v="Estándar" />
  <e k="configuration_valueWoodTrailer" v="Configuración de madera" />
  <e k="configuration_wheelSetup" v="Configuración de ruedas" />
  <e k="defaultSavegameName" v="Mi partida guardada" />
  <e k="fillTypeGroup_base" v="Alimento básico" />
  <e k="fillTypeGroup_bulk" v="Alimento básico" />
  <e k="fillTypeGroup_earth" v="Frutos de la tierra" />
  <e k="fillTypeGroup_forage" v="Forraje" />
  <e k="fillTypeGroup_grain" v="Grano" />
  <e k="fillTypeGroup_grass" v="Hierba" />
  <e k="fillTypeGroup_power" v="Alimento potente" />
  <e k="fillTypeGroup_protein" v="Proteína" />
  <e k="fillTypeGroup_silage" v="Ensilaje" />
  <e k="fillType_barley" v="Cebada" />
  <e k="fillType_chaff" v="Paja fina" />
  <e k="fillType_digestate" v="Digestato" />
  <e k="fillType_dryGrass" v="Heno" />
  <e k="fillType_egg" v="Huevos" />
  <e k="fillType_fertilizer" v="Abonadora" />
  <e k="fillType_forage" v="Ración mezclada" />
  <e k="fillType_forage_mixing" v="Forraje" />
  <e k="fillType_fuel" v="Combustible" />
  <e k="fillType_grass" v="Hierba" />
  <e k="fillType_liquidFertilizer" v="Fertilizante líquido" />
  <e k="fillType_liquidManure" v="Purín" />
  <e k="fillType_maize" v="Maíz" />
  <e k="fillType_manure" v="Estiércol" />
  <e k="fillType_milk" v="Leche" />
  <e k="fillType_oilRadish" v="Rábano oleífero" />
  <e k="fillType_pigFood" v="Comida para cerdos" />
  <e k="fillType_pigFoodBase" v="Comida para cerdos (base)" />
  <e k="fillType_pigFoodEarth" v="Comida para cerdos (tierra)" />
  <e k="fillType_pigFoodGrain" v="Comida para cerdos (grano)" />
  <e k="fillType_pigFoodProtein" v="Comida para cerdos (proteína)" />
  <e k="fillType_poplar" v="Álamo" />
  <e k="fillType_potato" v="Patatas" />
  <e k="fillType_powerFood" v="Alimento potente" />
  <e k="fillType_rape" v="Colza" />
  <e k="fillType_roundBale" v="Paca redonda" />
  <e k="fillType_roundBaleBarley" v="Paja para pacas redondas (cebada)" />
  <e k="fillType_roundBaleDryGrass" v="Heno para pacas redondas" />
  <e k="fillType_roundBaleGrass" v="Hierba para pacas redondas" />
  <e k="fillType_roundBaleSilage" v="Ensilaje para pacas redondas" />
  <e k="fillType_roundBaleWheat" v="Paja para pacas redondas (trigo)" />
  <e k="fillType_seeds" v="Semillas" />
  <e k="fillType_silage" v="Ensilaje" />
  <e k="fillType_soybean" v="Habas de soja" />
  <e k="fillType_squareBale" v="Paca rectangular" />
  <e k="fillType_squareBaleBarley" v="Paja para pacas rectangulares (cebada)" />
  <e k="fillType_squareBaleDryGrass" v="Heno para pacas rectangulares" />
  <e k="fillType_squareBaleGrass" v="Hierba para pacas rectangulares" />
  <e k="fillType_squareBaleSilage" v="Ensilaje para pacas rectangulares" />
  <e k="fillType_squareBaleWheat" v="Paja para pacas rectangulares (trigo)" />
  <e k="fillType_straw" v="Paja" />
  <e k="fillType_sugarBeet" v="Remolacha azuc." />
  <e k="fillType_sugarCane" v="Caña de azúcar" />
  <e k="fillType_sunflower" v="Girasol" />
  <e k="fillType_tarp" v="Tarp" />
  <e k="fillType_treeSaplings" v="Plantones" />
  <e k="fillType_water" v="Agua" />
  <e k="fillType_wheat" v="Trigo" />
  <e k="fillType_woodChips" v="Virutas" />
  <e k="fillType_wool" v="Lana" />
  <e k="function_augerWagon" v="Los remolques con transportador (también conocidos como depósitos de seguimiento) son remolques que cuentan con un transportador helicoidal. Se pueden usar para guardar la cosecha y descargarla directamente en otros remolques." />
  <e k="function_baleStacker" v="Un recogedor de pacas facilita la recogida de las pacas." />
  <e k="function_baleTrailer" v="Un remolque de pacas se usa para el transporte de pacas." />
  <e k="function_baleWrapper" v="Una encintadora de pacas envuelve las pacas de hierba para que fermenten y se conviertan en ensilaje." />
  <e k="function_baler" v="Una empacadora convierte paja, hierba o heno en cómodas pacas." />
  <e k="function_beehive" v="Produce miel, que se vende automáticamente para darte dinero." />
  <e k="function_beltSystem" v="Las cintas transportadoras son un modo alternativo de cargar los remolques." />
  <e k="function_beltSystemConnection" v="Las cintas transportadoras son un modo alternativo de cargar los remolques." />
  <e k="function_beltSystemStart" v="Esta cinta recogerá el material del suelo y lo cargará en la cinta transportadora." />
  <e k="function_bigBagFertilizer" v="Las BigBags se utilizan para rellenar los esparcidores de abono." />
  <e k="function_bigBagPigFood" v="Bolas de comida perfectamente equilibradas para alimentar a los cerdos." />
  <e k="function_bigBagSeeds" v="Las BigBags se utilizan para rellenar las sembradoras." />
  <e k="function_car" v="Si conduces un coche, puedes ir rápidamente de A a B." />
  <e k="function_chainsaw" v="Al usar la sierra mecánica puedes cortar árboles." />
  <e k="function_combine" v="Las cosechadoras combinadas sirven para cosechar los tipos de producto indicados." />
  <e k="function_combineForage" v="Las cosechadoras de forraje procesan los tipos de producto indicados." />
  <e k="function_combineNeedsCutter" v="Para que una cosechadora combinada funcione, también necesita una segadora adecuada." />
  <e k="function_combineNeedsForageCutter" v="Para que una cosechadora de forraje funcione, también necesita una segadora adecuada." />
  <e k="function_cultivator" v="El cultivador prepara los campos para la siguiente siembra." />
  <e k="function_cutter" v="Las segadoras se acoplan a las cosechadoras combinadas." />
  <e k="function_cutterForage" v="Las segadoras se acoplan a las cosechadoras de forraje." />
  <e k="function_cutterTrailer" v="Los remolques de segadora pueden transportar segadoras por la carretera de forma segura." />
  <e k="function_decoration" v="Objeto decorativo" />
  <e k="function_dolly" v="La plataforma sirve de unión entre un semirremolque y un tractor." />
  <e k="function_feeder" v="Un remolque mezclador de forraje, heno y paja para crear ración mezclada (que consiste en un 60% de alimento básico y un 40% de alimento potente) que se utiliza para alimentar a las vacas." />
  <e k="function_feederBale" v="Esta máquina toma pacas de paja y las usa para cubrir el suelo de un establo con paja." />
  <e k="function_fertilizer" v="Los pulverizadores de fertilizante mejoran la cosecha en tus campos." />
  <e k="function_fillablePallet" v="Plantones para álamos. Cárgalos en una plantadora de árboles." />
  <e k="function_forageWagon" v="Un remolque de forraje recoge hierba, heno o paja. También se puede llenar con paja fina." />
  <e k="function_forestryCutter" v="Esta máquina sirve para cortar árboles." />
  <e k="function_forestryPlanter" v="Esta máquina planta nuevos árboles en el suelo. Puedes comprar palés de plantones en la tienda para rellenar esta plantadora." />
  <e k="function_forestryTransport" v="Este vehículo se usa para transportar troncos." />
  <e k="function_forestryTreeLimit" v="Nota: Los árboles muy grandes no pueden procesarse." />
  <e k="function_forestryWoodCrusher" v="Esta máquina corta troncos y los convierte en virutas." />
  <e k="function_frontloader" v="Las cargadoras frontales se emplean para apilar y cargar diversos productos. Atención: Las cargadoras frontales solo pueden acoplarse a determinados tractores." />
  <e k="function_greenHouse" v="Produce vegetales, que se venden automáticamente para darte dinero." />
  <e k="function_harvestingPotato" v="Esta cosechadora saca las patatas del suelo. Ten en cuenta que antes de usar esta máquina hace falta una desbrozadora." />
  <e k="function_harvestingSelfPropelledPotato" v="Esta cosechadora autopropulsada recoge las patatas de una sola pasada." />
  <e k="function_harvestingSelfPropelledSugarbeet" v="Esta cosechadora autopropulsada recoge las remolachas de una sola pasada." />
  <e k="function_harvestingSugarbeet" v="Esta cosechadora saca las remolachas del suelo. Ten en cuenta que antes de usar esta máquina hace falta una desbrozadora." />
  <e k="function_haulmTopperPotato" v="Para poder cosechar las patatas, hay que cortar el follaje con una desbrozadora como esta." />
  <e k="function_haulmTopperSugarbeet" v="Para poder cosechar remolachas azucareras, hay que cortar el follaje con una desbrozadora como esta." />
  <e k="function_hayStorage" v="Espacio de almacenamiento para heno y paja" />
  <e k="function_heatingPlant" v="Si dejas virutas en esta estación de venta, se produce calor y ganas dinero." />
  <e k="function_highPressureWasher" v="Con esta máquina puedes limpiar herramientas y vehículos sucios." />
  <e k="function_leveler" v="Las niveladoras se utilizan para mover paja fina y ensilaje y nivelar las pilas en los silos." />
  <e k="function_liquidFertilizerTank" v="Las cubas de abono líquido se utilizan para rellenar los pulverizadores." />
  <e k="function_livestockTrailer" v="Este remolque se usa para el transporte de animales." />
  <e k="function_loadingVehicle" v="Esta máquina puede recoger la remolacha azucarera de la tierra y colocarla en un remolque." />
  <e k="function_lowLoader" v="Este remolque puede transportar otros vehículos." />
  <e k="function_manureSpreader" v="Los esparcidores de estiércol mejoran la cosecha en tus campos." />
  <e k="function_mower" v="Las segadoras cortan la hierba." />
  <e k="function_palletPacker" v="Si cargas esta máquina con patatas o remolacha azucarera, se formarán unos palés bien empaquetados que podrás vender." />
  <e k="function_placeableChipper" v="Los troncos que metas en esta máquina se convertirán en virutas, que se venderán de inmediato a la serrería." />
  <e k="function_plough" v="Con un arado se pueden preparar los campos para la siguiente siembra y también crear nuevos campos." />
  <e k="function_powerGenerator" v="Produce energía, que se vende automáticamente para darte dinero." />
  <e k="function_reverseDriveControl" v="Este vehículo está equipado con control de marcha atrás." />
  <e k="function_roller" v="Con esta máquina, es posible restaurar el estado inicial del suelo (suprimir campos)." />
  <e k="function_saplingPallet" v="Este palé de plantones se usa para llenar la plantadora de árboles." />
  <e k="function_semiTrailer" v="Los semirremolques se pueden acoplar mediante una plataforma." />
  <e k="function_siloExtension" v="Aumenta la capacidad de almacenamiento de tus silos. Debe situarse cerca de los silos de tu granja." />
  <e k="function_skidsteer" v="Las arrastradoras-cargadoras se usan para almacenar y cargar varios productos." />
  <e k="function_slurryContainer" v="Para almacenar temporalmente el purín, se usa un contenedor de campo." />
  <e k="function_slurrySpreader" v="Los esparcidores de purín mejoran la cosecha en tus campos." />
  <e k="function_sowingMachine" v="Con una sembradora, se pueden trabajar los campos." />
  <e k="function_sowingMachineDirect" v="Además, la máquina ofrece la posibilidad de sembrar directamente, sin necesidad de labrar ni arar previamente." />
  <e k="function_sprayer" v="Los pulverizadores aumentan la producción de las cosechas en los campos." />
  <e k="function_sprayerTank" v="Con más depósitos, la capacidad de los pulverizadores aumenta." />
  <e k="function_stumpCutter" v="Esta máquina se usa para cortar las cepas de los árboles." />
  <e k="function_tank" v="Los depósitos sirven para el transporte de líquidos." />
  <e k="function_tedder" v="Una henificadora esparce la hierba para que se seque antes." />
  <e k="function_telehandler" v="Las manipuladoras telescópicas se emplean para apilar y cargar diversos productos.  " />
  <e k="function_tipper" v="Los remolques y volquetes se usan para transportar la cosecha." />
  <e k="function_tractor" v="Los tractores son necesarios para tirar de remolques y herramientas." />
  <e k="function_tractorFrontloader" v="A este tractor también se le puede acoplar una cargadora frontal." />
  <e k="function_treeSaw" v="Con una sierra para árboles puedes cortarlos." />
  <e k="function_truck" v="Los semirremolques pueden acoplarse a un camión." />
  <e k="function_waterTower" v="El depósito de agua puede abastecer tus cubas de agua con agua fresca." />
  <e k="function_weeder" v="Los escardadores arrancan la mala hierba que hay entre los cultivos que aún no han crecido mucho, lo que mejora el estado del campo. Solo se puede usar en las primeras fases de crecimiento de los cultivos." />
  <e k="function_weight" v="Un contrapeso ayuda a mantener las ruedas del tractor en el suelo y mejora su equilibrio." />
  <e k="function_wheelLoader" v="La pala de una cargadora con ruedas se puede usar para transportar diversos productos." />
  <e k="function_windrower" v="Una hileradora dispone la hierba, el heno o la paja en filas (hileras), que luego pueden recogerse con una empacadora o un remolque de forraje." />
  <e k="function_workshop" v="Este taller te permite crear un lugar en cualquier parte del mapa en el que podrás personalizar tu maquinaria sin necesidad de pagar a un mecánico." />
  <e k="shopItem_ashTree" v="Ceniza" />
  <e k="shopItem_beehive" v="Colmenar" />
  <e k="shopItem_bigBagFertilizer" v="BigBag de abono sólido" />
  <e k="shopItem_bigBagPigFood" v="Comida para cerdos" />
  <e k="shopItem_bigBagSeeds" v="BigBag de semillas" />
  <e k="shopItem_birchTree" v="Abedul" />
  <e k="shopItem_chicken" v="Pollo" />
  <e k="shopItem_cow" v="Vaca" />
  <e k="shopItem_firTree" v="Abeto" />
  <e k="shopItem_flieglSemitrailer" v="Camión de plataforma" />
  <e k="shopItem_flieglTimberRunner" v="Transportador de madera" />
  <e k="shopItem_frontloaderBaleFork" v="Pincho para pacas." />
  <e k="shopItem_frontloaderBaleGrab" v="Pinza de pacas en lámina" />
  <e k="shopItem_frontloaderLogFork" v="Horquilla para troncos" />
  <e k="shopItem_frontloaderManureFork" v="Horquillas para estiércol" />
  <e k="shopItem_frontloaderManureGrabFork" v="Horquilla desensiladora" />
  <e k="shopItem_frontloaderPalletFork" v="Porta palets" />
  <e k="shopItem_frontloaderRoundBaleFork" v="Horca para pacas" />
  <e k="shopItem_frontloaderShovel" v="Cazo Universal" />
  <e k="shopItem_frontloaderSilageCutter" v="Densensilador" />
  <e k="shopItem_garantFieldContainer" v="Contenedor de campo" />
  <e k="shopItem_garantTSA" v="Transportador de purín TSA" />
  <e k="shopItem_greenhouseLettuce" v="Invernadero (lechuga)" />
  <e k="shopItem_greenhouseTomatoes" v="Invernadero (tomates)" />
  <e k="shopItem_hayLoft" v="Pajar" />
  <e k="shopItem_heatingPlant" v="Planta térmica" />
  <e k="shopItem_highPressureWasher" v="Lavadora de alta presión" />
  <e k="shopItem_kroneCutterTrailer" v="Remolque de segadora" />
  <e k="shopItem_liquidFertilizerTank" v="Fertilizante líquido" />
  <e k="shopItem_mapleTree" v="Arce" />
  <e k="shopItem_mobileFuelTank" v="Depósito de combustible móvil" />
  <e k="shopItem_oakTree" v="Roble" />
  <e k="shopItem_palletSaplings" v="Plantones en palés" />
  <e k="shopItem_palletSaplingsPoplar" v="Plantones de álamo" />
  <e k="shopItem_picnicShelter01" v="Cabaña de pícnic rectangular" />
  <e k="shopItem_picnicShelter02" v="Cabaña de pícnic redonda" />
  <e k="shopItem_pig" v="Cerdo" />
  <e k="shopItem_poplarTree" v="Álamo" />
  <e k="shopItem_sampoRosenlewC6Cutter" v="C6 Header" />
  <e k="shopItem_shack01" v="Choza pequeña" />
  <e k="shopItem_shack02" v="Choza elevada" />
  <e k="shopItem_shack03" v="Cobertizo" />
  <e k="shopItem_shack04" v="Edificio de servicios" />
  <e k="shopItem_sheep" v="Oveja" />
  <e k="shopItem_siloExtensionLarge" v="Extensión de silo grande" />
  <e k="shopItem_siloExtensionSmall" v="Extensión de silo pequeña" />
  <e k="shopItem_skidSteerBaleFork" v="Pincho para pacas" />
  <e k="shopItem_skidSteerLogFork" v="Horquilla para troncos" />
  <e k="shopItem_skidSteerManureFork" v="Horquilla para estiércol" />
  <e k="shopItem_skidSteerPalletFork" v="Horquilla para palés" />
  <e k="shopItem_skidSteerShovel" v="Cubo universal" />
  <e k="shopItem_skidSteerStumpCutter" v="Descepador" />
  <e k="shopItem_solarCollector" v="Colector solar" />
  <e k="shopItem_storageShelter01" v="Caseta grande" />
  <e k="shopItem_storageShelter02" v="Caseta pequeña" />
  <e k="shopItem_telehandlerBaleFork" v="Horquilla para pacas" />
  <e k="shopItem_telehandlerBaleGrab" v="Pinzas para pacas" />
  <e k="shopItem_telehandlerFork" v="Horquilla" />
  <e k="shopItem_telehandlerLogFork" v="Horquilla para troncos" />
  <e k="shopItem_telehandlerManureFork" v="Horquilla para estiércol" />
  <e k="shopItem_telehandlerShovel" v="Pala" />
  <e k="shopItem_vehicleShelter" v="Caseta para vehículos" />
  <e k="shopItem_vehicleShelterLarge" v="Caseta para vehículos (G)" />
  <e k="shopItem_vehicleShelterSmall" v="Caseta para vehículos (P)" />
  <e k="shopItem_waterTower" v="Depósito de agua" />
  <e k="shopItem_waterTrailer" v="Depósito de agua móvil" />
  <e k="shopItem_wheelLoaderFork" v="Horquilla" />
  <e k="shopItem_wheelLoaderLogFork" v="Horquilla para troncos" />
  <e k="shopItem_wheelLoaderShovel" v="Pala" />
  <e k="shopItem_wheelLoaderSilageFork" v="Horquilla para ensilaje" />
  <e k="shopItem_windTurbine" v="Aerogenerador" />
  <e k="shopItem_workshop" v="Taller de vehículos" />
  <e k="shop_age" v="%s días" />
  <e k="shop_brand" v="Marcas" />
  <e k="shop_capacity" v="Capacidad:" />
  <e k="shop_capacityValue" v="%s %s" />
  <e k="shop_category" v="Categoría" />
  <e k="shop_combinations" v="Apto para:" />
  <e k="shop_configuration" v="Configuración" />
  <e k="shop_configurationPriceBase" v="Precio básico" />
  <e k="shop_configurationPriceOptions" v="Opciones" />
  <e k="shop_configurationPriceTotal" v="Precio total" />
  <e k="shop_configurationTitle" v="Opciones y mejoras" />
  <e k="shop_costsBase" v="Costes básicos" />
  <e k="shop_costsPerDay" v="Por día" />
  <e k="shop_costsPerOperatingHour" v="Por hora de funcionamiento" />
  <e k="shop_doYouWantToBuy" v="¿Quieres comprar por %s?" />
  <e k="shop_doYouWantToLease" v="¿Quieres alquilar por %s?" />
  <e k="shop_fee" v="Tarifa" />
  <e k="shop_fruitTypes" v="Tipos de producto" />
  <e k="shop_fuelValue" v="%d %s" />
  <e k="shop_income" v="Ingresos:" />
  <e k="shop_incomeValue" v="%s/hora" />
  <e k="shop_initialCosts" v="Costes iniciales" />
  <e k="shop_leasedItems" v="Artículos alquilados" />
  <e k="shop_maintenance" v="Mantenimiento:" />
  <e k="shop_maintenanceValue" v="%s/día" />
  <e k="shop_maxPower" v="Potencia máx." />
  <e k="shop_maxPowerValue" v="%s kW / %s CV" />
  <e k="shop_maxSpeed" v="%s %s" />
  <e k="shop_neededPower" v="Potencia necesaria:" />
  <e k="shop_neededPowerValue" v="%s kW / %s CV" />
  <e k="shop_noConfigsAvailable" v="No hay mejoras disponibles." />
  <e k="shop_noVehicles" v="No hay vehículos disponibles." />
  <e k="shop_operatingTime" v="%d.%d h" />
  <e k="shop_ownedItems" v="Artículos en propiedad" />
  <e k="shop_saleRemaingHours" v="La venta termina en:" />
  <e k="shop_saleRemaingHoursValue" v="%d h" />
  <e k="shop_transportationFee" v="Se aplica una tarifa de transporte si no transportas los animales con tu propio remolque para animales." />
  <e k="shop_usage" v="Uso:" />
  <e k="shop_workingWidth" v="Amplitud de trabajo:" />
  <e k="shop_workingWidthValue" v="%s m" />
  <e k="shop_youLease" v="Tu alquiler" />
  <e k="shop_youOwn" v="Tienes" />
  <e k="typeDesc_augerWagon" v="remolque con transportador" />
  <e k="typeDesc_baleLoader" v="cargadora de pacas" />
  <e k="typeDesc_baleTrailer" v="Remolque para pacas" />
  <e k="typeDesc_baleWrapper" v="encintadora de pacas" />
  <e k="typeDesc_baler" v="empacadora" />
  <e k="typeDesc_belt" v="cinta" />
  <e k="typeDesc_car" v="coche" />
  <e k="typeDesc_combine" v="cosechadora combinada" />
  <e k="typeDesc_cornCutter" v="cabezal para maíz" />
  <e k="typeDesc_cultivator" v="cultivador" />
  <e k="typeDesc_cutter" v="segadora" />
  <e k="typeDesc_cutterTrailer" v="remolque de segadora" />
  <e k="typeDesc_defoliator" v="defoliadora" />
  <e k="typeDesc_fertilizerSpreader" v="abonadora" />
  <e k="typeDesc_forageWagon" v="remolque de forraje" />
  <e k="typeDesc_forwarder" v="autocargador" />
  <e k="typeDesc_frontloader" v="cargadora frontal" />
  <e k="typeDesc_frontloaderTool" v="herramienta de cargadora frontal" />
  <e k="typeDesc_greenhouse" v="invernadero" />
  <e k="typeDesc_harvester" v="cosechadora" />
  <e k="typeDesc_haulmTopper" v="desbrozadora" />
  <e k="typeDesc_highPressureWasher" v="Lavadora de alta presión" />
  <e k="typeDesc_leveler" v="Niveladora" />
  <e k="typeDesc_livestockTrailer" v="remolque para ganado" />
  <e k="typeDesc_loaderVehicle" v="vehículo de carga" />
  <e k="typeDesc_lowLoader" v="Camión de plataforma" />
  <e k="typeDesc_manureBarrel" v="cuba de purín" />
  <e k="typeDesc_manureSpreader" v="esparcidor de estiércol" />
  <e k="typeDesc_mixerWagon" v="remolque mezclador" />
  <e k="typeDesc_mower" v="segadora" />
  <e k="typeDesc_pickup" v="recogedor" />
  <e k="typeDesc_planter" v="plantadora" />
  <e k="typeDesc_plough" v="arado" />
  <e k="typeDesc_plow" v="protector" />
  <e k="typeDesc_roller" v="Rodillo" />
  <e k="typeDesc_skidSteerTool" v="herramienta de arrastradora-cargadora" />
  <e k="typeDesc_sowingMachine" v="sembradora" />
  <e k="typeDesc_sprayer" v="pulverizador" />
  <e k="typeDesc_sprayerTank" v="depósito adicional" />
  <e k="typeDesc_strawBlower" v="empajadora" />
  <e k="typeDesc_stumpCutter" v="Descepador" />
  <e k="typeDesc_tedder" v="henificadora" />
  <e k="typeDesc_telehandler" v="manipuladora telescópica" />
  <e k="typeDesc_telehandlerTool" v="herramienta de manipuladora telescópica" />
  <e k="typeDesc_timberTrailer" v="Autocargador de troncos" />
  <e k="typeDesc_tipper" v="volquete" />
  <e k="typeDesc_tractor" v="tractor" />
  <e k="typeDesc_trailer" v="remolque" />
  <e k="typeDesc_treePlanter" v="plantadora de árboles" />
  <e k="typeDesc_treeSaw" v="sierra para árboles" />
  <e k="typeDesc_truck" v="camión" />
  <e k="typeDesc_waterTrailer" v="remolque para el agua" />
  <e k="typeDesc_weeder" v="escardador" />
  <e k="typeDesc_weight" v="contrapeso" />
  <e k="typeDesc_wheelLoader" v="cargadora con ruedas" />
  <e k="typeDesc_wheelLoaderTool" v="herramienta de cargadora con ruedas" />
  <e k="typeDesc_windrower" v="hileradora" />
  <e k="typeDesc_woodCrusher" v="Triturador de madera" />
  <e k="typeDesc_woodHarvester" v="Taladora" />
  <e k="unit_areaShort" v="ha" />
  <e k="unit_bale" v="pacas" />
  <e k="unit_decimalSymbol" v="," />
  <e k="unit_degreeCelsiusShort" v="°C" />
  <e k="unit_digitGroupingSymbol" v="." />
  <e k="unit_dollar" v="Dólar" />
  <e k="unit_dollarShort" v="$" />
  <e k="unit_euro" v="Euro" />
  <e k="unit_euroShort" v="€" />
  <e k="unit_km" v="Kilómetros" />
  <e k="unit_kmh" v="km/h" />
  <e k="unit_kw" v="kW/h" />
  <e k="unit_liter" v="litros" />
  <e k="unit_literShort" v="l" />
  <e k="unit_miles" v="Millas" />
  <e k="unit_minutesShort" v="min." />
  <e k="unit_mph" v="mph" />
  <e k="unit_pieces" v="piezas" />
  <e k="unit_pound" v="Libra" />
  <e k="unit_poundShort" v="£" />
  <e k="unit_timeShort" v="hh:mm" />
</l10n>