﻿<?xml version="1.0" encoding="utf-8"?>
<l10n>
  <e k="category_animals" v="가축" />
  <e k="category_augerWagons" v="오거 왜건" />
  <e k="category_baling" v="포장 기술" />
  <e k="category_beetHarvesting" v="사탕무 수확" />
  <e k="category_belts" v="벨트 시스템" />
  <e k="category_cars" v="차량" />
  <e k="category_chainsaws" v="전기톱" />
  <e k="category_cultivators" v="컬티베이터" />
  <e k="category_cutterTrailers" v="커터 트레일러" />
  <e k="category_cutters" v="커터" />
  <e k="category_dollys" v="돌리" />
  <e k="category_feeding" v="피딩 기술" />
  <e k="category_fertilizerSpreaders" v="비료 살포기" />
  <e k="category_forageHarvesters" v="사료 콤바인" />
  <e k="category_forageHarvestersCutters" v="사료 콤바인 절단기" /> <e k="category_forageHarvesterCutters" v="사료 콤바인 절단기" />
  <e k="category_frontLoaders" v="프론트 로더" />
  <e k="category_harvesters" v="콤바인" />
  <e k="category_leveler" v="수평 조절기" />
  <e k="category_loaderWagons" v="로더왜건" />
  <e k="category_lowloaders" v="저상 적하기" />
  <e k="category_manureSpreaders" v="거름 살포기" />
  <e k="category_misc" v="기타" />
  <e k="category_mowers" v="제초기" />
  <e k="category_pallets" v="팔레트" />
  <e k="category_placeables" v="용품" />
  <e k="category_plows" v="쟁기" />
  <e k="category_potatoHarvesting" v="감자 수확" />
  <e k="category_sales" v="판매" />
  <e k="category_skidSteers" v="스키드 스티어 로더" />
  <e k="category_slurryTanks" v="슬러리 탱크" />
  <e k="category_sowingMachines" v="파종기" />
  <e k="category_sprayers" v="분무기" />
  <e k="category_sugarCaneHarvesting" v="사탕수수 수확" />
  <e k="category_tedders" v="건초기" />
  <e k="category_teleLoaders" v="텔레핸들러" />
  <e k="category_tippers" v="덤프차" />
  <e k="category_tractors" v="트랙터" />
  <e k="category_trucks" v="트럭" />
  <e k="category_weeders" v="제초기" />
  <e k="category_weights" v="웨이트" />
  <e k="category_wheelLoaders" v="휠 로더" />
  <e k="category_windrowers" v="윈드로어" />
  <e k="category_wood" v="임업 관련 장비" />
  <e k="configuration_attacherJoint" v="연결 도구" />
  <e k="configuration_baseColor" v="주 색상" />
  <e k="configuration_design" v="디자인" />
  <e k="configuration_designColor" v="디자인 색상" />
  <e k="configuration_frontloaderAttacher" v="프론트로더 연결 도구" />
  <e k="configuration_inputAttacher3Point" v="삼점" />
  <e k="configuration_inputAttacherFrontLoader" v="프론트로더" />
  <e k="configuration_inputAttacherJoint" v="연결 도구 종류" />
  <e k="configuration_inputAttacherSkidSteer" v="스키드 스티어 로더" />
  <e k="configuration_inputAttacherTeleLoaders" v="텔레핸들러" />
  <e k="configuration_inputAttacherWheelLoader" v="휠로더" />
  <e k="configuration_motorSetup" v="엔진 설정" />
  <e k="configuration_rimColor" v="가장자리 색상" />
  <e k="configuration_trailerAttacherBack" v="+ 후면 연결 도구" />
  <e k="configuration_valueBaleTrailer" v="베일 구성" />
  <e k="configuration_valueColor" v="디자인" />
  <e k="configuration_valueCrawler" v="크롤러 트랙" />
  <e k="configuration_valueDefault" v="표준" />
  <e k="configuration_valueDesign01" v="디자인 1" />
  <e k="configuration_valueDesign02" v="디자인 2" />
  <e k="configuration_valueDesign03" v="디자인 3" />
  <e k="configuration_valueDesign04" v="디자인 4" />
  <e k="configuration_valueDesign05" v="디자인 5" />
  <e k="configuration_valueDesign06" v="디자인 6" />
  <e k="configuration_valueDesign07" v="디자인 7" />
  <e k="configuration_valueDesign08" v="디자인 8" />
  <e k="configuration_valueDesign09" v="디자인 9" />
  <e k="configuration_valueForestry" v="임업" />
  <e k="configuration_valueGT1" v="GT 줄무늬 한 줄" />
  <e k="configuration_valueGT2" v="GT 줄무늬 두 줄" />
  <e k="configuration_valueNewHolland" v="New Holland" />
  <e k="configuration_valueStealth" v="스텔스" />
  <e k="configuration_valueTracks" v="크롤러 트랙" />
  <e k="configuration_valueTripleWheelsAll" v="트리플 바퀴" />
  <e k="configuration_valueTwinWheelsAll" v="트윈 바퀴" />
  <e k="configuration_valueTwinWheelsBack" v="트윈 뒷바퀴" />
  <e k="configuration_valueTwinWheelsFront" v="트윈 앞바퀴" />
  <e k="configuration_valueTwinWheelsNarrow" v="소폭 트윈 바퀴" />
  <e k="configuration_valueVogelsangSynCut" v="Vogelsang SynCult" />
  <e k="configuration_valueWheelBroad" v="광폭 타이어" />
  <e k="configuration_valueWheelNarrow" v="소폭 타이어" />
  <e k="configuration_valueWheelWeights" v="바퀴 무게" />
  <e k="configuration_valueWhite" v="표준" />
  <e k="configuration_valueWoodTrailer" v="목재 구성" />
  <e k="configuration_wheelSetup" v="바퀴 설정" />
  <e k="defaultSavegameName" v="내 저장된 게임" />
  <e k="fillTypeGroup_base" v="기본 사료" />
  <e k="fillTypeGroup_bulk" v="기본 사료" />
  <e k="fillTypeGroup_earth" v="토양 작물" />
  <e k="fillTypeGroup_forage" v="사료" />
  <e k="fillTypeGroup_grain" v="곡물" />
  <e k="fillTypeGroup_grass" v="목초" />
  <e k="fillTypeGroup_power" v="파워 사료" />
  <e k="fillTypeGroup_protein" v="단백질" />
  <e k="fillTypeGroup_silage" v="사일리지" />
  <e k="fillType_barley" v="보리" />
  <e k="fillType_chaff" v="왕겨" />
  <e k="fillType_digestate" v="다이제스테이트" />
  <e k="fillType_dryGrass" v="건초" />
  <e k="fillType_egg" v="달걀" />
  <e k="fillType_fertilizer" v="비료" />
  <e k="fillType_forage" v="완전 배합사료" />
  <e k="fillType_forage_mixing" v="사료" />
  <e k="fillType_fuel" v="연료" />
  <e k="fillType_grass" v="목초" />
  <e k="fillType_liquidFertilizer" v="액체 비료" />
  <e k="fillType_liquidManure" v="슬러리" />
  <e k="fillType_maize" v="옥수수" />
  <e k="fillType_manure" v="거름" />
  <e k="fillType_milk" v="우유" />
  <e k="fillType_oilRadish" v="오일씨앗 무" />
  <e k="fillType_pigFood" v="돼지 사료" />
  <e k="fillType_pigFoodBase" v="돼지 사료(기본)" />
  <e k="fillType_pigFoodEarth" v="돼지 사료(토양)" />
  <e k="fillType_pigFoodGrain" v="돼지 사료(곡물)" />
  <e k="fillType_pigFoodProtein" v="돼지 사료(단백질)" />
  <e k="fillType_poplar" v="포플러" />
  <e k="fillType_potato" v="감자" />
  <e k="fillType_powerFood" v="파워 사료" />
  <e k="fillType_rape" v="유채" />
  <e k="fillType_roundBale" v="원형 더미" />
  <e k="fillType_roundBaleBarley" v="원형 짚더미(보리)" />
  <e k="fillType_roundBaleDryGrass" v="원형 건초 더미" />
  <e k="fillType_roundBaleGrass" v="원형 목초 더미" />
  <e k="fillType_roundBaleSilage" v="원형 사일리지 더미" />
  <e k="fillType_roundBaleWheat" v="원형 짚더미(밀)" />
  <e k="fillType_seeds" v="씨앗" />
  <e k="fillType_silage" v="사일리지" />
  <e k="fillType_soybean" v="콩" />
  <e k="fillType_squareBale" v="사각형 더미" />
  <e k="fillType_squareBaleBarley" v="사각형 짚더미(보리)" />
  <e k="fillType_squareBaleDryGrass" v="사각형 건초 더미" />
  <e k="fillType_squareBaleGrass" v="사각형 목초 더미" />
  <e k="fillType_squareBaleSilage" v="사각형 사일리지 더미" />
  <e k="fillType_squareBaleWheat" v="사각형 짚더미(밀)" />
  <e k="fillType_straw" v="밀짚" />
  <e k="fillType_sugarBeet" v="사탕무" />
  <e k="fillType_sugarCane" v="사탕수수" />
  <e k="fillType_sunflower" v="해바라기" />
  <e k="fillType_tarp" v="Tarp" />
  <e k="fillType_treeSaplings" v="묘목" />
  <e k="fillType_water" v="물" />
  <e k="fillType_wheat" v="밀" />
  <e k="fillType_woodChips" v="나무 부스러기" />
  <e k="fillType_wool" v="양털" />
  <e k="function_augerWagon" v="오거 왜건(체이서 빈이라고도 함)은 자체 스크루 컨베이어가 장착된 트레일러입니다. 수확물을 저장하거나 다른 트레일러로 직접 비울 수도 있습니다." />
  <e k="function_baleStacker" v="짚더미 수거 장비를 사용하면 간편하게 짚더미를 거둬들일 수 있습니다." />
  <e k="function_baleTrailer" v="짚더미 트레일러는 짚더미를 수송하는 데 사용됩니다." />
  <e k="function_baleWrapper" v="베일 포장기를 사용하면 목초 더미를 포일로 포장하여 사일리지에서 발효시킬 수 있습니다." />
  <e k="function_baler" v="베일러는 헐거운 밀짚, 목초 또는 건초를 편리한 더미로 바꿉니다." />
  <e k="function_beehive" v="자동으로 판매되어 수익을 내는 꿀을 생산합니다." />
  <e k="function_beltSystem" v="컨베이어 벨트로도 트레일러에 짐을 실을 수 있습니다." />
  <e k="function_beltSystemConnection" v="컨베이어 벨트로도 트레일러에 짐을 실을 수 있습니다." />
  <e k="function_beltSystemStart" v="이 벨트는 물건을 바닥에서 싣고 다음 컨베이어 벨트까지 옮겨줍니다." />
  <e k="function_bigBagFertilizer" v="자루는 비료 살포기를 채우기 위해 사용됩니다." />
  <e k="function_bigBagPigFood" v="완벽하게 균형 잡힌 돼지 사료입니다." />
  <e k="function_bigBagSeeds" v="자루는 파종기를 채우기 위해 사용됩니다." />
  <e k="function_car" v="차량을 운행하면 A에서 B로 빠르게 이동할 수 있습니다." />
  <e k="function_chainsaw" v="전기톱을 사용하면 나무를 벨 수 있습니다." />
  <e k="function_combine" v="콤바인은 지정된 작물을 수확합니다." />
  <e k="function_combineForage" v="사료 콤바인은 지정된 작물 유형을 가공합니다." />
  <e k="function_combineNeedsCutter" v="콤바인을 작동하려면 적절한 커터가 필요합니다." />
  <e k="function_combineNeedsForageCutter" v="사료 콤바인을 작동하려면 적절한 헤더가 필요합니다." />
  <e k="function_cultivator" v="컬티베이터를 사용하여 다음번에 밭에 씨를 뿌릴 수 있도록 준비합니다." />
  <e k="function_cutter" v="커터는 콤바인에 장착하여 사용합니다." />
  <e k="function_cutterForage" v="헤더는 사료 콤바인에 장착하여 사용합니다." />
  <e k="function_cutterTrailer" v="커터 트레일러는 커터를 안전하게 수송합니다." />
  <e k="function_decoration" v="장식용 개체" />
  <e k="function_dolly" v="돌리는 세미트레일러와 트랙터의 연결부 역할을 합니다." />
  <e k="function_feeder" v="사료 믹서 왜건은 사일리지, 건초 및 밀짚을 혼합하여 젖소에게 먹일 수 있는 완전 배합사료(기본 사료 60%, 영양 사료 40%로 구성)를 만듭니다." />
  <e k="function_feederBale" v="이 장비를 사용하면 밀짚 더미를 가져다 소 외양간 바닥을 덮는 데 사용할 수 있습니다." />
  <e k="function_fertilizer" v="비료 분무기를 사용하면 수확을 개선할 수 있습니다." />
  <e k="function_fillablePallet" v="포플러 묘목입니다. 묘목 이앙기에 실으십시오." />
  <e k="function_forageWagon" v="사료 왜건은 목초, 건초, 밀집을 거둬들입니다. 왕겨로 채워질 수도 있습니다." />
  <e k="function_forestryCutter" v="이 장비는 나무를 베는 데 사용됩니다." />
  <e k="function_forestryPlanter" v="이 장비는 밭에 새 묘목을 심는 데 사용됩니다. 상점에서 묘목 팔레트를 구입하여 이앙기를 채울 수 있습니다." />
  <e k="function_forestryTransport" v="이 장비는 통나무 목재를 수송하는 데 사용됩니다." />
  <e k="function_forestryTreeLimit" v="참고: 너무 큰 나무는 벨 수 없습니다." />
  <e k="function_forestryWoodCrusher" v="이 장비로는 나무의 큰 줄기로 나뭇조각을 만듭니다." />
  <e k="function_frontloader" v="프론트 로더는 다양한 물건을 쌓고 싣는 데 사용됩니다. 주의: 지정한 트랙터에만 프론트 로더를 장착할 수 있습니다." />
  <e k="function_greenHouse" v="자동으로 판매되어 수익을 내는 채소를 생산합니다." />
  <e k="function_harvestingPotato" v="이 콤바인은 감자를 땅속에서 캐냅니다. 이 장비를 사용하기 전에 홈 토퍼가 필요합니다." />
  <e k="function_harvestingSelfPropelledPotato" v="이 자가 추진 콤바인은 한꺼번에 감자를 거둬들입니다." />
  <e k="function_harvestingSelfPropelledSugarbeet" v="이 자가 추진 콤바인은 한꺼번에 사탕무를 거둬들입니다." />
  <e k="function_harvestingSugarbeet" v="이 콤바인은 사탕무를 땅속에서 캐냅니다. 이 장비를 사용하기 전에 홈 토퍼가 필요합니다." />
  <e k="function_haulmTopperPotato" v="감자를 수확하려면 먼저 이와 같은 홈 토퍼로 잎과 줄기를 잘라내야 합니다." />
  <e k="function_haulmTopperSugarbeet" v="사탕무를 수확하려면 먼저 이와 같은 홈 토퍼로 잎과 줄기를 잘라내야 합니다." />
  <e k="function_hayStorage" v="밀짚 및 건초 저장소입니다." />
  <e k="function_heatingPlant" v="나무 부스러기를 판매소에 놓으면 열을 발생시켜 수익을 낼 수 있습니다." />
  <e k="function_highPressureWasher" v="이 장비로 더러운 장비나 도구를 세척할 수 있습니다." />
  <e k="function_leveler" v="수평 조절기는 여물과 사일리지를 옮기고 저장탑에 쌓인 더미의 수평을 맞추기 위해 사용됩니다." />
  <e k="function_liquidFertilizerTank" v="액체 비료 탱크는 분무기를 채우기 위해 사용됩니다." />
  <e k="function_livestockTrailer" v="트레일러는 가축 수송에 사용됩니다." />
  <e k="function_loadingVehicle" v="이 장비는 땅에서 사탕무를 모아 트레일러에 싣습니다." />
  <e k="function_lowLoader" v="이 트레일러는 다른 장비를 수송할 수 있습니다." />
  <e k="function_manureSpreader" v="거름 살포기를 사용하면 밭의 수확을 개선할 수 있습니다." />
  <e k="function_mower" v="제초기로는 잔디를 깎습니다." />
  <e k="function_palletPacker" v="이 장비에 감자나 사탕무를 실으면 판매할 수 있도록 잘 포장된 팔레트가 만들어집니다." />
  <e k="function_placeableChipper" v="어떤 목재든 이 장비에 넣으면 나무 부스러기로 만들어져 즉시 제재소에 판매할 수 있습니다." />
  <e k="function_plough" v="쟁기로 다음번에 밭에 씨를 뿌릴 준비를 하거나 새로운 밭을 일굽니다." />
  <e k="function_powerGenerator" v="자동으로 판매되어 수익을 내는 전력을 생산합니다." />
  <e k="function_reverseDriveControl" v="이 장비에는 후진 구동 제어 시스템이 장착되어 있습니다." />
  <e k="function_roller" v="이 장비로 땅을 초기 상태로 복구할 수 있습니다(밭 삭제)." />
  <e k="function_saplingPallet" v="이 묘목 팔레트는 묘목 이앙기를 채우는 데 쓰입니다." />
  <e k="function_semiTrailer" v="세미트레일러는 돌리를 사용하여 장착할 수 있습니다." />
  <e k="function_siloExtension" v="저장탑의 저장 용량을 늘립니다. 농장의 저장탑 근처에 배치해야 합니다." />
  <e k="function_skidsteer" v="스키드 스티어 로더는 다양한 물건을 옮기는 데 사용할 수 있습니다." />
  <e k="function_slurryContainer" v="필드 컨테이너는 슬러리 임시 저장소로 사용됩니다." />
  <e k="function_slurrySpreader" v="슬러리 살포기를 사용하면 밭의 수확을 개선할 수 있습니다." />
  <e k="function_sowingMachine" v="파종기로 밭을 갈 수 있습니다." />
  <e k="function_sowingMachineDirect" v="또한 이 장비를 사용하면 직접 씨를 뿌릴 수 있습니다(사전에 일구거나 쟁기질할 필요 없음)." />
  <e k="function_sprayer" v="비료 분무기를 사용하면 수확을 개선할 수 있습니다." />
  <e k="function_sprayerTank" v="탱크를 늘리면 분무기의 용량이 증가합니다." />
  <e k="function_stumpCutter" v="이 장비는 나무의 나무 밑동을 자르는 데 사용됩니다." />
  <e k="function_tank" v="탱크 트럭은 액체를 수송합니다." />
  <e k="function_tedder" v="건초기는 건초가 빨리 마를 수 있도록 뒤집어줍니다." />
  <e k="function_telehandler" v="텔레핸들러는 다양한 물건을 쌓고 싣는 데 사용됩니다." />
  <e k="function_tipper" v="덤프차/트레일러는 수확물을 수송하는 데 사용됩니다." />
  <e k="function_tractor" v="트랙터는 트레일러와 도구를 끄는 데 필요합니다." />
  <e k="function_tractorFrontloader" v="이 트랙터에는 프론트 로더도 장착할 수 있습니다." />
  <e k="function_treeSaw" v="나무용 톱으로 나무를 벨 수 있습니다." />
  <e k="function_truck" v="트럭에는 세미트레일러를 장착할 수 있습니다." />
  <e k="function_waterTower" v="급수탑은 물탱크에 신선한 물을 공급합니다." />
  <e k="function_weeder" v="제초기로 작은 재배 작물 사이의 잡초를 뽑아 밭의 상태를 개선할 수 있습니다. 첫 번째 작물 재배 단계에서만 사용할 수 있습니다." />
  <e k="function_weight" v="웨이트를 사용하면 트랙터 바퀴가 지면에 안정적으로 닿아 균형을 유지하도록 해줍니다." />
  <e k="function_wheelLoader" v="휠 로더의 셔블은 다양한 물건을 옮기는 데 사용할 수 있습니다." />
  <e k="function_windrower" v="윈드로어는 목초, 건초, 밀짚을 줄(널린 밀짚의 줄)을 맞춰 정리하여, 나중에 사료 왜건이나 베일러가 수거해가도록 합니다." />
  <e k="function_workshop" v="이 작업장에서는 정비사에게 임금을 지급할 필요 없이 장비를 꾸밀 수 있는 지도상의 어느 곳에나 위치를 생성할 수 있습니다." />
  <e k="shopItem_ashTree" v="재" />
  <e k="shopItem_beehive" v="양봉장" />
  <e k="shopItem_bigBagFertilizer" v="고체 비료 자루" />
  <e k="shopItem_bigBagPigFood" v="돼지 사료 자루" />
  <e k="shopItem_bigBagSeeds" v="씨앗 자루" />
  <e k="shopItem_birchTree" v="자작나무" />
  <e k="shopItem_chicken" v="닭" />
  <e k="shopItem_cow" v="소" />
  <e k="shopItem_firTree" v="전나무" />
  <e k="shopItem_flieglSemitrailer" v="로우 로더" />
  <e k="shopItem_flieglTimberRunner" v="목재 수송 차량" />
  <e k="shopItem_frontloaderBaleFork" v="짚더미 스파이크" />
  <e k="shopItem_frontloaderBaleGrab" v="짚더미 포장 기구" />
  <e k="shopItem_frontloaderLogFork" v="로그 포크" />
  <e k="shopItem_frontloaderManureFork" v="거름 포크" />
  <e k="shopItem_frontloaderManureGrabFork" v="갈고리 포크" />
  <e k="shopItem_frontloaderPalletFork" v="팔레트 포크" />
  <e k="shopItem_frontloaderRoundBaleFork" v="원형 짚더미 포크" />
  <e k="shopItem_frontloaderShovel" v="범용 버킷" />
  <e k="shopItem_frontloaderSilageCutter" v="사일리지 커터" />
  <e k="shopItem_garantFieldContainer" v="필드 컨테이너" />
  <e k="shopItem_garantTSA" v="TSA 슬러리 수송 차량" />
  <e k="shopItem_greenhouseLettuce" v="온실(상추)" />
  <e k="shopItem_greenhouseTomatoes" v="온실(토마토)" />
  <e k="shopItem_hayLoft" v="건초 헛간" />
  <e k="shopItem_heatingPlant" v="열병합 발전소" />
  <e k="shopItem_highPressureWasher" v="고압 세척기" />
  <e k="shopItem_kroneCutterTrailer" v="커터 트레일러" />
  <e k="shopItem_liquidFertilizerTank" v="액체 비료 탱크" />
  <e k="shopItem_mapleTree" v="단풍나무" />
  <e k="shopItem_mobileFuelTank" v="이동식 연료 탱크" />
  <e k="shopItem_oakTree" v="오크" />
  <e k="shopItem_palletSaplings" v="팔레트 묘목" />
  <e k="shopItem_palletSaplingsPoplar" v="포플러 묘목 팔레트" />
  <e k="shopItem_picnicShelter01" v="사각형 피크닉 지구" />
  <e k="shopItem_picnicShelter02" v="원형 피크닉 지구" />
  <e k="shopItem_pig" v="돼지" />
  <e k="shopItem_poplarTree" v="포플러" />
  <e k="shopItem_sampoRosenlewC6Cutter" v="C6 Header" />
  <e k="shopItem_shack01" v="작은 판잣집" />
  <e k="shopItem_shack02" v="높은 지대 판잣집" />
  <e k="shopItem_shack03" v="헛간" />
  <e k="shopItem_shack04" v="다목적 건물" />
  <e k="shopItem_sheep" v="양" />
  <e k="shopItem_siloExtensionLarge" v="큰 확장형 저장탑" />
  <e k="shopItem_siloExtensionSmall" v="작은 확장형 저장탑" />
  <e k="shopItem_skidSteerBaleFork" v="짚더미 스파이크" />
  <e k="shopItem_skidSteerLogFork" v="로그 포크" />
  <e k="shopItem_skidSteerManureFork" v="거름 포크" />
  <e k="shopItem_skidSteerPalletFork" v="팔레트 포크" />
  <e k="shopItem_skidSteerShovel" v="범용 버킷" />
  <e k="shopItem_skidSteerStumpCutter" v="그루터기 절단기" />
  <e k="shopItem_solarCollector" v="태양열 집열기" />
  <e k="shopItem_storageShelter01" v="큰 저장소" />
  <e k="shopItem_storageShelter02" v="작은 저장소" />
  <e k="shopItem_telehandlerBaleFork" v="짚더미 포크" />
  <e k="shopItem_telehandlerBaleGrab" v="포장 짚더미 핸들러" />
  <e k="shopItem_telehandlerFork" v="팔레트 포크" />
  <e k="shopItem_telehandlerLogFork" v="로그 포크" />
  <e k="shopItem_telehandlerManureFork" v="거름 포크" />
  <e k="shopItem_telehandlerShovel" v="삽" />
  <e k="shopItem_vehicleShelter" v="장비 보관소" />
  <e k="shopItem_vehicleShelterLarge" v="큰 장비 보관소" />
  <e k="shopItem_vehicleShelterSmall" v="작은 장비 보관소" />
  <e k="shopItem_waterTower" v="급수탑" />
  <e k="shopItem_waterTrailer" v="이동식 물 탱크" />
  <e k="shopItem_wheelLoaderFork" v="포크" />
  <e k="shopItem_wheelLoaderLogFork" v="로그 포크" />
  <e k="shopItem_wheelLoaderShovel" v="셔블" />
  <e k="shopItem_wheelLoaderSilageFork" v="사일리지 포크" />
  <e k="shopItem_windTurbine" v="풍력 에너지 변환기" />
  <e k="shopItem_workshop" v="장비 작업장" />
  <e k="shop_age" v="%s일" />
  <e k="shop_brand" v="브랜드" />
  <e k="shop_capacity" v="용량:" />
  <e k="shop_capacityValue" v="%s %s" />
  <e k="shop_category" v="카테고리" />
  <e k="shop_combinations" v="적합한 대상:" />
  <e k="shop_configuration" v="구성" />
  <e k="shop_configurationPriceBase" v="기본 가격" />
  <e k="shop_configurationPriceOptions" v="옵션" />
  <e k="shop_configurationPriceTotal" v="총 가격" />
  <e k="shop_configurationTitle" v="옵션 및 업그레이드" />
  <e k="shop_costsBase" v="기본 비용" />
  <e k="shop_costsPerDay" v="하루 대여비" />
  <e k="shop_costsPerOperatingHour" v="작동 시간당 비용" />
  <e k="shop_doYouWantToBuy" v="%s에 구입하시겠습니까?" />
  <e k="shop_doYouWantToLease" v="%s에 임대하시겠습니까?" />
  <e k="shop_fee" v="비용" />
  <e k="shop_fruitTypes" v="작물 종류" />
  <e k="shop_fuelValue" v="%d %s" />
  <e k="shop_income" v="수입:" />
  <e k="shop_incomeValue" v="%s/시간" />
  <e k="shop_initialCosts" v="초기 비용" />
  <e k="shop_leasedItems" v="임대한 아이템" />
  <e k="shop_maintenance" v="유지관리:" />
  <e k="shop_maintenanceValue" v="%s/일" />
  <e k="shop_maxPower" v="최대 파워:" />
  <e k="shop_maxPowerValue" v="%skW / %shp" />
  <e k="shop_maxSpeed" v="%s %s" />
  <e k="shop_neededPower" v="필요한 파워:" />
  <e k="shop_neededPowerValue" v="%skW / %shp" />
  <e k="shop_noConfigsAvailable" v="사용 가능한 업그레이드가 없습니다!" />
  <e k="shop_noVehicles" v="사용 가능한 장비가 없습니다!" />
  <e k="shop_operatingTime" v="%d.%d시" />
  <e k="shop_ownedItems" v="소유한 아이템" />
  <e k="shop_saleRemaingHours" v="판매 종료:" />
  <e k="shop_saleRemaingHoursValue" v="%d 시간" />
  <e k="shop_transportationFee" v="소유한 가축 트레일러로 가축을 수송하지 않으면 수송 비용이 적용됩니다!" />
  <e k="shop_usage" v="사용:" />
  <e k="shop_workingWidth" v="작업 너비:" />
  <e k="shop_workingWidthValue" v="%sm" />
  <e k="shop_youLease" v="임대" />
  <e k="shop_youOwn" v="내 소유" />
  <e k="typeDesc_augerWagon" v="오거 왜건" />
  <e k="typeDesc_baleLoader" v="베일 로더" />
  <e k="typeDesc_baleTrailer" v="건초 트레일러" />
  <e k="typeDesc_baleWrapper" v="베일 포장기" />
  <e k="typeDesc_baler" v="베일러" />
  <e k="typeDesc_belt" v="벨트" />
  <e k="typeDesc_car" v="자동차" />
  <e k="typeDesc_combine" v="콤바인" />
  <e k="typeDesc_cornCutter" v="옥수수 헤더" />
  <e k="typeDesc_cultivator" v="컬티베이터" />
  <e k="typeDesc_cutter" v="커터" />
  <e k="typeDesc_cutterTrailer" v="커터 트레일러" />
  <e k="typeDesc_defoliator" v="고엽제" />
  <e k="typeDesc_fertilizerSpreader" v="비료 살포기" />
  <e k="typeDesc_forageWagon" v="사료 왜건" />
  <e k="typeDesc_forwarder" v="포워더" />
  <e k="typeDesc_frontloader" v="프론트로더" />
  <e k="typeDesc_frontloaderTool" v="프론트로더 도구" />
  <e k="typeDesc_greenhouse" v="온실" />
  <e k="typeDesc_harvester" v="콤바인" />
  <e k="typeDesc_haulmTopper" v="토퍼" />
  <e k="typeDesc_highPressureWasher" v="고압 세척기" />
  <e k="typeDesc_leveler" v="수평 조절기" />
  <e k="typeDesc_livestockTrailer" v="가축 트레일러" />
  <e k="typeDesc_loaderVehicle" v="장비 싣는 중" />
  <e k="typeDesc_lowLoader" v="로우 로더" />
  <e k="typeDesc_manureBarrel" v="슬러리 탱크 트럭" />
  <e k="typeDesc_manureSpreader" v="거름 살포기" />
  <e k="typeDesc_mixerWagon" v="믹서 왜건" />
  <e k="typeDesc_mower" v="제초기" />
  <e k="typeDesc_pickup" v="수거" />
  <e k="typeDesc_planter" v="이앙기" />
  <e k="typeDesc_plough" v="쟁기" />
  <e k="typeDesc_plow" v="보호막" />
  <e k="typeDesc_roller" v="롤러" />
  <e k="typeDesc_skidSteerTool" v="스키드 스티어 로더 도구" />
  <e k="typeDesc_sowingMachine" v="파종기" />
  <e k="typeDesc_sprayer" v="분무기" />
  <e k="typeDesc_sprayerTank" v="추가 탱크" />
  <e k="typeDesc_strawBlower" v="밀짚 송풍기" />
  <e k="typeDesc_stumpCutter" v="나무 밑동 커터" />
  <e k="typeDesc_tedder" v="건초기" />
  <e k="typeDesc_telehandler" v="텔레핸들러" />
  <e k="typeDesc_telehandlerTool" v="텔레핸들러 도구" />
  <e k="typeDesc_timberTrailer" v="목재 포워더" />
  <e k="typeDesc_tipper" v="덤프차" />
  <e k="typeDesc_tractor" v="트랙터" />
  <e k="typeDesc_trailer" v="트레일러" />
  <e k="typeDesc_treePlanter" v="묘목 이앙기" />
  <e k="typeDesc_treeSaw" v="나무 톱" />
  <e k="typeDesc_truck" v="트럭" />
  <e k="typeDesc_waterTrailer" v="급수 트레일러" />
  <e k="typeDesc_weeder" v="제초기" />
  <e k="typeDesc_weight" v="웨이트" />
  <e k="typeDesc_wheelLoader" v="휠로더" />
  <e k="typeDesc_wheelLoaderTool" v="휠로더 도구" />
  <e k="typeDesc_windrower" v="윈드로어" />
  <e k="typeDesc_woodCrusher" v="목재 크러셔" />
  <e k="typeDesc_woodHarvester" v="목재 하베스터" />
  <e k="unit_areaShort" v="헥타르" />
  <e k="unit_bale" v="더미" />
  <e k="unit_decimalSymbol" v="." />
  <e k="unit_degreeCelsiusShort" v="°C" />
  <e k="unit_digitGroupingSymbol" v="," />
  <e k="unit_dollar" v="달러" />
  <e k="unit_dollarShort" v="$" />
  <e k="unit_euro" v="유로" />
  <e k="unit_euroShort" v="€" />
  <e k="unit_km" v="km" />
  <e k="unit_kmh" v="km/h" />
  <e k="unit_kw" v="kW/h" />
  <e k="unit_liter" v="리터" />
  <e k="unit_literShort" v="l" />
  <e k="unit_miles" v="마일" />
  <e k="unit_minutesShort" v="분" />
  <e k="unit_mph" v="mph" />
  <e k="unit_pieces" v="조각" />
  <e k="unit_pound" v="파운드" />
  <e k="unit_poundShort" v="£" />
  <e k="unit_timeShort" v="시간:분" />
</l10n>