﻿<?xml version="1.0" encoding="utf-8"?>
<l10n>
  <e k="category_animals" v="家畜関連機材" />
  <e k="category_augerWagons" v="オーガーワゴン" />
  <e k="category_baling" v="ベール技術機" />
  <e k="category_beetHarvesting" v="テンサイの収穫機" />
  <e k="category_belts" v="ベルトシステム" />
  <e k="category_cars" v="車" />
  <e k="category_chainsaws" v="チェーンソー" />
  <e k="category_cultivators" v="カルティベーター" />
  <e k="category_cutterTrailers" v="カッタートレーラー" />
  <e k="category_cutters" v="カッター" />
  <e k="category_dollys" v="ドリー" />
  <e k="category_feeding" v="給餌技術" />
  <e k="category_fertilizerSpreaders" v="肥料散布機" />
  <e k="category_forageHarvesters" v="飼料コンバイン" />
  <e k="category_forageHarvestersCutters" v="飼料刈取機" />  <e k="category_forageHarvesterCutters" v="飼料刈取機" />
  <e k="category_frontLoaders" v="フロントローダー" />
  <e k="category_harvesters" v="収穫機" />
  <e k="category_leveler" v="地ならし機" />
  <e k="category_loaderWagons" v="ローダーワゴン" />
  <e k="category_lowloaders" v="ローローダー" />
  <e k="category_manureSpreaders" v="堆肥散布機" />
  <e k="category_misc" v="その他" />
  <e k="category_mowers" v="芝刈り機" />
  <e k="category_pallets" v="パレット" />
  <e k="category_placeables" v="配置用オブジェクト" />
  <e k="category_plows" v="プラウ" />
  <e k="category_potatoHarvesting" v="ジャガイモの収穫機" />
  <e k="category_sales" v="セール" />
  <e k="category_skidSteers" v="スキッドステアローダー" />
  <e k="category_slurryTanks" v="スラリータンク" />
  <e k="category_sowingMachines" v="播種機" />
  <e k="category_sprayers" v="散布機" />
  <e k="category_sugarCaneHarvesting" v="サトウキビの収穫" />
  <e k="category_tedders" v="テッダー" />
  <e k="category_teleLoaders" v="テレハンドラー" />
  <e k="category_tippers" v="トレーラー" />
  <e k="category_tractors" v="トラクター" />
  <e k="category_trucks" v="トラック" />
  <e k="category_weeders" v="草刈り機" />
  <e k="category_weights" v="ウェイト" />
  <e k="category_wheelLoaders" v="ホイールローダー" />
  <e k="category_windrowers" v="ウィンドロウアー" />
  <e k="category_wood" v="林業機械" />
  <e k="configuration_attacherJoint" v="取付具" />
  <e k="configuration_baseColor" v="メインの色" />
  <e k="configuration_design" v="カスタマイズ" />
  <e k="configuration_designColor" v="選べる色" />
  <e k="configuration_frontloaderAttacher" v="フロントローダー取付具" />
  <e k="configuration_inputAttacher3Point" v="3ポイント" />
  <e k="configuration_inputAttacherFrontLoader" v="フロントローダー" />
  <e k="configuration_inputAttacherJoint" v="取付具の種類" />
  <e k="configuration_inputAttacherSkidSteer" v="スキッドステアローダー" />
  <e k="configuration_inputAttacherTeleLoaders" v="テレハンドラー" />
  <e k="configuration_inputAttacherWheelLoader" v="ホイールローダー" />
  <e k="configuration_motorSetup" v="エンジンの構成" />
  <e k="configuration_rimColor" v="リムの色" />
  <e k="configuration_trailerAttacherBack" v="+後部の取付具" />
  <e k="configuration_valueBaleTrailer" v="ベールの設定" />
  <e k="configuration_valueColor" v="デザイン" />
  <e k="configuration_valueCrawler" v="キャタピラトラック" />
  <e k="configuration_valueDefault" v="スタンダード" />
  <e k="configuration_valueDesign01" v="デザイン1" />
  <e k="configuration_valueDesign02" v="デザイン2" />
  <e k="configuration_valueDesign03" v="デザイン3" />
  <e k="configuration_valueDesign04" v="デザイン4" />
  <e k="configuration_valueDesign05" v="デザイン5" />
  <e k="configuration_valueDesign06" v="デザイン6" />
  <e k="configuration_valueDesign07" v="デザイン7" />
  <e k="configuration_valueDesign08" v="デザイン8" />
  <e k="configuration_valueDesign09" v="デザイン9" />
  <e k="configuration_valueForestry" v="林業" />
  <e k="configuration_valueGT1" v="シングルGTストライプ" />
  <e k="configuration_valueGT2" v="ツインGTストライプ" />
  <e k="configuration_valueNewHolland" v="ニューホランド" />
  <e k="configuration_valueStealth" v="ステルス" />
  <e k="configuration_valueTracks" v="キャタピラトラック" />
  <e k="configuration_valueTripleWheelsAll" v="トリプルタイヤ" />
  <e k="configuration_valueTwinWheelsAll" v="ダブルタイヤ" />
  <e k="configuration_valueTwinWheelsBack" v="リアダブルタイヤ" />
  <e k="configuration_valueTwinWheelsFront" v="フロントダブルタイヤ" />
  <e k="configuration_valueTwinWheelsNarrow" v="ナローダブルタイヤ" />
  <e k="configuration_valueVogelsangSynCut" v="Vogelsang SynCult" />
  <e k="configuration_valueWheelBroad" v="ワイドタイヤ" />
  <e k="configuration_valueWheelNarrow" v="ナロータイヤ" />
  <e k="configuration_valueWheelWeights" v="ホイールウェイト" />
  <e k="configuration_valueWhite" v="スタンダード" />
  <e k="configuration_valueWoodTrailer" v="木の設定" />
  <e k="configuration_wheelSetup" v="タイヤの構成" />
  <e k="defaultSavegameName" v="マイ セーブデータ" />
  <e k="fillTypeGroup_base" v="ベース飼料" />
  <e k="fillTypeGroup_bulk" v="ベース飼料" />
  <e k="fillTypeGroup_earth" v="作物" />
  <e k="fillTypeGroup_forage" v="フォレージ" />
  <e k="fillTypeGroup_grain" v="穀物" />
  <e k="fillTypeGroup_grass" v="草" />
  <e k="fillTypeGroup_power" v="高栄養飼料" />
  <e k="fillTypeGroup_protein" v="タンパク質" />
  <e k="fillTypeGroup_silage" v="サイレージ" />
  <e k="fillType_barley" v="大麦" />
  <e k="fillType_chaff" v="まぐさ" />
  <e k="fillType_digestate" v="消化液" />
  <e k="fillType_dryGrass" v="干し草" />
  <e k="fillType_egg" v="卵" />
  <e k="fillType_fertilizer" v="肥料" />
  <e k="fillType_forage" v="混合飼料の合計" />
  <e k="fillType_forage_mixing" v="フォレージ" />
  <e k="fillType_fuel" v="燃料" />
  <e k="fillType_grass" v="芝" />
  <e k="fillType_liquidFertilizer" v="液体肥料" />
  <e k="fillType_liquidManure" v="スラリー" />
  <e k="fillType_maize" v="トウモロコシ" />
  <e k="fillType_manure" v="堆肥" />
  <e k="fillType_milk" v="牛乳" />
  <e k="fillType_oilRadish" v="ハツカダイコン" />
  <e k="fillType_pigFood" v="豚のエサ" />
  <e k="fillType_pigFoodBase" v="豚のエサ(ベース)" />
  <e k="fillType_pigFoodEarth" v="豚のエサ(作物)" />
  <e k="fillType_pigFoodGrain" v="豚のエサ(穀物)" />
  <e k="fillType_pigFoodProtein" v="豚のエサ(タンパク質)" />
  <e k="fillType_poplar" v="ポプラ" />
  <e k="fillType_potato" v="ジャガイモ" />
  <e k="fillType_powerFood" v="高栄養飼料" />
  <e k="fillType_rape" v="キャノーラ" />
  <e k="fillType_roundBale" v="ロールベール" />
  <e k="fillType_roundBaleBarley" v="ロールベール(大麦わら)" />
  <e k="fillType_roundBaleDryGrass" v="ロールベール(干し草)" />
  <e k="fillType_roundBaleGrass" v="ロールベール(草)" />
  <e k="fillType_roundBaleSilage" v="ロールベール(サイレージ)" />
  <e k="fillType_roundBaleWheat" v="ロールベール(小麦わら)" />
  <e k="fillType_seeds" v="種" />
  <e k="fillType_silage" v="サイレージ" />
  <e k="fillType_soybean" v="大豆" />
  <e k="fillType_squareBale" v="スクエアベール" />
  <e k="fillType_squareBaleBarley" v="スクエアベール(大麦わら)" />
  <e k="fillType_squareBaleDryGrass" v="スクエアベール(干し草)" />
  <e k="fillType_squareBaleGrass" v="スクエアベール(草)" />
  <e k="fillType_squareBaleSilage" v="スクエアベール(サイレージ)" />
  <e k="fillType_squareBaleWheat" v="スクエアベール(小麦わら)" />
  <e k="fillType_straw" v="わら" />
  <e k="fillType_sugarBeet" v="テンサイ" />
  <e k="fillType_sugarCane" v="サトウキビ" />
  <e k="fillType_sunflower" v="ヒマワリ" />
  <e k="fillType_tarp" v="Tarp" />
  <e k="fillType_treeSaplings" v="苗木" />
  <e k="fillType_water" v="水" />
  <e k="fillType_wheat" v="小麦" />
  <e k="fillType_woodChips" v="ウッドチップ" />
  <e k="fillType_wool" v="ウール" />
  <e k="function_augerWagon" v="オーガーワゴンはスクリューコンベアのついたトレーラーで、作物を保管し、他のトレーラーに直接移すのに使えます。" />
  <e k="function_baleStacker" v="ベールコレクターはベールの回収を楽にしてくれます。" />
  <e k="function_baleTrailer" v="ベールトレーラーはベールの運搬に使います。" />
  <e k="function_baleWrapper" v="ベールラッパーは草のベールを包んで中で乳酸発酵が進むようにして、サイレージを作ります。" />
  <e k="function_baler" v="ベーラーはバラバラのわらや草、干し草などを扱いやすいベールにまとめます。" />
  <e k="function_beehive" v="自動で売却されてキャッシュを得られるハチミツを製造します。" />
  <e k="function_beltSystem" v="コンベアベルトはトレーラーに搬入するもう一つの手段です。" />
  <e k="function_beltSystemConnection" v="コンベアベルトはトレーラーに搬入するもう一つの手段です。" />
  <e k="function_beltSystemStart" v="このベルトは材料を地面から次のコンベアーベルトへ運びます。" />
  <e k="function_bigBagFertilizer" v="しっかりした肥料袋（大）は肥料散布機の補充に使います。" />
  <e k="function_bigBagPigFood" v="栄養バランスが完璧な豚のエサ。" />
  <e k="function_bigBagSeeds" v="種袋（大）は種まき機の補充に使います。" />
  <e k="function_car" v="車を運転すると速やかにA地点からB地点に移動できます。" />
  <e k="function_chainsaw" v="チェーンソーを使うと木を切ることができます。" />
  <e k="function_combine" v="コンバインは指定された果物の種類を収穫できます。" />
  <e k="function_combineForage" v="飼料コンバインは指定された果物の種類を処理します。" />
  <e k="function_combineNeedsCutter" v="コンバインを使うには適切なカッターが必要です。" />
  <e k="function_combineNeedsForageCutter" v="飼料コンバインを使うには適切なカッターが必要です。" />
  <e k="function_cultivator" v="カルティベーターは収穫後に再び畑を耕すのに使います。" />
  <e k="function_cutter" v="カッターはコンバインに取り付けて使用します。" />
  <e k="function_cutterForage" v="カッターは飼料コンバインに取り付けて使用します。" />
  <e k="function_cutterTrailer" v="カッタートレーラーはカッターを安全に運搬します。" />
  <e k="function_decoration" v="装飾品" />
  <e k="function_dolly" v="ドリーはセミトレーラーとトラクターの連結器として使われます。" />
  <e k="function_feeder" v="飼料ワゴンはサイレージや干し草、わらを混ぜ合わせて牛の飼料を作ります。" />
  <e k="function_feederBale" v="干し草のベールを使って牛舎の床に干し草を広げる機械です。" />
  <e k="function_fertilizer" v="肥料を散布すると収穫量が上がります。" />
  <e k="function_fillablePallet" v="ポプラの苗。プランターに植えましょう。" />
  <e k="function_forageWagon" v="飼料ワゴンは草、干し草、またはわらを集めます。まぐさなども入れることができます。" />
  <e k="function_forestryCutter" v="木を伐採する機械です。" />
  <e k="function_forestryPlanter" v="土に木の苗を植える機具の部品です。苗木のパレットを購入するには、ショップで植林機に補充してください。" />
  <e k="function_forestryTransport" v="材木の運搬に使用します。" />
  <e k="function_forestryTreeLimit" v="注意: 大きな木は伐採できません。" />
  <e k="function_forestryWoodCrusher" v="木材をウッドチップに粉砕します。" />
  <e k="function_frontloader" v="フロントローダーはさまざまな物の積み上げや積載に使われます。" />
  <e k="function_greenHouse" v="自動で売却されてキャッシュを得られる野菜を生産します。" />
  <e k="function_harvestingPotato" v="ジャガイモを土から掘り出す収穫機です。この機械を使う前にリーフチョッパーで茎や葉を刈り取る必要があります。" />
  <e k="function_harvestingSelfPropelledPotato" v="自動的にジャガイモを収穫する自走式の収穫機です。" />
  <e k="function_harvestingSelfPropelledSugarbeet" v="自動的にテンサイを収穫する自走式の収穫機です。" />
  <e k="function_harvestingSugarbeet" v="テンサイを土から掘り出す収穫機です。この機械を使う前にリーフチョッパーで茎や葉を刈り取る必要があります。" />
  <e k="function_haulmTopperPotato" v="リーフチョッパーは、ジャガイモを収穫する前に、茎や葉を刈り取る機械です。" />
  <e k="function_haulmTopperSugarbeet" v="このリーフチョッパーは、テンサイを収穫する前に、茎や葉を刈り取る機械です。" />
  <e k="function_hayStorage" v="わらと干し草の貯蔵スペース" />
  <e k="function_heatingPlant" v="この販売ステーションにウッドチップを入れると熱が発生し、収入を得られます。" />
  <e k="function_highPressureWasher" v="汚れた車両やアタッチメントを洗えます。" />
  <e k="function_leveler" v="地ならし機は、まぐさとサイレージを動かしてサイロに積んであるものを水平にします。" />
  <e k="function_liquidFertilizerTank" v="液体肥料タンクは散布機の補充に使います。" />
  <e k="function_livestockTrailer" v="トレーラーは家畜の運搬に使います。" />
  <e k="function_loadingVehicle" v="この機械は、畑からテンサイを集めてトレーラーに入れます。" />
  <e k="function_lowLoader" v="他の車両を運べるトレーラーです。" />
  <e k="function_manureSpreader" v="堆肥を散布すると収穫量が上がります。" />
  <e k="function_mower" v="芝刈り機は草を刈るのに使います。" />
  <e k="function_palletPacker" v="この機械を使ってジャガイモやテンサイを搬入すると、パレットにきれいに入ってそのまま販売できます。" />
  <e k="function_placeableChipper" v="この機械に丸太を入れるとウッドチップが生産され、自動的に製材所に売却されます。" />
  <e k="function_plough" v="プラウは、収穫後に畑を耕し、次の種まきに備えて畑を新しく作りなおす機械です。" />
  <e k="function_powerGenerator" v="自動で売却されてキャッシュを得られる電力を作ります。" />
  <e k="function_reverseDriveControl" v="この車両にはリバース走行機能が備わっています。" />
  <e k="function_roller" v="この機械で地面を元の状態に戻せます (畑を削除)。" />
  <e k="function_saplingPallet" v="植林機に補充する苗木のパレットです。" />
  <e k="function_semiTrailer" v="セミトレーラーはドリーを使って連結します。" />
  <e k="function_siloExtension" v="サイロの貯蔵量を増加します。牧場のサイロ付近に設置する必要があります。" />
  <e k="function_skidsteer" v="スキッドステアローダーのショベルはさまざまな物を運ぶのに使えます。" />
  <e k="function_slurryContainer" v="フィールドコンテナはスラリーの中間貯蔵に使われます。" />
  <e k="function_slurrySpreader" v="スラリーを散布すると収穫量が上がります。" />
  <e k="function_sowingMachine" v="播種機で畑に種をまくことができます。" />
  <e k="function_sowingMachineDirect" v="さらにこの機械で直接畑を耕すことも可能です (事前に畑を耕す必要はありません)。" />
  <e k="function_sprayer" v="肥料を散布すると収穫量が上がります。" />
  <e k="function_sprayerTank" v="タンクを追加することで散布機の容量が増えます。" />
  <e k="function_stumpCutter" v="木の切り株を切る機械です。" />
  <e k="function_tank" v="液体を運ぶタンクです。" />
  <e k="function_tedder" v="刈り取った草が早く乾燥するように反転・撹拌します。" />
  <e k="function_telehandler" v="テレハンドラーはさまざまな物を積んだり載せたりするのに使います。" />
  <e k="function_tipper" v="トレーラーは収穫した作物などを運ぶのに使います。" />
  <e k="function_tractor" v="トレーラーなどの車両を牽引するにはトラクターが必要です。" />
  <e k="function_tractorFrontloader" v="フロントローダーを装着できるトラクターです。" />
  <e k="function_treeSaw" v="ウッドソーを使うと木を切ることができます。" />
  <e k="function_truck" v="トラックにはセミトレーラーを連結できます。" />
  <e k="function_waterTower" v="給水塔は貯水槽に新鮮な水を供給することができます。" />
  <e k="function_weeder" v="草刈り機は、成長中の小さな作物の間に生えた草を抜き、畑の状態を向上します。 作物の最初の成長段階の時にだけ使えます。" />
  <e k="function_weight" v="ウェイトはトラクターの車輪が地面にきちんと接地させ、バランスを保つのに使われます。" />
  <e k="function_wheelLoader" v="ホイールローダーのショベルはさまざまな物を運ぶのに使えます。" />
  <e k="function_windrower" v="ウィンドロウアーは草、干し草またはわらを列 (ウィンドロウ) に並べます、ウィンドロウはその後フォレージによって集められます。" />
  <e k="function_workshop" v="この整備場をマップ上に好きな位置に配置すると、有料の整備士なしで農作業機器のカスタマイズをすることができます。" />
  <e k="shopItem_ashTree" v="トネリコ" />
  <e k="shopItem_beehive" v="養蜂所" />
  <e k="shopItem_bigBagFertilizer" v="しっかりした肥料袋 (大)" />
  <e k="shopItem_bigBagPigFood" v="豚のエサ(大袋)" />
  <e k="shopItem_bigBagSeeds" v="種袋 (大)" />
  <e k="shopItem_birchTree" v="カバノキ" />
  <e k="shopItem_chicken" v="鶏" />
  <e k="shopItem_cow" v="牛" />
  <e k="shopItem_firTree" v="モミ" />
  <e k="shopItem_flieglSemitrailer" v="ローローダー" />
  <e k="shopItem_flieglTimberRunner" v="ウッドトランスポーター" />
  <e k="shopItem_frontloaderBaleFork" v="ベールスパイク" />
  <e k="shopItem_frontloaderBaleGrab" v="ロールベールハンドラー" />
  <e k="shopItem_frontloaderLogFork" v="ログフォーク" />
  <e k="shopItem_frontloaderManureFork" v="マニュアフォーク" />
  <e k="shopItem_frontloaderManureGrabFork" v="フォークグラップル" />
  <e k="shopItem_frontloaderPalletFork" v="パレットフォーク" />
  <e k="shopItem_frontloaderRoundBaleFork" v="ロールフォーク" />
  <e k="shopItem_frontloaderShovel" v="ユニバーサルバケット" />
  <e k="shopItem_frontloaderSilageCutter" v="サイレージカッター" />
  <e k="shopItem_garantFieldContainer" v="フィールドコンテナ" />
  <e k="shopItem_garantTSA" v="TSAスラリートランスポーター" />
  <e k="shopItem_greenhouseLettuce" v="温室 (レタス)" />
  <e k="shopItem_greenhouseTomatoes" v="温室 (トマト)" />
  <e k="shopItem_hayLoft" v="干し草置き場" />
  <e k="shopItem_heatingPlant" v="発電所" />
  <e k="shopItem_highPressureWasher" v="高圧洗浄機" />
  <e k="shopItem_kroneCutterTrailer" v="カッタートレーラー" />
  <e k="shopItem_liquidFertilizerTank" v="液体肥料タンク" />
  <e k="shopItem_mapleTree" v="カエデ" />
  <e k="shopItem_mobileFuelTank" v="移動式燃料タンク" />
  <e k="shopItem_oakTree" v="オーク" />
  <e k="shopItem_palletSaplings" v="パレット苗" />
  <e k="shopItem_palletSaplingsPoplar" v="ポプラ苗パレット" />
  <e k="shopItem_picnicShelter01" v="休憩所（長方形）" />
  <e k="shopItem_picnicShelter02" v="休憩所（円形）" />
  <e k="shopItem_pig" v="豚" />
  <e k="shopItem_poplarTree" v="ポプラ" />
  <e k="shopItem_sampoRosenlewC6Cutter" v="C6ヘッダー" />
  <e k="shopItem_shack01" v="小さい小屋" />
  <e k="shopItem_shack02" v="高床式の小屋" />
  <e k="shopItem_shack03" v="納屋" />
  <e k="shopItem_shack04" v="設備倉庫" />
  <e k="shopItem_sheep" v="羊" />
  <e k="shopItem_siloExtensionLarge" v="拡張サイロ(大)" />
  <e k="shopItem_siloExtensionSmall" v="拡張サイロ(小)" />
  <e k="shopItem_skidSteerBaleFork" v="ベールスパイク" />
  <e k="shopItem_skidSteerLogFork" v="ログフォーク" />
  <e k="shopItem_skidSteerManureFork" v="マニュアフォーク" />
  <e k="shopItem_skidSteerPalletFork" v="パレットフォーク" />
  <e k="shopItem_skidSteerShovel" v="ユニバーサルバケット" />
  <e k="shopItem_skidSteerStumpCutter" v="切り株除去機" />
  <e k="shopItem_solarCollector" v="太陽熱集熱器" />
  <e k="shopItem_storageShelter01" v="大型倉庫" />
  <e k="shopItem_storageShelter02" v="小型倉庫" />
  <e k="shopItem_telehandlerBaleFork" v="ベールフォーク" />
  <e k="shopItem_telehandlerBaleGrab" v="ロールベールハンドラー" />
  <e k="shopItem_telehandlerFork" v="パレットフォーク" />
  <e k="shopItem_telehandlerLogFork" v="ログフォーク" />
  <e k="shopItem_telehandlerManureFork" v="マニュアフォーク" />
  <e k="shopItem_telehandlerShovel" v="ショベル" />
  <e k="shopItem_vehicleShelter" v="車両用日よけ" />
  <e k="shopItem_vehicleShelterLarge" v="大型車両用日よけ" />
  <e k="shopItem_vehicleShelterSmall" v="小型車両用日よけ" />
  <e k="shopItem_waterTower" v="給水塔" />
  <e k="shopItem_waterTrailer" v="移動式水タンク" />
  <e k="shopItem_wheelLoaderFork" v="フォーク" />
  <e k="shopItem_wheelLoaderLogFork" v="ログフォーク" />
  <e k="shopItem_wheelLoaderShovel" v="ショベル" />
  <e k="shopItem_wheelLoaderSilageFork" v="サイレージフォーク" />
  <e k="shopItem_windTurbine" v="風力エネルギー変換器" />
  <e k="shopItem_workshop" v="車両整備場" />
  <e k="shop_age" v="%s / 日" />
  <e k="shop_brand" v="ブランド" />
  <e k="shop_capacity" v="容量: " />
  <e k="shop_capacityValue" v="%s %s" />
  <e k="shop_category" v="カテゴリー" />
  <e k="shop_combinations" v="適した用途: " />
  <e k="shop_configuration" v="カスタマイズ" />
  <e k="shop_configurationPriceBase" v="基本価格" />
  <e k="shop_configurationPriceOptions" v="オプション" />
  <e k="shop_configurationPriceTotal" v="総額" />
  <e k="shop_configurationTitle" v="オプションとアップグレード" />
  <e k="shop_costsBase" v="基本費用" />
  <e k="shop_costsPerDay" v="1日当たり" />
  <e k="shop_costsPerOperatingHour" v="1作業時間当たり" />
  <e k="shop_doYouWantToBuy" v="%sで購入しますか?" />
  <e k="shop_doYouWantToLease" v="%sで借りますか?" />
  <e k="shop_fee" v="運賃" />
  <e k="shop_fruitTypes" v="作物の種類" />
  <e k="shop_fuelValue" v="%d %s" />
  <e k="shop_income" v="収入: " />
  <e k="shop_incomeValue" v="%s / 時間" />
  <e k="shop_initialCosts" v="初期費用" />
  <e k="shop_leasedItems" v="レンタル品" />
  <e k="shop_maintenance" v="メンテナンス: " />
  <e k="shop_maintenanceValue" v="%s / 日" />
  <e k="shop_maxPower" v="最大パワー: " />
  <e k="shop_maxPowerValue" v="%s kW / %s hp" />
  <e k="shop_maxSpeed" v="%s %s" />
  <e k="shop_neededPower" v="必要パワー: " />
  <e k="shop_neededPowerValue" v="%s kW / %s hp" />
  <e k="shop_noConfigsAvailable" v="アップグレードはありません!" />
  <e k="shop_noVehicles" v="車両がありません!" />
  <e k="shop_operatingTime" v="%d.%d 時" />
  <e k="shop_ownedItems" v="所有しているアイテム" />
  <e k="shop_saleRemaingHours" v="セール終了まで: " />
  <e k="shop_saleRemaingHoursValue" v="%d 時間" />
  <e k="shop_transportationFee" v="自分の家畜車以外で家畜を移送する場合には料金がかかります!" />
  <e k="shop_usage" v="用途: " />
  <e k="shop_workingWidth" v="有効幅: " />
  <e k="shop_workingWidthValue" v="%s m" />
  <e k="shop_youLease" v="レンタル: " />
  <e k="shop_youOwn" v="所有: " />
  <e k="typeDesc_augerWagon" v="オーガーワゴン" />
  <e k="typeDesc_baleLoader" v="ベールローダー" />
  <e k="typeDesc_baleTrailer" v="ベールトレーラー" />
  <e k="typeDesc_baleWrapper" v="ベールラッパー" />
  <e k="typeDesc_baler" v="べーラー" />
  <e k="typeDesc_belt" v="ベルト" />
  <e k="typeDesc_car" v="車" />
  <e k="typeDesc_combine" v="コンバイン" />
  <e k="typeDesc_cornCutter" v="コーンヘッダー" />
  <e k="typeDesc_cultivator" v="カルティベーター" />
  <e k="typeDesc_cutter" v="カッター" />
  <e k="typeDesc_cutterTrailer" v="カッタートレーラー" />
  <e k="typeDesc_defoliator" v="切葉処理機" />
  <e k="typeDesc_fertilizerSpreader" v="肥料散布機" />
  <e k="typeDesc_forageWagon" v="飼料ワゴン" />
  <e k="typeDesc_forwarder" v="フォワーダー" />
  <e k="typeDesc_frontloader" v="フロントローダー" />
  <e k="typeDesc_frontloaderTool" v="フロントローダーアタッチメント" />
  <e k="typeDesc_greenhouse" v="グリーンハウス" />
  <e k="typeDesc_harvester" v="収穫機" />
  <e k="typeDesc_haulmTopper" v="茎葉処理機" />
  <e k="typeDesc_highPressureWasher" v="高圧洗浄機" />
  <e k="typeDesc_leveler" v="地ならし機" />
  <e k="typeDesc_livestockTrailer" v="家畜車" />
  <e k="typeDesc_loaderVehicle" v="載荷車両" />
  <e k="typeDesc_lowLoader" v="ローローダー" />
  <e k="typeDesc_manureBarrel" v="スラリータンカー" />
  <e k="typeDesc_manureSpreader" v="堆肥散布機" />
  <e k="typeDesc_mixerWagon" v="ミキサーワゴン" />
  <e k="typeDesc_mower" v="芝刈り機" />
  <e k="typeDesc_pickup" v="ピックアップ" />
  <e k="typeDesc_planter" v="プランター" />
  <e k="typeDesc_plough" v="プラウ" />
  <e k="typeDesc_plow" v="シールド" />
  <e k="typeDesc_roller" v="ローラー" />
  <e k="typeDesc_skidSteerTool" v="スキッドステアローダーアタッチメント" />
  <e k="typeDesc_sowingMachine" v="播種機" />
  <e k="typeDesc_sprayer" v="散布機" />
  <e k="typeDesc_sprayerTank" v="追加タンク" />
  <e k="typeDesc_strawBlower" v="ストローブロワー" />
  <e k="typeDesc_stumpCutter" v="切り株カッター" />
  <e k="typeDesc_tedder" v="テッダー" />
  <e k="typeDesc_telehandler" v="テレハンドラー" />
  <e k="typeDesc_telehandlerTool" v="テレハンドラーアタッチメント" />
  <e k="typeDesc_timberTrailer" v="ウッドフォワーダー" />
  <e k="typeDesc_tipper" v="トレーラー" />
  <e k="typeDesc_tractor" v="トラクター" />
  <e k="typeDesc_trailer" v="トレーラー" />
  <e k="typeDesc_treePlanter" v="植林機" />
  <e k="typeDesc_treeSaw" v="ウッドソー" />
  <e k="typeDesc_truck" v="トラック" />
  <e k="typeDesc_waterTrailer" v="給水トレーラー" />
  <e k="typeDesc_weeder" v="草刈り機" />
  <e k="typeDesc_weight" v="ウェイト" />
  <e k="typeDesc_wheelLoader" v="ホイールローダー" />
  <e k="typeDesc_wheelLoaderTool" v="ホイールローダーアタッチメント" />
  <e k="typeDesc_windrower" v="ウィンドロウアー" />
  <e k="typeDesc_woodCrusher" v="ウッドクラッシャー" />
  <e k="typeDesc_woodHarvester" v="ウッドハーベスター" />
  <e k="unit_areaShort" v="ha" />
  <e k="unit_bale" v="ベール" />
  <e k="unit_decimalSymbol" v="." />
  <e k="unit_degreeCelsiusShort" v="°C" />
  <e k="unit_digitGroupingSymbol" v="," />
  <e k="unit_dollar" v="ドル" />
  <e k="unit_dollarShort" v="$" />
  <e k="unit_euro" v="ユーロ" />
  <e k="unit_euroShort" v="€" />
  <e k="unit_km" v="キロメートル" />
  <e k="unit_kmh" v="km/h" />
  <e k="unit_kw" v="kW/h" />
  <e k="unit_liter" v="リットル" />
  <e k="unit_literShort" v="l" />
  <e k="unit_miles" v="マイル" />
  <e k="unit_minutesShort" v="分" />
  <e k="unit_mph" v="mph" />
  <e k="unit_pieces" v="ピース" />
  <e k="unit_pound" v="ポンド" />
  <e k="unit_poundShort" v="£" />
  <e k="unit_timeShort" v="hh:mm" />
</l10n>