﻿<?xml version="1.0" encoding="utf-8"?>
<l10n>
  <e k="category_animals" v="Animali" />
  <e k="category_augerWagons" v="Raccogligrano" />
  <e k="category_baling" v="Tecnologia per balle" />
  <e k="category_beetHarvesting" v="Raccogli barbabietole" />
  <e k="category_belts" v="Sistemi di nastri" />
  <e k="category_cars" v="Auto" />
  <e k="category_chainsaws" v="Motoseghe" />
  <e k="category_cultivators" v="Coltivatori" />
  <e k="category_cutterTrailers" v="Lame a rimorchio" />
  <e k="category_cutters" v="Lame" />
  <e k="category_dollys" v="Carrello" />
  <e k="category_feeding" v="Tecnologia alimentare" />
  <e k="category_fertilizerSpreaders" v="Spandifertilizzante" />
  <e k="category_forageHarvesters" v="Mietitrebbie per foraggio" />
  <e k="category_forageHarvestersCutters" v="Lame da mietitrebbia per foraggio" /> <e k="category_forageHarvesterCutters" v="Lame da mietitrebbia per foraggio" />
  <e k="category_frontLoaders" v="Caricatori frontali" />
  <e k="category_harvesters" v="Raccoglitrici" />
  <e k="category_leveler" v="Livellatrici" />
  <e k="category_loaderWagons" v="Cassoni da carico" />
  <e k="category_lowloaders" v="Carrelloni" />
  <e k="category_manureSpreaders" v="Spandiconcime" />
  <e k="category_misc" v="Varie" />
  <e k="category_mowers" v="Falciatrici" />
  <e k="category_pallets" v="Pallet" />
  <e k="category_placeables" v="Oggetti posizionabili" />
  <e k="category_plows" v="Aratro" />
  <e k="category_potatoHarvesting" v="Raccogli patate" />
  <e k="category_sales" v="Offerte speciali" />
  <e k="category_skidSteers" v="Pale caricatrici" />
  <e k="category_slurryTanks" v="Carrobotti liquami" />
  <e k="category_sowingMachines" v="Seminatrici" />
  <e k="category_sprayers" v="Irroratrici" />
  <e k="category_sugarCaneHarvesting" v="Raccolta della canna da zucchero" />
  <e k="category_tedders" v="Voltafieno" />
  <e k="category_teleLoaders" v="Pinze telescopiche" />
  <e k="category_tippers" v="Cassoni ribaltabili" />
  <e k="category_tractors" v="Trattori" />
  <e k="category_trucks" v="Camion" />
  <e k="category_weeders" v="Sarchiatori" />
  <e k="category_weights" v="Pesi" />
  <e k="category_wheelLoaders" v="Pale gommate" />
  <e k="category_windrowers" v="Ranghinatori" />
  <e k="category_wood" v="Equipaggiamento silvicoltura" />
  <e k="configuration_attacherJoint" v="Agganci" />
  <e k="configuration_baseColor" v="Colore principale" />
  <e k="configuration_design" v="Design" />
  <e k="configuration_designColor" v="Colore design" />
  <e k="configuration_frontloaderAttacher" v="Aggancio per caricatore frontale" />
  <e k="configuration_inputAttacher3Point" v="Tre punti" />
  <e k="configuration_inputAttacherFrontLoader" v="Caricatore frontale" />
  <e k="configuration_inputAttacherJoint" v="Tipo di aggancio" />
  <e k="configuration_inputAttacherSkidSteer" v="Pala caricatrice" />
  <e k="configuration_inputAttacherTeleLoaders" v="Pinza telescopica" />
  <e k="configuration_inputAttacherWheelLoader" v="Pala gommata" />
  <e k="configuration_motorSetup" v="Configurazione motore" />
  <e k="configuration_rimColor" v="Colore cerchioni" />
  <e k="configuration_trailerAttacherBack" v="+ aggancio posteriore" />
  <e k="configuration_valueBaleTrailer" v="Configurazione balla" />
  <e k="configuration_valueColor" v="Design" />
  <e k="configuration_valueCrawler" v="Cingolato" />
  <e k="configuration_valueDefault" v="Standard" />
  <e k="configuration_valueDesign01" v="Design 1" />
  <e k="configuration_valueDesign02" v="Design 2" />
  <e k="configuration_valueDesign03" v="Design 3" />
  <e k="configuration_valueDesign04" v="Design 4" />
  <e k="configuration_valueDesign05" v="Design 5" />
  <e k="configuration_valueDesign06" v="Design 6" />
  <e k="configuration_valueDesign07" v="Design 7" />
  <e k="configuration_valueDesign08" v="Design 8" />
  <e k="configuration_valueDesign09" v="Design 9" />
  <e k="configuration_valueForestry" v="Silvicoltura" />
  <e k="configuration_valueGT1" v="Striscia singola GT" />
  <e k="configuration_valueGT2" v="Strisce doppie GT" />
  <e k="configuration_valueNewHolland" v="New Holland" />
  <e k="configuration_valueStealth" v="Stealth" />
  <e k="configuration_valueTracks" v="Cingolato" />
  <e k="configuration_valueTripleWheelsAll" v="Triple ruote" />
  <e k="configuration_valueTwinWheelsAll" v="Doppie ruote" />
  <e k="configuration_valueTwinWheelsBack" v="Doppie ruote posteriori" />
  <e k="configuration_valueTwinWheelsFront" v="Doppie ruote anteriori" />
  <e k="configuration_valueTwinWheelsNarrow" v="Doppie ruote strette" />
  <e k="configuration_valueVogelsangSynCut" v="Vogelsang SynCult" />
  <e k="configuration_valueWheelBroad" v="Pneumatici larghi" />
  <e k="configuration_valueWheelNarrow" v="Pneumatici stretti" />
  <e k="configuration_valueWheelWeights" v="Pesi ruote" />
  <e k="configuration_valueWhite" v="Standard" />
  <e k="configuration_valueWoodTrailer" v="Configurazione legna" />
  <e k="configuration_wheelSetup" v="Configurazione ruote" />
  <e k="defaultSavegameName" v="Il mio salvataggio" />
  <e k="fillTypeGroup_base" v="Cibo base" />
  <e k="fillTypeGroup_bulk" v="Cibo base" />
  <e k="fillTypeGroup_earth" v="Frutti della terra" />
  <e k="fillTypeGroup_forage" v="Foraggio" />
  <e k="fillTypeGroup_grain" v="Cereali" />
  <e k="fillTypeGroup_grass" v="Erba" />
  <e k="fillTypeGroup_power" v="Cibo energetico" />
  <e k="fillTypeGroup_protein" v="Proteine" />
  <e k="fillTypeGroup_silage" v="Insilato" />
  <e k="fillType_barley" v="Orzo" />
  <e k="fillType_chaff" v="Pula" />
  <e k="fillType_digestate" v="Digestato" />
  <e k="fillType_dryGrass" v="Fieno" />
  <e k="fillType_egg" v="Uova" />
  <e k="fillType_fertilizer" v="Fertilizzante" />
  <e k="fillType_forage" v="Totale razione mista" />
  <e k="fillType_forage_mixing" v="Foraggio" />
  <e k="fillType_fuel" v="Carburante" />
  <e k="fillType_grass" v="Erba" />
  <e k="fillType_liquidFertilizer" v="Fertilizzante liquido" />
  <e k="fillType_liquidManure" v="Liquami" />
  <e k="fillType_maize" v="Mais" />
  <e k="fillType_manure" v="Concime" />
  <e k="fillType_milk" v="Latte" />
  <e k="fillType_oilRadish" v="Rafano oleifero" />
  <e k="fillType_pigFood" v="Cibo per suini" />
  <e k="fillType_pigFoodBase" v="Cibo per suini (base)" />
  <e k="fillType_pigFoodEarth" v="Cibo per suini (terra)" />
  <e k="fillType_pigFoodGrain" v="Cibo per suini (cereali)" />
  <e k="fillType_pigFoodProtein" v="Cibo per suini (proteine)" />
  <e k="fillType_poplar" v="Pioppo" />
  <e k="fillType_potato" v="Patate" />
  <e k="fillType_powerFood" v="Cibo energetico" />
  <e k="fillType_rape" v="Colza" />
  <e k="fillType_roundBale" v="Rotoballa" />
  <e k="fillType_roundBaleBarley" v="Rotoballa di paglia (orzo)" />
  <e k="fillType_roundBaleDryGrass" v="Rotoballa di fieno" />
  <e k="fillType_roundBaleGrass" v="Rotoballa di erba" />
  <e k="fillType_roundBaleSilage" v="Rotoballa di insilato" />
  <e k="fillType_roundBaleWheat" v="Rotoballa di paglia (frumento)" />
  <e k="fillType_seeds" v="Semi" />
  <e k="fillType_silage" v="Insilato" />
  <e k="fillType_soybean" v="Semi di soia" />
  <e k="fillType_squareBale" v="Balla quadrata" />
  <e k="fillType_squareBaleBarley" v="Balla quadrata di paglia (orzo)" />
  <e k="fillType_squareBaleDryGrass" v="Balla quadrata di fieno" />
  <e k="fillType_squareBaleGrass" v="Balla quadrata di erba" />
  <e k="fillType_squareBaleSilage" v="Balla quadrata di insilato" />
  <e k="fillType_squareBaleWheat" v="Balla quadrata di paglia (frumento)" />
  <e k="fillType_straw" v="Paglia" />
  <e k="fillType_sugarBeet" v="Barb. zucch." />
  <e k="fillType_sugarCane" v="Canna da zucchero" />
  <e k="fillType_sunflower" v="Girasoli" />
  <e k="fillType_tarp" v="Tarp" />
  <e k="fillType_treeSaplings" v="Piantine" />
  <e k="fillType_water" v="Acqua" />
  <e k="fillType_wheat" v="Frumento" />
  <e k="fillType_woodChips" v="Cippato" />
  <e k="fillType_wool" v="Lana" />
  <e k="function_augerWagon" v="I raccogligrano sono rimorchi che hanno un trasportatore a vite. Puoi usarli per raccogliere il grano e scaricarlo in altri rimorchi." />
  <e k="function_baleStacker" v="Il raccogli balle facilita la raccolta delle balle." />
  <e k="function_baleTrailer" v="Il rimorchio per balle trasporta le balle." />
  <e k="function_baleWrapper" v="Un avvolgiballe avvolge le balle di fieno in una pellicola così da farle fermentare e diventare insilato." />
  <e k="function_baler" v="Un’imballatrice trasforma la paglia o il fieno in balle." />
  <e k="function_beehive" v="Produce miele, che viene venduto automaticamente in cambio di denaro." />
  <e k="function_beltSystem" v="È possibile caricare merci sui rimorchi anche usando i nastri trasportatori." />
  <e k="function_beltSystemConnection" v="È possibile caricare merci sui rimorchi anche usando i nastri trasportatori." />
  <e k="function_beltSystemStart" v="Questo nastro trasportatore preleva il materiale da terra e lo carica sul nastro successivo." />
  <e k="function_bigBagFertilizer" v="I contenitori consentono di ricaricare le spandifertilizzante." />
  <e k="function_bigBagPigFood" v="Mangime in pellet perfettamente bilanciato per i tuoi suini." />
  <e k="function_bigBagSeeds" v="I contenitori consentono di ricaricare le seminatrici." />
  <e k="function_car" v="Con un'auto puoi viaggiare velocemente." />
  <e k="function_chainsaw" v="Usando una motosega puoi tagliare gli alberi." />
  <e k="function_combine" v="Con la mietitrebbia si raccolgono vari tipi di prodotti." />
  <e k="function_combineForage" v="Le mietitrebbie per foraggio lavorano i prodotti indicati." />
  <e k="function_combineNeedsCutter" v="Per funzionare a dovere, la mietitrebbia ha bisogno della lama adatta." />
  <e k="function_combineNeedsForageCutter" v="Per funzionare a dovere, una mietitrebbia per foraggio necessita della lama adatta." />
  <e k="function_cultivator" v="Il coltivatore prepara i campi per la semina." />
  <e k="function_cutter" v="Le lame vanno agganciate alla mietitrebbia." />
  <e k="function_cutterForage" v="Le lame vanno agganciate alle mietitrebbie per foraggio." />
  <e k="function_cutterTrailer" v="I rimorchi per le lame possono trasportare in modo sicuro le lama sulla strada." />
  <e k="function_decoration" v="Oggetto decorativo" />
  <e k="function_dolly" v="Il carrello collega il rimorchio semovente al trattore." />
  <e k="function_feeder" v="Il carro miscelatore per foraggio mischia balle di insilato, paglia e fieno in razioni miste (RM composte al 60% da cibo base e al 40% da cibo energetico) per produrre mangime per le mucche." />
  <e k="function_feederBale" v="Questa macchina prende le balle di fieno e le usa per coprire il pavimento della stalla delle mucche con il fieno." />
  <e k="function_fertilizer" v="Le irroratrici di fertilizzante migliorano il raccolto dei tuoi campi." />
  <e k="function_fillablePallet" v="Germogli di pioppo. Caricali in una piantatrice." />
  <e k="function_forageWagon" v="Il cassone per il foraggio raccoglie erba, paglia o fieno. Può anche essere riempito con la pula." />
  <e k="function_forestryCutter" v="Questo macchinario taglia gli alberi." />
  <e k="function_forestryPlanter" v="Questo macchinario pianta nuovi alberi nel terreno. Puoi acquistare pallet di piantine al negozio per alimentare questa piantatrice." />
  <e k="function_forestryTransport" v="Questo veicolo può trasportare i tronchi d'albero." />
  <e k="function_forestryTreeLimit" v="Nota: i tronchi molto larghi non possono essere elaborati" />
  <e k="function_forestryWoodCrusher" v="Questo macchinario rompe i tronchi e produce cippato." />
  <e k="function_frontloader" v="I caricatori frontali sono usati per impilare e caricare merci diverse. Attenzione: solo trattori specifici possono agganciare i caricatori frontali." />
  <e k="function_greenHouse" v="Produce verdure, che vengono vendute automaticamente in cambio di denaro." />
  <e k="function_harvestingPotato" v="Questa raccoglitrice estrae le patate dal terreno. Ricorda che hai bisogno di un tagliasteli prima di usare questa macchina." />
  <e k="function_harvestingSelfPropelledPotato" v="Questa raccoglitrice semovente raccoglie le patate in un solo passaggio." />
  <e k="function_harvestingSelfPropelledSugarbeet" v="Questa raccoglitrice semovente raccoglie le barbabietole in un solo passaggio." />
  <e k="function_harvestingSugarbeet" v="Questa raccoglitrice semovente estrae le barbabietole dal terreno. Ricorda che hai bisogno di un tagliasteli prima di usare questa macchina." />
  <e k="function_haulmTopperPotato" v="Prima di poter raccogliere le patate, devi tagliare il fogliame con un tagliasteli come questo." />
  <e k="function_haulmTopperSugarbeet" v="Prima di poter raccogliere le barbabietole da zucchero, devi tagliare il fogliame con un tagliasteli come questo." />
  <e k="function_hayStorage" v="Magazzino per fieno e paglia." />
  <e k="function_heatingPlant" v="Deposita il cippato in questo punto di vendita per produrre calore e guadagnare denaro." />
  <e k="function_highPressureWasher" v="Con questo macchinario puoi pulire i veicoli e gli attrezzi sporchi." />
  <e k="function_leveler" v="Le livellatrici consentono di spostare pula e insilato, spianando i cumuli nei silos." />
  <e k="function_liquidFertilizerTank" v="I serbatoi di fertilizzante liquido consentono di ricaricare le irroratrici." />
  <e k="function_livestockTrailer" v="Questo rimorchio consente di trasportare animali." />
  <e k="function_loadingVehicle" v="Questa macchina raccoglie le barbabietole dal terreno e le deposita in un rimorchio." />
  <e k="function_lowLoader" v="Questo rimorchio può trasportare altri veicoli." />
  <e k="function_manureSpreader" v="Gli spandiconcime migliorano il raccolto dei tuoi campi." />
  <e k="function_mower" v="La falciatrice taglia l'erba." />
  <e k="function_palletPacker" v="Carica patate o barbabietole da zucchero in questa macchina per ottenere pallet compressi da rivendere." />
  <e k="function_placeableChipper" v="I tronchi d'albero introdotti in questo macchinario vengono convertiti in cippato e venduti alla segheria." />
  <e k="function_plough" v="Con un aratro puoi preparare i campi per la semina e creare nuovi campi." />
  <e k="function_powerGenerator" v="Produce energia, che viene venduta automaticamente in cambio di denaro." />
  <e k="function_reverseDriveControl" v="Questo veicolo è dotato di un sistema di guida retroversa." />
  <e k="function_roller" v="Questo macchinario permette di riportare il terreno alle condizioni iniziali (eliminando i campi)." />
  <e k="function_saplingPallet" v="Questo pallet di piantine serve per riempire la piantatrice di alberi." />
  <e k="function_semiTrailer" v="I rimorchi semoventi possono essere agganciati usando un carrello." />
  <e k="function_siloExtension" v="Incrementa la capacità dei tuoi silos. Dev'essere posizionato vicino ai silos della tua fattoria." />
  <e k="function_skidsteer" v="Le pale caricatrici vengono utilizzate per impilare e caricare diversi tipi di prodotti." />
  <e k="function_slurryContainer" v="I container servono per stoccare temporaneamente i liquami." />
  <e k="function_slurrySpreader" v="Gli spandiliquame migliorano il raccolto dei tuoi campi." />
  <e k="function_sowingMachine" v="Con la seminatrice puoi dissodare i campi." />
  <e k="function_sowingMachineDirect" v="Inoltre, questo macchinario ti dà la possibilità di seminare direttamente (senza precedenti coltivazioni e senza la necessità di arare)." />
  <e k="function_sprayer" v="Le irroratrici aumentano la produzione dei campi." />
  <e k="function_sprayerTank" v="I serbatoi aggiuntivi aumentano la capacità delle irroratrici." />
  <e k="function_stumpCutter" v="Questo macchinario taglia i tronconi degli alberi." />
  <e k="function_tank" v="Le cisterne trasportano i liquidi." />
  <e k="function_tedder" v="Il voltafieno rivolta l'erba così da farla asciugare prima." />
  <e k="function_telehandler" v="Le pinze telescopiche servono per ammassare e caricare diverse merci." />
  <e k="function_tipper" v="I cassoni/rimorchi servono per trasportare il raccolto." />
  <e k="function_tractor" v="I trattori servono per trainare i rimorchi e gli attrezzi." />
  <e k="function_tractorFrontloader" v="Questo trattore può agganciare un caricatore frontale." />
  <e k="function_treeSaw" v="Le seghe permettono di abbattere gli alberi." />
  <e k="function_truck" v="Ai camion si possono attaccare carrelloni." />
  <e k="function_waterTower" v="Il serbatoio idrico può rifornire d'acqua fresca le tue cisterne." />
  <e k="function_weeder" v="I sarchiatori rimuovono le erbacce che si formano tra i germogli, migliorando le condizioni del campo. Possono essere utilizzati solo nelle prime fasi di crescita delle colture." />
  <e k="function_weight" v="Il peso aiuta a tenere le ruote del trattore a terra e ne migliora l'equilibrio." />
  <e k="function_wheelLoader" v="La pala gommata può essere usata per trasportare diverse merci." />
  <e k="function_windrower" v="Il ranghinatore sistema l'erba, la paglia o il fieno in file che possono poi essere raccolte dai cassoni per il foraggio o dalle imballatrici." />
  <e k="function_workshop" v="Questa officina permette di creare un centro, in un punto qualsiasi della mappa, dove poter personalizzare i macchinari senza la necessità di pagare un meccanico." />
  <e k="shopItem_ashTree" v="Frassino" />
  <e k="shopItem_beehive" v="Alveare" />
  <e k="shopItem_bigBagFertilizer" v="Fertilizzante solido" />
  <e k="shopItem_bigBagPigFood" v="Cibo per suini" />
  <e k="shopItem_bigBagSeeds" v="Contenitore semi" />
  <e k="shopItem_birchTree" v="Betulla" />
  <e k="shopItem_chicken" v="Gallina" />
  <e k="shopItem_cow" v="Mucca" />
  <e k="shopItem_firTree" v="Abete" />
  <e k="shopItem_flieglSemitrailer" v="Carrellone" />
  <e k="shopItem_flieglTimberRunner" v="Trasporta legna" />
  <e k="shopItem_frontloaderBaleFork" v="Forca foraggi" />
  <e k="shopItem_frontloaderBaleGrab" v="Forche per balle fasciate" />
  <e k="shopItem_frontloaderLogFork" v="Forca per tronchi" />
  <e k="shopItem_frontloaderManureFork" v="Forca Letame" />
  <e k="shopItem_frontloaderManureGrabFork" v="Forca con trattenitore" />
  <e k="shopItem_frontloaderPalletFork" v="Forca pallet" />
  <e k="shopItem_frontloaderRoundBaleFork" v="Forca per rotoballe fasciate" />
  <e k="shopItem_frontloaderShovel" v="Benna universale" />
  <e k="shopItem_frontloaderSilageCutter" v="Benna desilatrice" />
  <e k="shopItem_garantFieldContainer" v="Container" />
  <e k="shopItem_garantTSA" v="Trasportatore liquami TSA" />
  <e k="shopItem_greenhouseLettuce" v="Serra (lattuga)" />
  <e k="shopItem_greenhouseTomatoes" v="Serra (pomodori)" />
  <e k="shopItem_hayLoft" v="Fienile" />
  <e k="shopItem_heatingPlant" v="Impianto di riscaldamento" />
  <e k="shopItem_highPressureWasher" v="Idropulitrice" />
  <e k="shopItem_kroneCutterTrailer" v="Lama a rimorchio" />
  <e k="shopItem_liquidFertilizerTank" v="Fertilizzante liquido" />
  <e k="shopItem_mapleTree" v="Acero" />
  <e k="shopItem_mobileFuelTank" v="Serbatoio carburante mobile" />
  <e k="shopItem_oakTree" v="Quercia" />
  <e k="shopItem_palletSaplings" v="Pallet di piantine" />
  <e k="shopItem_palletSaplingsPoplar" v="Pallet piantine di pioppo" />
  <e k="shopItem_picnicShelter01" v="T. per picnic rettangolare" />
  <e k="shopItem_picnicShelter02" v="Tettoia per picnic circolare" />
  <e k="shopItem_pig" v="Suino" />
  <e k="shopItem_poplarTree" v="Pioppo" />
  <e k="shopItem_sampoRosenlewC6Cutter" v="C6 Header" />
  <e k="shopItem_shack01" v="Baracca piccola" />
  <e k="shopItem_shack02" v="Baracca sopraelevata" />
  <e k="shopItem_shack03" v="Capanno" />
  <e k="shopItem_shack04" v="Rimessa" />
  <e k="shopItem_sheep" v="Pecora" />
  <e k="shopItem_siloExtensionLarge" v="Ampliamento silo grande" />
  <e k="shopItem_siloExtensionSmall" v="Ampliamento silo piccolo" />
  <e k="shopItem_skidSteerBaleFork" v="Forca per balle" />
  <e k="shopItem_skidSteerLogFork" v="Forca per tronchi" />
  <e k="shopItem_skidSteerManureFork" v="Forca da letame" />
  <e k="shopItem_skidSteerPalletFork" v="Forca per pallet" />
  <e k="shopItem_skidSteerShovel" v="Benna universale" />
  <e k="shopItem_skidSteerStumpCutter" v="Tagliatronchi" />
  <e k="shopItem_solarCollector" v="Pannello solare" />
  <e k="shopItem_storageShelter01" v="Tettoia grande" />
  <e k="shopItem_storageShelter02" v="Tettoia piccola" />
  <e k="shopItem_telehandlerBaleFork" v="Forca per balle" />
  <e k="shopItem_telehandlerBaleGrab" v="Pinza per balle fasciate" />
  <e k="shopItem_telehandlerFork" v="Forca per pallet" />
  <e k="shopItem_telehandlerLogFork" v="Forca per tronchi" />
  <e k="shopItem_telehandlerManureFork" v="Forca da letame" />
  <e k="shopItem_telehandlerShovel" v="Pala" />
  <e k="shopItem_vehicleShelter" v="Tettoia per veicolo" />
  <e k="shopItem_vehicleShelterLarge" v="Tettoia per veicolo grande" />
  <e k="shopItem_vehicleShelterSmall" v="Tettoia per veicolo piccola" />
  <e k="shopItem_waterTower" v="Serbatoio idrico" />
  <e k="shopItem_waterTrailer" v="Serbatoio acqua mobile" />
  <e k="shopItem_wheelLoaderFork" v="Forca" />
  <e k="shopItem_wheelLoaderLogFork" v="Forca per tronchi" />
  <e k="shopItem_wheelLoaderShovel" v="Pala" />
  <e k="shopItem_wheelLoaderSilageFork" v="Forca da insilato" />
  <e k="shopItem_windTurbine" v="Eolico" />
  <e k="shopItem_workshop" v="Officina meccanica" />
  <e k="shop_age" v="%s giorni" />
  <e k="shop_brand" v="Marchi" />
  <e k="shop_capacity" v="Capacità:" />
  <e k="shop_capacityValue" v="%s %s" />
  <e k="shop_category" v="Categoria" />
  <e k="shop_combinations" v="Adatti per:" />
  <e k="shop_configuration" v="Configurazione" />
  <e k="shop_configurationPriceBase" v="Prezzo base" />
  <e k="shop_configurationPriceOptions" v="Opzioni" />
  <e k="shop_configurationPriceTotal" v="Prezzo totale" />
  <e k="shop_configurationTitle" v="Opzioni e potenziamenti" />
  <e k="shop_costsBase" v="Costi base" />
  <e k="shop_costsPerDay" v="Al giorno" />
  <e k="shop_costsPerOperatingHour" v="Per ora di lavoro" />
  <e k="shop_doYouWantToBuy" v="Acquistare per %s?" />
  <e k="shop_doYouWantToLease" v="Noleggiare per %s?" />
  <e k="shop_fee" v="Tariffa" />
  <e k="shop_fruitTypes" v="Tipi di prodotto" />
  <e k="shop_fuelValue" v="%d %s" />
  <e k="shop_income" v="Guadagni:" />
  <e k="shop_incomeValue" v="%s/ora" />
  <e k="shop_initialCosts" v="Costi iniziali" />
  <e k="shop_leasedItems" v="Oggetti noleggiati" />
  <e k="shop_maintenance" v="Manutenzione:" />
  <e k="shop_maintenanceValue" v="%s/giorno" />
  <e k="shop_maxPower" v="Potenza max:" />
  <e k="shop_maxPowerValue" v="%s kW/%s CV" />
  <e k="shop_maxSpeed" v="%s %s" />
  <e k="shop_neededPower" v="Potenza rich:" />
  <e k="shop_neededPowerValue" v="%s kW/%s CV" />
  <e k="shop_noConfigsAvailable" v="Nessun potenziamento disponibile!" />
  <e k="shop_noVehicles" v="Nessun veicolo disponibile!" />
  <e k="shop_operatingTime" v="%d.%d h" />
  <e k="shop_ownedItems" v="Oggetti posseduti" />
  <e k="shop_saleRemaingHours" v="La promozione finisce alle:" />
  <e k="shop_saleRemaingHoursValue" v="%d h" />
  <e k="shop_transportationFee" v="Se non consegni gli animali con il tuo rimorchio per trasporto animali verrà applicato un supplemento!" />
  <e k="shop_usage" v="Utilizzo:" />
  <e k="shop_workingWidth" v="Raggio di azione:" />
  <e k="shop_workingWidthValue" v="%s m" />
  <e k="shop_youLease" v="Noleggi" />
  <e k="shop_youOwn" v="Hai" />
  <e k="typeDesc_augerWagon" v="raccogligrano" />
  <e k="typeDesc_baleLoader" v="caricaballe" />
  <e k="typeDesc_baleTrailer" v="Rimorchio per balle" />
  <e k="typeDesc_baleWrapper" v="avvolgiballe" />
  <e k="typeDesc_baler" v="imballatrice" />
  <e k="typeDesc_belt" v="nastro" />
  <e k="typeDesc_car" v="auto" />
  <e k="typeDesc_combine" v="mietitrebbia" />
  <e k="typeDesc_cornCutter" v="spannocchiatore" />
  <e k="typeDesc_cultivator" v="coltivatore" />
  <e k="typeDesc_cutter" v="lama" />
  <e k="typeDesc_cutterTrailer" v="lama a rimorchio" />
  <e k="typeDesc_defoliator" v="defogliatore" />
  <e k="typeDesc_fertilizerSpreader" v="spandifertilizzante" />
  <e k="typeDesc_forageWagon" v="cassone per foraggio" />
  <e k="typeDesc_forwarder" v="trasportatore" />
  <e k="typeDesc_frontloader" v="caricatore frontale" />
  <e k="typeDesc_frontloaderTool" v="attrezzo caricatore frontale" />
  <e k="typeDesc_greenhouse" v="serra" />
  <e k="typeDesc_harvester" v="raccoglitrice" />
  <e k="typeDesc_haulmTopper" v="trinciafoglie" />
  <e k="typeDesc_highPressureWasher" v="Idropulitrice" />
  <e k="typeDesc_leveler" v="Livellatrice" />
  <e k="typeDesc_livestockTrailer" v="rimorchio bestiame" />
  <e k="typeDesc_loaderVehicle" v="caricamento veicolo" />
  <e k="typeDesc_lowLoader" v="Carrellone" />
  <e k="typeDesc_manureBarrel" v="carrobotte liquame" />
  <e k="typeDesc_manureSpreader" v="spandiconcime" />
  <e k="typeDesc_mixerWagon" v="carro miscelatore" />
  <e k="typeDesc_mower" v="falciatrice" />
  <e k="typeDesc_pickup" v="raccoglierba" />
  <e k="typeDesc_planter" v="piantatrice" />
  <e k="typeDesc_plough" v="aratro" />
  <e k="typeDesc_plow" v="scudo" />
  <e k="typeDesc_roller" v="Rullo" />
  <e k="typeDesc_skidSteerTool" v="attrezzo pala caricatrice" />
  <e k="typeDesc_sowingMachine" v="seminatrice" />
  <e k="typeDesc_sprayer" v="irroratrice" />
  <e k="typeDesc_sprayerTank" v="serbatoio aggiuntivo" />
  <e k="typeDesc_strawBlower" v="impagliatrice" />
  <e k="typeDesc_stumpCutter" v="Tagliatronchi" />
  <e k="typeDesc_tedder" v="voltafieno" />
  <e k="typeDesc_telehandler" v="pinze telescopiche" />
  <e k="typeDesc_telehandlerTool" v="attrezzo pinze telescopiche" />
  <e k="typeDesc_timberTrailer" v="Trasportatore" />
  <e k="typeDesc_tipper" v="cassone ribaltabile" />
  <e k="typeDesc_tractor" v="trattore" />
  <e k="typeDesc_trailer" v="rimorchio" />
  <e k="typeDesc_treePlanter" v="piantatrice alberi" />
  <e k="typeDesc_treeSaw" v="sega per alberi" />
  <e k="typeDesc_truck" v="camion" />
  <e k="typeDesc_waterTrailer" v="autocisterna" />
  <e k="typeDesc_weeder" v="sarchiatore" />
  <e k="typeDesc_weight" v="peso" />
  <e k="typeDesc_wheelLoader" v="pala gommata" />
  <e k="typeDesc_wheelLoaderTool" v="attrezzo pala gommata" />
  <e k="typeDesc_windrower" v="ranghinatore" />
  <e k="typeDesc_woodCrusher" v="Frantuma legna" />
  <e k="typeDesc_woodHarvester" v="Raccogli legna" />
  <e k="unit_areaShort" v="ha" />
  <e k="unit_bale" v="balle" />
  <e k="unit_decimalSymbol" v="," />
  <e k="unit_degreeCelsiusShort" v="°C" />
  <e k="unit_digitGroupingSymbol" v="." />
  <e k="unit_dollar" v="Dollaro" />
  <e k="unit_dollarShort" v="$" />
  <e k="unit_euro" v="Euro" />
  <e k="unit_euroShort" v="€" />
  <e k="unit_km" v="Chilometri" />
  <e k="unit_kmh" v="km/h" />
  <e k="unit_kw" v="kW/h" />
  <e k="unit_liter" v="litri" />
  <e k="unit_literShort" v="l" />
  <e k="unit_miles" v="Metri" />
  <e k="unit_minutesShort" v="min." />
  <e k="unit_mph" v="m/h" />
  <e k="unit_pieces" v="pezzi" />
  <e k="unit_pound" v="Sterlina" />
  <e k="unit_poundShort" v="£" />
  <e k="unit_timeShort" v="hh:mm" />
</l10n>