﻿<?xml version="1.0" encoding="utf-8"?>
<l10n>
  <e k="category_animals" v="Animais" />
  <e k="category_augerWagons" v="Reboques autocarregadores" />
  <e k="category_baling" v="Tecnologia de fardos" />
  <e k="category_beetHarvesting" v="Colher beterrabas" />
  <e k="category_belts" v="Sistema de Esteira" />
  <e k="category_cars" v="Carros" />
  <e k="category_chainsaws" v="Motosserras" />
  <e k="category_cultivators" v="Cultivadores" />
  <e k="category_cutterTrailers" v="Barras de corte atreladas" />
  <e k="category_cutters" v="Barras de corte" />
  <e k="category_dollys" v="Reboques" />
  <e k="category_feeding" v="Tecnologia de alimentação" />
  <e k="category_fertilizerSpreaders" v="Espalhadores de fertilizante" />
  <e k="category_forageHarvesters" v="Forrageiras" />
  <e k="category_forageHarvestersCutters" v="Barras de c. (Forrageiras)" /> <e k="category_forageHarvesterCutters" v="Barras de c. (Forrageiras)" />
  <e k="category_frontLoaders" v="Carregadores frontais" />
  <e k="category_harvesters" v="Colheitadeiras" />
  <e k="category_leveler" v="Niveladoras" />
  <e k="category_loaderWagons" v="Carregadores" />
  <e k="category_lowloaders" v="Reboques Rebaixados" />
  <e k="category_manureSpreaders" v="Espalhadores de estrume" />
  <e k="category_misc" v="Vários" />
  <e k="category_mowers" v="Ceifadeiras" />
  <e k="category_pallets" v="Paletes" />
  <e k="category_placeables" v="Objetos colocáveis" />
  <e k="category_plows" v="Arados" />
  <e k="category_potatoHarvesting" v="Colher batatas" />
  <e k="category_sales" v="Promoções" />
  <e k="category_skidSteers" v="Carregadores Compactos" />
  <e k="category_slurryTanks" v="Tanques de adubo" />
  <e k="category_sowingMachines" v="Semeadeiras" />
  <e k="category_sprayers" v="Pulverizadores" />
  <e k="category_sugarCaneHarvesting" v="Colher cana-de-açúcar" />
  <e k="category_tedders" v="Máquinas de virar feno" />
  <e k="category_teleLoaders" v="Manipuladores telescópicos" />
  <e k="category_tippers" v="Reboques basculantes" />
  <e k="category_tractors" v="Tratores" />
  <e k="category_trucks" v="Carroças" />
  <e k="category_weeders" v="Extratores de Ervas Daninhas" />
  <e k="category_weights" v="Pesos" />
  <e k="category_wheelLoaders" v="Pás-carregadeiras" />
  <e k="category_windrowers" v="Enleiradores" />
  <e k="category_wood" v="Equipamento de silvicultura" />
  <e k="configuration_attacherJoint" v="Acopladores" />
  <e k="configuration_baseColor" v="Cor Principal" />
  <e k="configuration_design" v="Design" />
  <e k="configuration_designColor" v="Cor do design" />
  <e k="configuration_frontloaderAttacher" v="Acoplador de pá-carregadeira" />
  <e k="configuration_inputAttacher3Point" v="3 pontos" />
  <e k="configuration_inputAttacherFrontLoader" v="Pá-carregadeira" />
  <e k="configuration_inputAttacherJoint" v="Tipo de acoplador" />
  <e k="configuration_inputAttacherSkidSteer" v="Carregador compacto" />
  <e k="configuration_inputAttacherTeleLoaders" v="Manipulador telescópico" />
  <e k="configuration_inputAttacherWheelLoader" v="Pá-carregadeira" />
  <e k="configuration_motorSetup" v="Configuração do motor" />
  <e k="configuration_rimColor" v="Cor da roda" />
  <e k="configuration_trailerAttacherBack" v="+ acoplador traseiro" />
  <e k="configuration_valueBaleTrailer" v="Configuração do fardo" />
  <e k="configuration_valueColor" v="Design" />
  <e k="configuration_valueCrawler" v="Lagarta" />
  <e k="configuration_valueDefault" v="Padrão" />
  <e k="configuration_valueDesign01" v="Design 1" />
  <e k="configuration_valueDesign02" v="Design 2" />
  <e k="configuration_valueDesign03" v="Design 3" />
  <e k="configuration_valueDesign04" v="Design 4" />
  <e k="configuration_valueDesign05" v="Design 5" />
  <e k="configuration_valueDesign06" v="Design 6" />
  <e k="configuration_valueDesign07" v="Design 7" />
  <e k="configuration_valueDesign08" v="Design 8" />
  <e k="configuration_valueDesign09" v="Design 9" />
  <e k="configuration_valueForestry" v="Silvicultura" />
  <e k="configuration_valueGT1" v="Faixa GT única" />
  <e k="configuration_valueGT2" v="Faixas GT duplas" />
  <e k="configuration_valueNewHolland" v="New Holland" />
  <e k="configuration_valueStealth" v="Furtividade" />
  <e k="configuration_valueTracks" v="Lagarta" />
  <e k="configuration_valueTripleWheelsAll" v="Rodas triplas" />
  <e k="configuration_valueTwinWheelsAll" v="Rodas duplas" />
  <e k="configuration_valueTwinWheelsBack" v="Rodas duplas traseiras" />
  <e k="configuration_valueTwinWheelsFront" v="Rodas duplas dianteiras" />
  <e k="configuration_valueTwinWheelsNarrow" v="Rodas duplas estreitas" />
  <e k="configuration_valueVogelsangSynCut" v="Vogelsang SynCult" />
  <e k="configuration_valueWheelBroad" v="Pneus largos" />
  <e k="configuration_valueWheelNarrow" v="Pneus estreitos" />
  <e k="configuration_valueWheelWeights" v="Pesos de roda" />
  <e k="configuration_valueWhite" v="Padrão" />
  <e k="configuration_valueWoodTrailer" v="Configuração da madeira" />
  <e k="configuration_wheelSetup" v="Configuração das rodas" />
  <e k="defaultSavegameName" v="Meu jogo salvo" />
  <e k="fillTypeGroup_base" v="Alimento básico" />
  <e k="fillTypeGroup_bulk" v="Alimento básico" />
  <e k="fillTypeGroup_earth" v="Frutos da terra" />
  <e k="fillTypeGroup_forage" v="Forragem" />
  <e k="fillTypeGroup_grain" v="Grão" />
  <e k="fillTypeGroup_grass" v="Capim" />
  <e k="fillTypeGroup_power" v="Alimento especial" />
  <e k="fillTypeGroup_protein" v="Proteína" />
  <e k="fillTypeGroup_silage" v="Silagem" />
  <e k="fillType_barley" v="Cevada" />
  <e k="fillType_chaff" v="Restolho" />
  <e k="fillType_digestate" v="Biofertilizante" />
  <e k="fillType_dryGrass" v="Feno" />
  <e k="fillType_egg" v="Ovos" />
  <e k="fillType_fertilizer" v="Fertilizante" />
  <e k="fillType_forage" v="Ração mista total" />
  <e k="fillType_forage_mixing" v="Forragem" />
  <e k="fillType_fuel" v="Combustível" />
  <e k="fillType_grass" v="Capim" />
  <e k="fillType_liquidFertilizer" v="Fertilizante Líquido" />
  <e k="fillType_liquidManure" v="Adubo" />
  <e k="fillType_maize" v="Milho" />
  <e k="fillType_manure" v="Estrume" />
  <e k="fillType_milk" v="Leite" />
  <e k="fillType_oilRadish" v="Rabanete Japonês" />
  <e k="fillType_pigFood" v="Ração para Porcos" />
  <e k="fillType_pigFoodBase" v="Ração para Porcos (Base)" />
  <e k="fillType_pigFoodEarth" v="Ração para Porcos (Terra)" />
  <e k="fillType_pigFoodGrain" v="Ração para Porcos (Grão)" />
  <e k="fillType_pigFoodProtein" v="Ração para Porcos (Proteína)" />
  <e k="fillType_poplar" v="Choupo" />
  <e k="fillType_potato" v="Batatas" />
  <e k="fillType_powerFood" v="Alimento especial" />
  <e k="fillType_rape" v="Canola" />
  <e k="fillType_roundBale" v="Fardo cilíndrico" />
  <e k="fillType_roundBaleBarley" v="Fardo cilíndrico de palha (cevada)" />
  <e k="fillType_roundBaleDryGrass" v="Fardo cilíndrico de feno" />
  <e k="fillType_roundBaleGrass" v="Fardo cilíndrico de capim" />
  <e k="fillType_roundBaleSilage" v="Fardo cilíndrico de silagem" />
  <e k="fillType_roundBaleWheat" v="Fardo cilíndrico de palha (trigo)" />
  <e k="fillType_seeds" v="Sementes" />
  <e k="fillType_silage" v="Silagem" />
  <e k="fillType_soybean" v="Grãos de Soja" />
  <e k="fillType_squareBale" v="Fardo quadrado" />
  <e k="fillType_squareBaleBarley" v="Fardo quadrado de palha (cevada)" />
  <e k="fillType_squareBaleDryGrass" v="Fardo quadrado de feno" />
  <e k="fillType_squareBaleGrass" v="Fardo quadrado de capim" />
  <e k="fillType_squareBaleSilage" v="Fardo quadrado de silagem" />
  <e k="fillType_squareBaleWheat" v="Fardo quadrado de palha (trigo)" />
  <e k="fillType_straw" v="Palha" />
  <e k="fillType_sugarBeet" v="Beterraba" />
  <e k="fillType_sugarCane" v="Cana-de-açucar" />
  <e k="fillType_sunflower" v="Girassóis" />
  <e k="fillType_tarp" v="Tarp" />
  <e k="fillType_treeSaplings" v="Árvores jovens" />
  <e k="fillType_water" v="Água" />
  <e k="fillType_wheat" v="Trigo" />
  <e k="fillType_woodChips" v="Lascas de madeira" />
  <e k="fillType_wool" v="Lã" />
  <e k="function_augerWagon" v="Os reboques autocarregadores são reboques com o seu próprio sistema de distribuição em hélice. Você pode usá-los para recolher a colheita e descarregá-la diretamente em outros reboques." />
  <e k="function_baleStacker" v="Os coletores de fardos facilitam a recolha de fardos." />
  <e k="function_baleTrailer" v="Os reboques de fardos são usados para transportar fardos." />
  <e k="function_baleWrapper" v="As enfardadeiras enrolam os fardos para poderem fermentar e se transformar em silagem." />
  <e k="function_baler" v="As enfardadeiras recolhem a palha, grama ou feno soltos e os transformam em fardos." />
  <e k="function_beehive" v="Produz mel que é vendido automaticamente para você ganhar dinheiro." />
  <e k="function_beltSystem" v="As esteiras rolantes são um modo alternativo de carregar os seus reboques." />
  <e k="function_beltSystemConnection" v="As esteiras rolantes são um modo alternativo de carregar os seus reboques." />
  <e k="function_beltSystemStart" v="Essa esteira pega o material do chão para carregá-lo na próxima esteira rolante." />
  <e k="function_bigBagFertilizer" v="Os Sacos Grandes são usados para abastecer seus espalhadores de fertilizante." />
  <e k="function_bigBagPigFood" v="Pelotas de comida perfeitamente balanceadas para alimentar seus porcos." />
  <e k="function_bigBagSeeds" v="Os Sacos Grandes são usados para abastecer suas semeadeiras." />
  <e k="function_car" v="Os carros  permitem que você viaje rapidamente de A para B." />
  <e k="function_chainsaw" v="Você pode cortar árvores com uma motosserra." />
  <e k="function_combine" v="As colheitadeiras combinadas colhem os tipos de produtos indicados." />
  <e k="function_combineForage" v="As forrageiras processam os tipos de produtos indicados." />
  <e k="function_combineNeedsCutter" v="As colheitadeiras combinadas precisam de uma barra de corte adequada para funcionar." />
  <e k="function_combineNeedsForageCutter" v="Para que uma forrageira funcione, ela precisa de uma barra de corte adequada." />
  <e k="function_cultivator" v="O cultivador prepara o campo para o próximo plantio." />
  <e k="function_cutter" v="As barras de corte são acopladas às colheitadeiras combinadas." />
  <e k="function_cutterForage" v="As barras de corte são acopladas às forrageiras." />
  <e k="function_cutterTrailer" v="Os reboques de barras de corte podem transportar as barras em segurança na estrada. " />
  <e k="function_decoration" v="Objeto decorativo" />
  <e k="function_dolly" v="O carrinho serve de ligação entre um semirreboque e um trator." />
  <e k="function_feeder" v="As forrageiras misturadoras misturam os fardos de silagem, feno e palha para criar uma Ração Mista Total (RMT, uma mistura de 60% de alimento básico e 40% de alimento reforçado) que serve de alimento para as vacas." />
  <e k="function_feederBale" v="Esta máquina usa os fardos de palha para cobrir o solo do curral com palha." />
  <e k="function_fertilizer" v="Os pulverizadores de fertilizante melhoram as suas colheitas." />
  <e k="function_fillablePallet" v="Mudas de choupo. Carregue-as em uma plantadeira de árvores." />
  <e k="function_forageWagon" v="As forrageiras recolhem capim, feno ou palha. Também podem ser enchidas com restolho. " />
  <e k="function_forestryCutter" v="Esta máquina serve para derrubar árvores." />
  <e k="function_forestryPlanter" v="Essa máquina planta novas árvores. Você pode comprar paletes de mudas na loja para encher essa plantadeira." />
  <e k="function_forestryTransport" v="Este veículo serve para transportar troncos de árvores." />
  <e k="function_forestryTreeLimit" v="Nota: árvores muito grandes não podem ser processadas" />
  <e k="function_forestryWoodCrusher" v="Esta máquina desfaz os troncos em lascas." />
  <e k="function_frontloader" v="Os carregadores frontais são usados para empilhar e carregar produtos.  Atenção: os carregadores frontais apenas podem ser acoplados a tratores específicos." />
  <e k="function_greenHouse" v="Produz legumes que são vendidos automaticamente para você ganhar dinheiro." />
  <e k="function_harvestingPotato" v="Esta colheitadeira escava as batatas do solo. Você precisa de uma ceifadeira de bulbos antes de usar esta máquina." />
  <e k="function_harvestingSelfPropelledPotato" v="Esta colheitadeira motorizada colhe as batatas com uma só passagem." />
  <e k="function_harvestingSelfPropelledSugarbeet" v="Esta colheitadeira motorizada colhe as beterrabas com uma só passagem." />
  <e k="function_harvestingSugarbeet" v="Esta colheitadeira escava as beterrabas do solo. Você precisa de uma ceifadeira de bulbos antes de usar esta máquina." />
  <e k="function_haulmTopperPotato" v="Antes de colher as batatas você tem de cortar as folhagens com uma ceifadeira de bulbos como esta." />
  <e k="function_haulmTopperSugarbeet" v="Antes de colher as beterrabas você tem de cortar as folhagens com uma ceifadeira de bulbos como esta." />
  <e k="function_hayStorage" v="Espaço de depósito para palha e feno." />
  <e k="function_heatingPlant" v="Descarregue lascas de madeira nesta estação de venda para produzir calor e ganhar dinheiro." />
  <e k="function_highPressureWasher" v="Com esta máquina você pode limpar veículos e ferramentas sujos." />
  <e k="function_leveler" v="As niveladoras são usadas para mover restolho e silagem e nivelar as pilhas nos silos." />
  <e k="function_liquidFertilizerTank" v="Os Tanques de Fertilizante Líquido são usados para abastecer seus pulverizadores." />
  <e k="function_livestockTrailer" v="Este reboque é usado para transportar animais." />
  <e k="function_loadingVehicle" v="Esta máquina colhe beterrabas do solo e as coloca em um reboque." />
  <e k="function_lowLoader" v="Este reboque pode transportar outros veículos." />
  <e k="function_manureSpreader" v="Os espalhadores de estrume melhoram as colheitas nos seus campos." />
  <e k="function_mower" v="As ceifadeiras cortam o capim." />
  <e k="function_palletPacker" v="Carregar esta máquina com batatas ou beterrabas criará paletes embalados que você pode vender." />
  <e k="function_placeableChipper" v="Quaisquer troncos que você colocar nesta máquina serão convertidos em lascas de madeira que serão vendidas imediatamente para a serraria." />
  <e k="function_plough" v="Com um arado você pode preparar o campo para o próximo plantio e criar novos campos." />
  <e k="function_powerGenerator" v="Produz energia que é vendida automaticamente para você ganhar dinheiro." />
  <e k="function_reverseDriveControl" v="Este veículo está equipado com controle de tração de ré." />
  <e k="function_roller" v="Com esta máquina você pode restaurar o estado original do solo (excluir campos)." />
  <e k="function_saplingPallet" v="Este palete de árvores jovens é usado para encher o plantador de árvores." />
  <e k="function_semiTrailer" v="Os semirreboques podem ser acoplados com um carrinho." />
  <e k="function_siloExtension" v="Aumenta a capacidade de armazenamento dos seus silos. Deve ser colocada perto dos silos da sua fazenda." />
  <e k="function_skidsteer" v="Carregadores Compactos são usados para empilhar e transportar vários produtos." />
  <e k="function_slurryContainer" v="O contentor é usado como um local de armazenamento provisório para o adubo. Você pode enchê-lo com a adubadora Kotte TSA 30000." />
  <e k="function_slurrySpreader" v="Os espalhadores de adubo melhoram as colheitas nos seus campos." />
  <e k="function_sowingMachine" v="Você pode lavrar os campos com uma semeadeira." />
  <e k="function_sowingMachineDirect" v="Além disso, esta máquina pode ainda semear diretamente sem ser necessário cultivar ou arar o solo." />
  <e k="function_sprayer" v="Os pulverizadores aumentam o nível de produção." />
  <e k="function_sprayerTank" v="Os depósitos adicionais aumentam a capacidade dos pulverizadores." />
  <e k="function_stumpCutter" v="Estas máquinas cortam tocos de árvores." />
  <e k="function_tank" v="Os depósitos transportam líquidos." />
  <e k="function_tedder" v="As máquinas de virar feno viram o capim para secar mais depressa." />
  <e k="function_telehandler" v="As empilhadeiras telescópicas são usadas para empilhar e carregar vários produtos." />
  <e k="function_tipper" v="Os reboques basculantes são usados para transportar as colheitas." />
  <e k="function_tractor" v="Os tratores são necessários para puxar os reboques e as ferramentas." />
  <e k="function_tractorFrontloader" v="Você também pode acoplar um carregador frontal a este trator." />
  <e k="function_treeSaw" v="Você pode derrubar árvores com uma serra de árvores." />
  <e k="function_truck" v="Você pode acoplar semirreboques a carroças." />
  <e k="function_waterTower" v="A torre de água pode abastecer seus tanques com água fresca." />
  <e k="function_weeder" v="Os extratores arrancam ervas daninhas entre plantas pequenas, melhorando o estado do campo. Eles só podem ser usados no primeiro estágio de crescimento da cultura." />
  <e k="function_weight" v="Os pesos ajudam a manter as rodas do trator no solo e melhoram o seu equilíbrio." />
  <e k="function_wheelLoader" v="As pás-carregadeiras podem ser usadas para empilhar e carregar vários produtos." />
  <e k="function_windrower" v="O enleirador coloca o capim, o feno ou a palha em fileiras que podem depois ser recolhidas por forrageiras ou enfardadeiras." />
  <e k="function_workshop" v="Esta oficina permite que você crie um ponto em qualquer lugar do mapa para personalizar suas máquinas sem ter que pagar a um mecânico." />
  <e k="shopItem_ashTree" v="Freixo" />
  <e k="shopItem_beehive" v="Colmeia" />
  <e k="shopItem_bigBagFertilizer" v="Fertilizante Sólido" />
  <e k="shopItem_bigBagPigFood" v="Ração de Porco" />
  <e k="shopItem_bigBagSeeds" v="Saco Grande de Sementes" />
  <e k="shopItem_birchTree" v="Bétula" />
  <e k="shopItem_chicken" v="Galinha" />
  <e k="shopItem_cow" v="Vaca" />
  <e k="shopItem_firTree" v="Abeto" />
  <e k="shopItem_flieglSemitrailer" v="Reboque rebaixado" />
  <e k="shopItem_flieglTimberRunner" v="Transportador de madeira" />
  <e k="shopItem_frontloaderBaleFork" v="Forquilha para fardos" />
  <e k="shopItem_frontloaderBaleGrab" v="Pinça para fardos revestidos" />
  <e k="shopItem_frontloaderLogFork" v="Forcado para troncos" />
  <e k="shopItem_frontloaderManureFork" v="Balde de estrume" />
  <e k="shopItem_frontloaderManureGrabFork" v="Forquilha com grifa" />
  <e k="shopItem_frontloaderPalletFork" v="Forquilha porta paletes" />
  <e k="shopItem_frontloaderRoundBaleFork" v="Pinça para fardos" />
  <e k="shopItem_frontloaderShovel" v="Pá Universal" />
  <e k="shopItem_frontloaderSilageCutter" v="Desensilagem" />
  <e k="shopItem_garantFieldContainer" v="Contêiner" />
  <e k="shopItem_garantTSA" v="Transportador de adubo TSA" />
  <e k="shopItem_greenhouseLettuce" v="Estufa (alface)" />
  <e k="shopItem_greenhouseTomatoes" v="Estufa (tomates)" />
  <e k="shopItem_hayLoft" v="Palheiro" />
  <e k="shopItem_heatingPlant" v="Central de Aquecimento" />
  <e k="shopItem_highPressureWasher" v="Lavadora de alta pressão" />
  <e k="shopItem_kroneCutterTrailer" v="Barra de corte atrelada" />
  <e k="shopItem_liquidFertilizerTank" v="Fertilizante Líquido" />
  <e k="shopItem_mapleTree" v="Ácer" />
  <e k="shopItem_mobileFuelTank" v="Tanque de combustível móvel" />
  <e k="shopItem_oakTree" v="Carvalho" />
  <e k="shopItem_palletSaplings" v="Paletes com plantas de viveiro" />
  <e k="shopItem_palletSaplingsPoplar" v="Mudas de Choupo" />
  <e k="shopItem_picnicShelter01" v="Abrigo Retangular" />
  <e k="shopItem_picnicShelter02" v="Abrigo Redondo" />
  <e k="shopItem_pig" v="Porco" />
  <e k="shopItem_poplarTree" v="Choupo" />
  <e k="shopItem_sampoRosenlewC6Cutter" v="Barra de corte C6" />
  <e k="shopItem_shack01" v="Cabana Pequena" />
  <e k="shopItem_shack02" v="Cabana Elevada" />
  <e k="shopItem_shack03" v="Galpão" />
  <e k="shopItem_shack04" v="Estrutura de Serviços" />
  <e k="shopItem_sheep" v="Ovelha" />
  <e k="shopItem_siloExtensionLarge" v="Extensão de Silo Grande" />
  <e k="shopItem_siloExtensionSmall" v="Extensão de Silo Pequena" />
  <e k="shopItem_skidSteerBaleFork" v="Espigão para Fardos" />
  <e k="shopItem_skidSteerLogFork" v="Forcado para Troncos" />
  <e k="shopItem_skidSteerManureFork" v="Forcado para Estrume" />
  <e k="shopItem_skidSteerPalletFork" v="Forcado para Paletes" />
  <e k="shopItem_skidSteerShovel" v="Balde Universal" />
  <e k="shopItem_skidSteerStumpCutter" v="Destocador" />
  <e k="shopItem_solarCollector" v="Coletor solar" />
  <e k="shopItem_storageShelter01" v="Abrigo Grande" />
  <e k="shopItem_storageShelter02" v="Abrigo Pequeno" />
  <e k="shopItem_telehandlerBaleFork" v="Forcado para fardos" />
  <e k="shopItem_telehandlerBaleGrab" v="Garra para fardos" />
  <e k="shopItem_telehandlerFork" v="Forcado" />
  <e k="shopItem_telehandlerLogFork" v="Forcado para troncos" />
  <e k="shopItem_telehandlerManureFork" v="Forcado para estrume" />
  <e k="shopItem_telehandlerShovel" v="Pá" />
  <e k="shopItem_vehicleShelter" v="Abrigo para Veículos" />
  <e k="shopItem_vehicleShelterLarge" v="Abrigo para Veículos (G)" />
  <e k="shopItem_vehicleShelterSmall" v="Abrigo para Veículos (P)" />
  <e k="shopItem_waterTower" v="Torre de Água" />
  <e k="shopItem_waterTrailer" v="Tanque de água móvel" />
  <e k="shopItem_wheelLoaderFork" v="Forcado" />
  <e k="shopItem_wheelLoaderLogFork" v="Forcado para troncos" />
  <e k="shopItem_wheelLoaderShovel" v="Pá" />
  <e k="shopItem_wheelLoaderSilageFork" v="Forcado para silagem" />
  <e k="shopItem_windTurbine" v="Aerogerador" />
  <e k="shopItem_workshop" v="Oficina de Veículos" />
  <e k="shop_age" v="%s dias" />
  <e k="shop_brand" v="Marcas" />
  <e k="shop_capacity" v="Capacidade:" />
  <e k="shop_capacityValue" v="%s %s" />
  <e k="shop_category" v="Categoria" />
  <e k="shop_combinations" v="Adequado para:" />
  <e k="shop_configuration" v="Configuração" />
  <e k="shop_configurationPriceBase" v="Preço básico" />
  <e k="shop_configurationPriceOptions" v="Opções" />
  <e k="shop_configurationPriceTotal" v="Preço total" />
  <e k="shop_configurationTitle" v="Opções e Aprimoramentos" />
  <e k="shop_costsBase" v="Custos básicos" />
  <e k="shop_costsPerDay" v="Por dia" />
  <e k="shop_costsPerOperatingHour" v="Por hora de operação" />
  <e k="shop_doYouWantToBuy" v="Deseja comprar por %s?" />
  <e k="shop_doYouWantToLease" v="Deseja alugar por %s?" />
  <e k="shop_fee" v="Taxa" />
  <e k="shop_fruitTypes" v="Tipos de produtos" />
  <e k="shop_fuelValue" v="%d %s" />
  <e k="shop_income" v="Receitas:" />
  <e k="shop_incomeValue" v="%s / hora" />
  <e k="shop_initialCosts" v="Custos iniciais" />
  <e k="shop_leasedItems" v="Itens Alugados" />
  <e k="shop_maintenance" v="Manutenção:" />
  <e k="shop_maintenanceValue" v="%s / dia" />
  <e k="shop_maxPower" v="Potência máxima:" />
  <e k="shop_maxPowerValue" v="%s kW / %s cv" />
  <e k="shop_maxSpeed" v="%s %s" />
  <e k="shop_neededPower" v="Potência neces.:" />
  <e k="shop_neededPowerValue" v="%s kW / %s cv" />
  <e k="shop_noConfigsAvailable" v="Nenhum aprimoramento disponível!" />
  <e k="shop_noVehicles" v="Nenhum veículo disponível!" />
  <e k="shop_operatingTime" v="%d.%d h" />
  <e k="shop_ownedItems" v="Itens em Posse" />
  <e k="shop_saleRemaingHours" v="Promoção termina daqui a:" />
  <e k="shop_saleRemaingHoursValue" v="%d h" />
  <e k="shop_transportationFee" v="Se você não transportar os animais usando o seu reboque de animais, uma taxa de transporte será cobrada!" />
  <e k="shop_usage" v="Utilização:" />
  <e k="shop_workingWidth" v="Largura:" />
  <e k="shop_workingWidthValue" v="%s m" />
  <e k="shop_youLease" v="Você alugou" />
  <e k="shop_youOwn" v="Você já possui" />
  <e k="typeDesc_augerWagon" v="reboque autocarregador" />
  <e k="typeDesc_baleLoader" v="carregador de fardos" />
  <e k="typeDesc_baleTrailer" v="Reboque para fardos" />
  <e k="typeDesc_baleWrapper" v="enfardadeira" />
  <e k="typeDesc_baler" v="enfardadeira" />
  <e k="typeDesc_belt" v="esteira" />
  <e k="typeDesc_car" v="carro" />
  <e k="typeDesc_combine" v="colheitadeira combinada" />
  <e k="typeDesc_cornCutter" v="colheitadeira de milho" />
  <e k="typeDesc_cultivator" v="cultivador" />
  <e k="typeDesc_cutter" v="barra de corte" />
  <e k="typeDesc_cutterTrailer" v="barra de corte atrelada" />
  <e k="typeDesc_defoliator" v="desfolhadora" />
  <e k="typeDesc_fertilizerSpreader" v="espalhador de fertilizante" />
  <e k="typeDesc_forageWagon" v="forrageira" />
  <e k="typeDesc_forwarder" v="carregador de troncos" />
  <e k="typeDesc_frontloader" v="pá-carregadeira" />
  <e k="typeDesc_frontloaderTool" v="ferramenta pá-carregadeira" />
  <e k="typeDesc_greenhouse" v="estufa" />
  <e k="typeDesc_harvester" v="colheitadeira" />
  <e k="typeDesc_haulmTopper" v="ceifadeira de bulbos" />
  <e k="typeDesc_highPressureWasher" v="Lavadora de alta pressão" />
  <e k="typeDesc_leveler" v="Niveladora" />
  <e k="typeDesc_livestockTrailer" v="reboque para gado" />
  <e k="typeDesc_loaderVehicle" v="carregando veículo" />
  <e k="typeDesc_lowLoader" v="reboque rebaixado" />
  <e k="typeDesc_manureBarrel" v="tanque de adubo" />
  <e k="typeDesc_manureSpreader" v="espalhador de estrume" />
  <e k="typeDesc_mixerWagon" v="misturador" />
  <e k="typeDesc_mower" v="ceifadeira" />
  <e k="typeDesc_pickup" v="captador" />
  <e k="typeDesc_planter" v="plantadeira" />
  <e k="typeDesc_plough" v="arado" />
  <e k="typeDesc_plow" v="protetor" />
  <e k="typeDesc_roller" v="Rolo" />
  <e k="typeDesc_skidSteerTool" v="ferramenta de carregamento" />
  <e k="typeDesc_sowingMachine" v="semeadeira" />
  <e k="typeDesc_sprayer" v="pulverizador" />
  <e k="typeDesc_sprayerTank" v="tanque adicional" />
  <e k="typeDesc_strawBlower" v="soprador" />
  <e k="typeDesc_stumpCutter" v="destocador" />
  <e k="typeDesc_tedder" v="máquina de virar feno" />
  <e k="typeDesc_telehandler" v="manipulador telescópico" />
  <e k="typeDesc_telehandlerTool" v="ferramenta de manipulador telescópico" />
  <e k="typeDesc_timberTrailer" v="Autocarregador de troncos" />
  <e k="typeDesc_tipper" v="reboque basculante" />
  <e k="typeDesc_tractor" v="trator" />
  <e k="typeDesc_trailer" v="reboque" />
  <e k="typeDesc_treePlanter" v="plantadeira de árvores" />
  <e k="typeDesc_treeSaw" v="serra de árvores" />
  <e k="typeDesc_truck" v="caminhão" />
  <e k="typeDesc_waterTrailer" v="reboque para água" />
  <e k="typeDesc_weeder" v="extrator de ervas daninhas" />
  <e k="typeDesc_weight" v="peso" />
  <e k="typeDesc_wheelLoader" v="carregador" />
  <e k="typeDesc_wheelLoaderTool" v="ferramenta de carregador" />
  <e k="typeDesc_windrower" v="enleirador" />
  <e k="typeDesc_woodCrusher" v="Triturador de madeira" />
  <e k="typeDesc_woodHarvester" v="colheitadeira" />
  <e k="unit_areaShort" v="ha" />
  <e k="unit_bale" v="fardos" />
  <e k="unit_decimalSymbol" v="," />
  <e k="unit_degreeCelsiusShort" v="°C" />
  <e k="unit_digitGroupingSymbol" v="," />
  <e k="unit_dollar" v="Dólar" />
  <e k="unit_dollarShort" v="$" />
  <e k="unit_euro" v="Euro" />
  <e k="unit_euroShort" v="€" />
  <e k="unit_km" v="Quilômetros" />
  <e k="unit_kmh" v="km/h" />
  <e k="unit_kw" v="kW/h" />
  <e k="unit_liter" v="litros" />
  <e k="unit_literShort" v="l" />
  <e k="unit_miles" v="Milhas" />
  <e k="unit_minutesShort" v="min." />
  <e k="unit_mph" v="mph" />
  <e k="unit_pieces" v="pedaços" />
  <e k="unit_pound" v="Libra" />
  <e k="unit_poundShort" v="£" />
  <e k="unit_timeShort" v="hh:mm" />
</l10n>