﻿<?xml version="1.0" encoding="utf-8"?>
<l10n>
  <e k="category_animals" v="Zwierzęta" />
  <e k="category_augerWagons" v="Wozy przeładunkowe" />
  <e k="category_baling" v="Technologia bel" />
  <e k="category_beetHarvesting" v="Zbieranie buraków cukrowych" />
  <e k="category_belts" v="System pasów" />
  <e k="category_cars" v="Pojazdy" />
  <e k="category_chainsaws" v="Piły łańcuchowe" />
  <e k="category_cultivators" v="Kultywatory" />
  <e k="category_cutterTrailers" v="Naczepy do żniwiarki/ścinarki" />
  <e k="category_cutters" v="Żniwiarki/Ścinarki" />
  <e k="category_dollys" v="Wózki do naczep" />
  <e k="category_feeding" v="Technologia karmienia" />
  <e k="category_fertilizerSpreaders" v="Rozrzutniki nawozu" />
  <e k="category_forageHarvesters" v="Silosokombajny" />
  <e k="category_forageHarvestersCutters" v="Sieczkarnie samojezdne" />  <e k="category_forageHarvesterCutters" v="Sieczkarnie samojezdne" />
  <e k="category_frontLoaders" v="Ładowacze czołowe" />
  <e k="category_harvesters" v="Kombajny" />
  <e k="category_leveler" v="Walce" />
  <e k="category_loaderWagons" v="Przyczepy samozbierające" />
  <e k="category_lowloaders" v="Lawety" />
  <e k="category_manureSpreaders" v="Rozrzutniki obornika" />
  <e k="category_misc" v="Różne" />
  <e k="category_mowers" v="Kosiarki" />
  <e k="category_pallets" v="Palety" />
  <e k="category_placeables" v="Obiekty" />
  <e k="category_plows" v="Pługi" />
  <e k="category_potatoHarvesting" v="Zbieranie ziemniaków" />
  <e k="category_sales" v="Sprzedaż" />
  <e k="category_skidSteers" v="Mini ładowarki" />
  <e k="category_slurryTanks" v="Zbiorniki gnojówki" />
  <e k="category_sowingMachines" v="Siewniki" />
  <e k="category_sprayers" v="Opryskiwacze" />
  <e k="category_sugarCaneHarvesting" v="Zbieranie trzciny cukrowej" />
  <e k="category_tedders" v="Przetrząsacze" />
  <e k="category_teleLoaders" v="Ładowarki teleskopowe" />
  <e k="category_tippers" v="Wywrotki" />
  <e k="category_tractors" v="Ciągniki" />
  <e k="category_trucks" v="Ciężarówki" />
  <e k="category_weeders" v="Chwastowniki" />
  <e k="category_weights" v="Obciążniki" />
  <e k="category_wheelLoaders" v="Ładowarki kołowe" />
  <e k="category_windrowers" v="Zgrabiarki" />
  <e k="category_wood" v="Sprzęt leśniczy" />
  <e k="configuration_attacherJoint" v="Elementy dołączane" />
  <e k="configuration_baseColor" v="Kolor główny" />
  <e k="configuration_design" v="Wzór" />
  <e k="configuration_designColor" v="Kolor" />
  <e k="configuration_frontloaderAttacher" v="Koparka" />
  <e k="configuration_inputAttacher3Point" v="Trzypunktowe" />
  <e k="configuration_inputAttacherFrontLoader" v="Ładowarka czołowa" />
  <e k="configuration_inputAttacherJoint" v="Rodzaj dołączanego elementu" />
  <e k="configuration_inputAttacherSkidSteer" v="Mini ładowarka" />
  <e k="configuration_inputAttacherTeleLoaders" v="Ładowarka teleskopowa" />
  <e k="configuration_inputAttacherWheelLoader" v="Ładowarka kołowa" />
  <e k="configuration_motorSetup" v="Konfiguracja silnika" />
  <e k="configuration_rimColor" v="Kolor obramowania" />
  <e k="configuration_trailerAttacherBack" v="+ element dołączany z tyłu" />
  <e k="configuration_valueBaleTrailer" v="Ustawienia bel" />
  <e k="configuration_valueColor" v="Wzór" />
  <e k="configuration_valueCrawler" v="Gąsiennicowy układ bieżny" />
  <e k="configuration_valueDefault" v="Standardowy" />
  <e k="configuration_valueDesign01" v="Wzór 1" />
  <e k="configuration_valueDesign02" v="Wzór 2" />
  <e k="configuration_valueDesign03" v="Wzór 3" />
  <e k="configuration_valueDesign04" v="Wzór 4" />
  <e k="configuration_valueDesign05" v="Wzór 5" />
  <e k="configuration_valueDesign06" v="Wzór 6" />
  <e k="configuration_valueDesign07" v="Wzór 7" />
  <e k="configuration_valueDesign08" v="Wzór 8" />
  <e k="configuration_valueDesign09" v="Wzór 9" />
  <e k="configuration_valueForestry" v="Leśnictwo" />
  <e k="configuration_valueGT1" v="Pojedynczy pas" />
  <e k="configuration_valueGT2" v="Podwójny pas" />
  <e k="configuration_valueNewHolland" v="New Holland" />
  <e k="configuration_valueStealth" v="Tłumik" />
  <e k="configuration_valueTracks" v="Gąsiennicowy układ bieżny" />
  <e k="configuration_valueTripleWheelsAll" v="Potrójne koła" />
  <e k="configuration_valueTwinWheelsAll" v="Podwójne koła" />
  <e k="configuration_valueTwinWheelsBack" v="Podwójne koła tylne" />
  <e k="configuration_valueTwinWheelsFront" v="Podwójne koła przednie" />
  <e k="configuration_valueTwinWheelsNarrow" v="Wąskie podwójne koła" />
  <e k="configuration_valueVogelsangSynCut" v="Vogelsang SynCult" />
  <e k="configuration_valueWheelBroad" v="Szerokie opony" />
  <e k="configuration_valueWheelNarrow" v="Wąskie opony" />
  <e k="configuration_valueWheelWeights" v="Obciążniki opon" />
  <e k="configuration_valueWhite" v="Standardowy" />
  <e k="configuration_valueWoodTrailer" v="Ustawienia drzewa" />
  <e k="configuration_wheelSetup" v="Ustawienia kół" />
  <e k="defaultSavegameName" v="Mój zapis gry" />
  <e k="fillTypeGroup_base" v="Podstawowa żywność" />
  <e k="fillTypeGroup_bulk" v="Podstawowa żywność" />
  <e k="fillTypeGroup_earth" v="Owoce ziemi" />
  <e k="fillTypeGroup_forage" v="Pasza" />
  <e k="fillTypeGroup_grain" v="Ziarno" />
  <e k="fillTypeGroup_grass" v="Trawa" />
  <e k="fillTypeGroup_power" v="Zbilansowana karma" />
  <e k="fillTypeGroup_protein" v="Białko" />
  <e k="fillTypeGroup_silage" v="Kiszonka" />
  <e k="fillType_barley" v="Jęczmień" />
  <e k="fillType_chaff" v="Plewy" />
  <e k="fillType_digestate" v="Kompost" />
  <e k="fillType_dryGrass" v="Siano" />
  <e k="fillType_egg" v="Jaja" />
  <e k="fillType_fertilizer" v="Nawóz" />
  <e k="fillType_forage" v="TMR" />
  <e k="fillType_forage_mixing" v="Pasza" />
  <e k="fillType_fuel" v="Paliwo" />
  <e k="fillType_grass" v="Trawa" />
  <e k="fillType_liquidFertilizer" v="Płynny nawóz" />
  <e k="fillType_liquidManure" v="Gnojówka" />
  <e k="fillType_maize" v="Kukurydza" />
  <e k="fillType_manure" v="Obornik" />
  <e k="fillType_milk" v="Mleko" />
  <e k="fillType_oilRadish" v="Rzodkiew oleista" />
  <e k="fillType_pigFood" v="Pomyje" />
  <e k="fillType_pigFoodBase" v="Pomyje (podstawowe)" />
  <e k="fillType_pigFoodEarth" v="Pomyje (ziemia)" />
  <e k="fillType_pigFoodGrain" v="Pomyje (ziarno)" />
  <e k="fillType_pigFoodProtein" v="Pomyje (białko)" />
  <e k="fillType_poplar" v="Topola" />
  <e k="fillType_potato" v="Ziemniaki" />
  <e k="fillType_powerFood" v="Zbilansowana karma" />
  <e k="fillType_rape" v="Rzepak" />
  <e k="fillType_roundBale" v="Bela" />
  <e k="fillType_roundBaleBarley" v="Bela słomy (jęczmień)" />
  <e k="fillType_roundBaleDryGrass" v="Bela siana" />
  <e k="fillType_roundBaleGrass" v="Bela trawy" />
  <e k="fillType_roundBaleSilage" v="Bela kiszonki" />
  <e k="fillType_roundBaleWheat" v="Bela słomy (pszenica)" />
  <e k="fillType_seeds" v="Ziarna" />
  <e k="fillType_silage" v="Kiszonka" />
  <e k="fillType_soybean" v="Soja" />
  <e k="fillType_squareBale" v="Kostka" />
  <e k="fillType_squareBaleBarley" v="Kostka słomy (jęczmień)" />
  <e k="fillType_squareBaleDryGrass" v="Kostka siana" />
  <e k="fillType_squareBaleGrass" v="Kostka trawy" />
  <e k="fillType_squareBaleSilage" v="Kostka kiszonki" />
  <e k="fillType_squareBaleWheat" v="Kostka słomy (pszenica)" />
  <e k="fillType_straw" v="Słoma" />
  <e k="fillType_sugarBeet" v="Burak cukrowy" />
  <e k="fillType_sugarCane" v="Trzcina cukrowa" />
  <e k="fillType_sunflower" v="Słoneczniki" />
  <e k="fillType_tarp" v="Tarp" />
  <e k="fillType_treeSaplings" v="Sadzonki" />
  <e k="fillType_water" v="Woda" />
  <e k="fillType_wheat" v="Pszenica" />
  <e k="fillType_woodChips" v="Wióry" />
  <e k="fillType_wool" v="Wełna" />
  <e k="function_augerWagon" v="Wóz przeładunkowy to przyczepa, wyposażona we własny przenośnik taśmowy. Pojazd można wykorzystać do magazynowania zbiorów i bezpośredniego ich przeładunku do innych przyczep." />
  <e k="function_baleStacker" v="Ta maszyna pomaga w zbieraniu bel." />
  <e k="function_baleTrailer" v="Ta przyczepa służy do transportu bel." />
  <e k="function_baleWrapper" v="Owijarka bel pakuje bele trawy w folię, co umożliwia ich fermentację i uzyskanie kiszonki." />
  <e k="function_baler" v="Prasa zamienia luźną słomę, trawę lub siano w wygodne do transportu bele." />
  <e k="function_beehive" v="Wytwarza miód, który jest automatycznie sprzedawany." />
  <e k="function_beltSystem" v="Pasy transmisyjne to inny sposób ładowania naczep." />
  <e k="function_beltSystemConnection" v="Pasy transmisyjne to inny sposób ładowania naczep." />
  <e k="function_beltSystemStart" v="Pas ten podnosi materiały z ziemi i załadowuje je na kolejny przenośnik taśmowy." />
  <e k="function_bigBagFertilizer" v="Wielkie worki służą do uzupełniania rozrzutników nawozu." />
  <e k="function_bigBagPigFood" v="Idealnie zbilansowana pasza dla świń." />
  <e k="function_bigBagSeeds" v="Wielkie worki służą do uzupełniania siewników." />
  <e k="function_car" v="Samochód umożliwia szybkie dotarcie z punktu A do punktu B." />
  <e k="function_chainsaw" v="Piła łańcuchowa służy do wycinki drzew." />
  <e k="function_combine" v="Kombajny zajmują się zbieraniem określonych rodzajów roślin." />
  <e k="function_combineForage" v="Silosokombajny przetwarzają wskazane typy owoców." />
  <e k="function_combineNeedsCutter" v="Aby kombajn mógł spełniać swoje zadania, trzeba wyposażyć go w odpowiednią żniwiarkę/ścinarkę." />
  <e k="function_combineNeedsForageCutter" v="Aby silosokombajn działał, potrzebuje odpowiedniej żniwiarki." />
  <e k="function_cultivator" v="Kultywator przygotowuje pola do kolejnych zasiewów." />
  <e k="function_cutter" v="Żniwiarki są dołączane do kombajnów." />
  <e k="function_cutterForage" v="Żniwiarki są montowane do silosokombajnów." />
  <e k="function_cutterTrailer" v="Naczepa na żniwiarkę/ścinarkę pozwala na bezpieczny transport drogowy żniwiarki albo ścinarki." />
  <e k="function_decoration" v="Obiekt dekoracyjny" />
  <e k="function_dolly" v="Wózek do naczep stanowi łącznik pomiędzy ciągnikiem a naczepą." />
  <e k="function_feeder" v="Paszowóz służy do mieszania kiszonki, siana i słomy w paszę mieszaną (składającą się w 60% z paszy wypełniającej i w 40% z energetycznej). Tą mieszanką można karmić krowy." />
  <e k="function_feederBale" v="Maszyna zbiera bele słomy i wykłada nią podłogę w zagrodach krów." />
  <e k="function_fertilizer" v="Opryskiwacze nawozowe poprawiają zbiory uzyskiwane na polach." />
  <e k="function_fillablePallet" v="Sadzonka topoli. Załaduj ją do sadzarki." />
  <e k="function_forageWagon" v="Przyczepa samozbierająca zbiera trawę, siano lub słomę. Może również zbierać plewy." />
  <e k="function_forestryCutter" v="Ta maszyna umożliwia ścinanie drzew." />
  <e k="function_forestryPlanter" v="Ta maszyna sadzi nowe drzewka. Możesz kupić w sklepie paletę sadzonek i załadować ją tutaj." />
  <e k="function_forestryTransport" v="Ten pojazd pozwala transportować kłody drzewa." />
  <e k="function_forestryTreeLimit" v="Uwaga: Bardzo duże drzewa nie mogą zostać przetworzone" />
  <e k="function_forestryWoodCrusher" v="Ta maszyna rozbija drewno na wióry" />
  <e k="function_frontloader" v="Ładowacze czołowe są wykorzystywane do układania i załadunku różnych produktów. Uwaga: ładowacze czołowe można doczepić tylko do wybranych ciągników." />
  <e k="function_greenHouse" v="Produkuje warzywa, które są automatycznie sprzedawane." />
  <e k="function_harvestingPotato" v="Ten kombajn umożliwia wykopywanie ziemniaków z ziemi. Przed zastosowaniem maszyny należy użyć ścinacza łęcin." />
  <e k="function_harvestingSelfPropelledPotato" v="Ten samobieżny kombajn zbiera ziemniaki." />
  <e k="function_harvestingSelfPropelledSugarbeet" v="Ten samobieżny kombajn zbiera buraki cukrowe." />
  <e k="function_harvestingSugarbeet" v="Ten kombajn wykopuje buraki cukrowe z ziemi. Przed zastosowaniem tej maszyny należy użyć ścinacza łęcin." />
  <e k="function_haulmTopperPotato" v="Przed zebraniem ziemniaków należy obciąć łodygi, co umożliwia właśnie ta maszyna." />
  <e k="function_haulmTopperSugarbeet" v="Przed zebraniem buraków cukrowych należy obciąć łodygi, co umożliwia właśnie ta maszyna." />
  <e k="function_hayStorage" v="Przestrzeń na przechowywanie siana i słomy." />
  <e k="function_heatingPlant" v="Upuszczenie zrębków na tym punkcie skupu wytwarza ciepło oraz przysparza ci pieniędzy." />
  <e k="function_highPressureWasher" v="Ta maszyna czyści brudne pojazdy i narzędzia." />
  <e k="function_leveler" v="Walce służą do mieszania sieczki i kiszonki oraz wyrównywania poziomu w silosach." />
  <e k="function_liquidFertilizerTank" v="Zbiorniki z nawozem służą do uzupełniania opryskiwaczy." />
  <e k="function_livestockTrailer" v="Ta przyczepa służy do transportu zwierząt." />
  <e k="function_loadingVehicle" v="Ta maszyn zabiera buraki cukrowe i gromadzi je od razu na przyczepie." />
  <e k="function_lowLoader" v="Ta przyczepa może przewozić inne pojazdy." />
  <e k="function_manureSpreader" v="Rozrzutniki obornika poprawiają zbiory uzyskiwane na polach." />
  <e k="function_mower" v="Kosiarki służą do koszenia trawy." />
  <e k="function_palletPacker" v="Załaduj tę maszynę ziemniakami lub burakami cukrowymi, a otrzymasz schludnie zapakowane palety, gotowe do sprzedaży." />
  <e k="function_placeableChipper" v="Każde polano, które włożysz do tej maszyny, zostanie zmienione w zrębki, które są automatycznie sprzedawane w tartaku." />
  <e k="function_plough" v="Dzięki pługowi możesz przygotować pola na nowe zasiewy, a także tworzyć nowe pola." />
  <e k="function_powerGenerator" v="Wytwarza energię, która jest automatycznie sprzedawana." />
  <e k="function_reverseDriveControl" v="Ten pojazd jest wyposażony w bieg wsteczny." />
  <e k="function_roller" v="Dzięki tej maszynie możesz przywrócić pole do stanu pierwotnego (usunąć pole)." />
  <e k="function_saplingPallet" v="Paleta sadzonek umożliwia napełnienie siewnika drzew." />
  <e k="function_semiTrailer" v="Naczepy można przyłączyć za pomocą wózka do naczep." />
  <e k="function_siloExtension" v="Zwiększa pojemność silosu. Musi być umieszczone obok silosu." />
  <e k="function_skidsteer" v="Mini ładowarki używane są do przechowywania oraz ładowania dóbr różnego rodzaju." />
  <e k="function_slurryContainer" v="Zbiornik terenowy służy do tymczasowego przechowywania gnojówki." />
  <e k="function_slurrySpreader" v="Rozrzutniki gnojówki poprawiają zbiory uzyskiwane na polach." />
  <e k="function_sowingMachine" v="Siewnik umożliwia obsiewanie pól." />
  <e k="function_sowingMachineDirect" v="Dodatkowo umożliwia bezpośredni zasiew. Bez wcześniejszego spulchniania i orki." />
  <e k="function_sprayer" v="Opryskiwacze zwiększają żyzność pól." />
  <e k="function_sprayerTank" v="Dodatkowe zbiorniki zwiększają pojemność opryskiwaczy." />
  <e k="function_stumpCutter" v="Ta maszyna służy do wycinania pni drzew" />
  <e k="function_tank" v="W zbiornikach przewozi się substancje płynne." />
  <e k="function_tedder" v="Przetrząsacz przerzuca trawę, która w ten sposób szybciej wysycha." />
  <e k="function_telehandler" v="Ładowarki teleskopowe są używane do układania i załadunku różnych produktów." />
  <e k="function_tipper" v="Wywrotki/przyczepy służą do transportu zbiorów." />
  <e k="function_tractor" v="Do ciągników można przyłączyć przyczepę oraz narzędzia." />
  <e k="function_tractorFrontloader" v="Ten ciągnik może używać  ładowaczy czołowych." />
  <e k="function_treeSaw" v="Piłą do pni możesz ścinać drzewa." />
  <e k="function_truck" v="Do ciężarówki można przyłączać przyczepy." />
  <e k="function_waterTower" v="Wieża ciśnień zaopatruje zbiorniki w świeżą wodę." />
  <e k="function_weeder" v="Chwastowniki wyrywają chwasty spomiędzy roślin uprawnych, poprawiając w ten sposób stan pola. Można ich używać tylko w pierwszych stadiach wzrostu plonów." />
  <e k="function_weight" v="Obciążnik pozwala utrzymać koła ciągnika na ziemi i poprawia jego balans." />
  <e k="function_wheelLoader" v="Łopata ładowarki kołowej może służyć do transportu różnych produktów." />
  <e k="function_windrower" v="Zgrabiarka układa trawę, siano lub słomę w rzędach (pokosach), które mogą zostać zgarnięte przez przyczepę samozbierającą lub prasę." />
  <e k="function_workshop" v="Ten warsztat pozwala na stworzenie na mapie miejsca, gdzie można modyfikować maszyny bez konieczności opłacania mechanika." />
  <e k="shopItem_ashTree" v="Jesion" />
  <e k="shopItem_beehive" v="Ul" />
  <e k="shopItem_bigBagFertilizer" v="Wielkie worki nawozu" />
  <e k="shopItem_bigBagPigFood" v="Worek paszy dla świń" />
  <e k="shopItem_bigBagSeeds" v="Wielkie worki nasion" />
  <e k="shopItem_birchTree" v="Brzoza" />
  <e k="shopItem_chicken" v="Kura" />
  <e k="shopItem_cow" v="Krowa" />
  <e k="shopItem_firTree" v="Jodła" />
  <e k="shopItem_flieglSemitrailer" v="Niska naczepa" />
  <e k="shopItem_flieglTimberRunner" v="Transporter drewna" />
  <e k="shopItem_frontloaderBaleFork" v="Lanca balotowa" />
  <e k="shopItem_frontloaderBaleGrab" v="Chwytak do balotów zafoliowanych" />
  <e k="shopItem_frontloaderLogFork" v="Widły do drewna" />
  <e k="shopItem_frontloaderManureFork" v="Widły do nawozu" />
  <e k="shopItem_frontloaderManureGrabFork" v="Widły kleszczowe" />
  <e k="shopItem_frontloaderPalletFork" v="Widły do palet" />
  <e k="shopItem_frontloaderRoundBaleFork" v="Widły rolkowe do balotów" />
  <e k="shopItem_frontloaderShovel" v="Szufla uniwersalna" />
  <e k="shopItem_frontloaderSilageCutter" v="Chwytak tnący do kiszonki" />
  <e k="shopItem_garantFieldContainer" v="Zbiornik terenowy" />
  <e k="shopItem_garantTSA" v="Zbiornik na gnojówkę" />
  <e k="shopItem_greenhouseLettuce" v="Szklarnia (sałata)" />
  <e k="shopItem_greenhouseTomatoes" v="Szklarnia (pomidory)" />
  <e k="shopItem_hayLoft" v="Strych na siano" />
  <e k="shopItem_heatingPlant" v="Ciepłownia" />
  <e k="shopItem_highPressureWasher" v="Myjka ciśnieniowa" />
  <e k="shopItem_kroneCutterTrailer" v="Naczepa" />
  <e k="shopItem_liquidFertilizerTank" v="Zbiornik z nawozem" />
  <e k="shopItem_mapleTree" v="Klon" />
  <e k="shopItem_mobileFuelTank" v="Cysterna z paliwem" />
  <e k="shopItem_oakTree" v="Dąb" />
  <e k="shopItem_palletSaplings" v="Paleta rozsadowa" />
  <e k="shopItem_palletSaplingsPoplar" v="Paleta sadzonek topoli" />
  <e k="shopItem_picnicShelter01" v="Prostokątna wiata" />
  <e k="shopItem_picnicShelter02" v="Wiata piknikowa" />
  <e k="shopItem_pig" v="Świnia" />
  <e k="shopItem_poplarTree" v="Topola" />
  <e k="shopItem_sampoRosenlewC6Cutter" v="Żniwiarka C6" />
  <e k="shopItem_shack01" v="Mały domek gospodarczy" />
  <e k="shopItem_shack02" v="Wysoki domek g." />
  <e k="shopItem_shack03" v="Szopa" />
  <e k="shopItem_shack04" v="Budynek użytkowy" />
  <e k="shopItem_sheep" v="Owca" />
  <e k="shopItem_siloExtensionLarge" v="Duży silos" />
  <e k="shopItem_siloExtensionSmall" v="Mały silos" />
  <e k="shopItem_skidSteerBaleFork" v="Widły do bel" />
  <e k="shopItem_skidSteerLogFork" v="Chwytak do bali" />
  <e k="shopItem_skidSteerManureFork" v="Widły do obornika" />
  <e k="shopItem_skidSteerPalletFork" v="Widły do palet" />
  <e k="shopItem_skidSteerShovel" v="Wiadro uniwersalne" />
  <e k="shopItem_skidSteerStumpCutter" v="Frezarka do pni" />
  <e k="shopItem_solarCollector" v="Panel słoneczny" />
  <e k="shopItem_storageShelter01" v="Duży bróg" />
  <e k="shopItem_storageShelter02" v="Mały bróg" />
  <e k="shopItem_telehandlerBaleFork" v="Widły do bel" />
  <e k="shopItem_telehandlerBaleGrab" v="Chwytak owiniętych bel" />
  <e k="shopItem_telehandlerFork" v="Widły do palet" />
  <e k="shopItem_telehandlerLogFork" v="Widły do drewna" />
  <e k="shopItem_telehandlerManureFork" v="Widły do obornika" />
  <e k="shopItem_telehandlerShovel" v="Łopata" />
  <e k="shopItem_vehicleShelter" v="Wiata na pojazdy" />
  <e k="shopItem_vehicleShelterLarge" v="Duża wiata na pojazdy" />
  <e k="shopItem_vehicleShelterSmall" v="Mała wiata na pojazdy" />
  <e k="shopItem_waterTower" v="Wieża ciśnień" />
  <e k="shopItem_waterTrailer" v="Cysterna z wodą" />
  <e k="shopItem_wheelLoaderFork" v="Widły ładowacza" />
  <e k="shopItem_wheelLoaderLogFork" v="Widły do drewna" />
  <e k="shopItem_wheelLoaderShovel" v="Łopata" />
  <e k="shopItem_wheelLoaderSilageFork" v="Widły do kiszonka " />
  <e k="shopItem_windTurbine" v="Turbina wiatrowa" />
  <e k="shopItem_workshop" v="Warsztat pojazdowy" />
  <e k="shop_age" v="%s dni" />
  <e k="shop_brand" v="Marki" />
  <e k="shop_capacity" v="Pojemność:" />
  <e k="shop_capacityValue" v="%s %s" />
  <e k="shop_category" v="Kategoria" />
  <e k="shop_combinations" v="Dostosowane do:" />
  <e k="shop_configuration" v="Konfiguracja" />
  <e k="shop_configurationPriceBase" v="Cena podstawowa" />
  <e k="shop_configurationPriceOptions" v="Opcje" />
  <e k="shop_configurationPriceTotal" v="Cena całkowita" />
  <e k="shop_configurationTitle" v="Opcje i ulepszenia" />
  <e k="shop_costsBase" v="Koszty podstawowe" />
  <e k="shop_costsPerDay" v="Na dzień" />
  <e k="shop_costsPerOperatingHour" v="Na godzinę działania" />
  <e k="shop_doYouWantToBuy" v="Czy chcesz kupić za %s?" />
  <e k="shop_doYouWantToLease" v="Czy chcesz wypożyczyć za %s?" />
  <e k="shop_fee" v="Opłata" />
  <e k="shop_fruitTypes" v="Rodzaje roślin" />
  <e k="shop_fuelValue" v="%d %s" />
  <e k="shop_income" v="Przychód:" />
  <e k="shop_incomeValue" v="%s / godz." />
  <e k="shop_initialCosts" v="Koszty wstępne" />
  <e k="shop_leasedItems" v="Wypożyczone przedmioty" />
  <e k="shop_maintenance" v="Utrzymanie:" />
  <e k="shop_maintenanceValue" v="%s / dzień" />
  <e k="shop_maxPower" v="Moc maks.:" />
  <e k="shop_maxPowerValue" v="%s kW / %s KM" />
  <e k="shop_maxSpeed" v="%s %s" />
  <e k="shop_neededPower" v="Wymag. moc:" />
  <e k="shop_neededPowerValue" v="%s kW / %s KM" />
  <e k="shop_noConfigsAvailable" v="Brak dostępnych ulepszeń!" />
  <e k="shop_noVehicles" v="Brak dostępnych pojazdów!" />
  <e k="shop_operatingTime" v="%d.%d godz." />
  <e k="shop_ownedItems" v="Posiadane przedmioty" />
  <e k="shop_saleRemaingHours" v="Koniec wyprzedaży za:" />
  <e k="shop_saleRemaingHoursValue" v="%d godz." />
  <e k="shop_transportationFee" v="Opłata transportowa jest naliczana, jeśli nie przewozisz zwierząt własnym transportem!" />
  <e k="shop_usage" v="Użytkowanie:" />
  <e k="shop_workingWidth" v="Szerokość robocza:" />
  <e k="shop_workingWidthValue" v="%s m" />
  <e k="shop_youLease" v="Wypożyczone" />
  <e k="shop_youOwn" v="Stan posiadania" />
  <e k="typeDesc_augerWagon" v="wóz przeładunkowy" />
  <e k="typeDesc_baleLoader" v="ładowacz do bel" />
  <e k="typeDesc_baleTrailer" v="Przyczepa do bel" />
  <e k="typeDesc_baleWrapper" v="owijarka bel" />
  <e k="typeDesc_baler" v="prasa" />
  <e k="typeDesc_belt" v="pas" />
  <e k="typeDesc_car" v="samochód" />
  <e k="typeDesc_combine" v="kombajn" />
  <e k="typeDesc_cornCutter" v="przystawka do zbioru kukurydzy" />
  <e k="typeDesc_cultivator" v="kultywator" />
  <e k="typeDesc_cutter" v="żniwiarka/ścinarka" />
  <e k="typeDesc_cutterTrailer" v="naczepa na żniwiarkę/ścinarkę" />
  <e k="typeDesc_defoliator" v="kombajn do buraków" />
  <e k="typeDesc_fertilizerSpreader" v="rozrzutnik nawozu" />
  <e k="typeDesc_forageWagon" v="przyczepa samozbierająca" />
  <e k="typeDesc_forwarder" v="ciągnik zrywkowy" />
  <e k="typeDesc_frontloader" v="ładowarka czołowa" />
  <e k="typeDesc_frontloaderTool" v="narzędzie ładowarki czołowej" />
  <e k="typeDesc_greenhouse" v="szklarnia" />
  <e k="typeDesc_harvester" v="kombajn" />
  <e k="typeDesc_haulmTopper" v="ścinacz łęcin" />
  <e k="typeDesc_highPressureWasher" v="myjkę ciśnieniową" />
  <e k="typeDesc_leveler" v="walec" />
  <e k="typeDesc_livestockTrailer" v="przyczepa do przewozu zwierząt" />
  <e k="typeDesc_loaderVehicle" v="pojazd zbierający" />
  <e k="typeDesc_lowLoader" v="pojazd niskopodwoziowy" />
  <e k="typeDesc_manureBarrel" v="wóz asenizacyjny" />
  <e k="typeDesc_manureSpreader" v="rozrzutnik obornika" />
  <e k="typeDesc_mixerWagon" v="paszowóz" />
  <e k="typeDesc_mower" v="kosiarka" />
  <e k="typeDesc_pickup" v="ładowacz" />
  <e k="typeDesc_planter" v="sadzarka" />
  <e k="typeDesc_plough" v="pług" />
  <e k="typeDesc_plow" v="lemiesz" />
  <e k="typeDesc_roller" v="Rolka" />
  <e k="typeDesc_skidSteerTool" v="narzędzie mini ładowarki" />
  <e k="typeDesc_sowingMachine" v="siewnik" />
  <e k="typeDesc_sprayer" v="opryskiwacz" />
  <e k="typeDesc_sprayerTank" v="dodatkowy zbiornik" />
  <e k="typeDesc_strawBlower" v="dmuchawa do słomy" />
  <e k="typeDesc_stumpCutter" v="karczownik do pni" />
  <e k="typeDesc_tedder" v="przetrząsacz" />
  <e k="typeDesc_telehandler" v="ładowarka teleskopowa" />
  <e k="typeDesc_telehandlerTool" v="narzędzie ładowarki teleskopowej" />
  <e k="typeDesc_timberTrailer" v="Ciągnik zrywkowy" />
  <e k="typeDesc_tipper" v="wywrotka" />
  <e k="typeDesc_tractor" v="ciągnik" />
  <e k="typeDesc_trailer" v="przyczepa" />
  <e k="typeDesc_treePlanter" v="siewnik drzew" />
  <e k="typeDesc_treeSaw" v="piła do drewna" />
  <e k="typeDesc_truck" v="ciężarówka" />
  <e k="typeDesc_waterTrailer" v="beczkowóz z wodą" />
  <e k="typeDesc_weeder" v="chwastownik" />
  <e k="typeDesc_weight" v="obciążnik" />
  <e k="typeDesc_wheelLoader" v="ładowarka kołowa" />
  <e k="typeDesc_wheelLoaderTool" v="narzędzie ładowarki kołowej" />
  <e k="typeDesc_windrower" v="zgrabiarka" />
  <e k="typeDesc_woodCrusher" v="rozdrabniacz drewna" />
  <e k="typeDesc_woodHarvester" v="ścinarka drzew" />
  <e k="unit_areaShort" v="ha" />
  <e k="unit_bale" v="bel" />
  <e k="unit_decimalSymbol" v="," />
  <e k="unit_degreeCelsiusShort" v="°C" />
  <e k="unit_digitGroupingSymbol" v="," />
  <e k="unit_dollar" v="Dolar" />
  <e k="unit_dollarShort" v="$" />
  <e k="unit_euro" v="Euro" />
  <e k="unit_euroShort" v="€" />
  <e k="unit_km" v="Kilometry" />
  <e k="unit_kmh" v="km/h" />
  <e k="unit_kw" v="kW/h" />
  <e k="unit_liter" v="l" />
  <e k="unit_literShort" v="l" />
  <e k="unit_miles" v="Mile" />
  <e k="unit_minutesShort" v="min." />
  <e k="unit_mph" v="mph" />
  <e k="unit_pieces" v="kawałk." />
  <e k="unit_pound" v="Funt" />
  <e k="unit_poundShort" v="£" />
  <e k="unit_timeShort" v="gg:mm" />
</l10n>