﻿<?xml version="1.0" encoding="utf-8"?>
<l10n>
  <e k="category_animals" v="Животные" />
  <e k="category_augerWagons" v="Приц. с винт. конвейером" />
  <e k="category_baling" v="Техника для тюковки" />
  <e k="category_beetHarvesting" v="Уборка свеклы" />
  <e k="category_belts" v="Ременная система" />
  <e k="category_cars" v="Автомобили" />
  <e k="category_chainsaws" v="Цепные пилы" />
  <e k="category_cultivators" v="Культиваторы" />
  <e k="category_cutterTrailers" v="Прицепы для жаток" />
  <e k="category_cutters" v="Жатки" />
  <e k="category_dollys" v="Подкатные тележки" />
  <e k="category_feeding" v="Техника для корм. скота" />
  <e k="category_fertilizerSpreaders" v="Распредел. удобрений" />
  <e k="category_forageHarvesters" v="Силосоуборочные комбайны" />
  <e k="category_forageHarvestersCutters" v="Жатки силосоубор. комбайнов" /> <e k="category_forageHarvesterCutters" v="Жатки силосоубор. комбайнов" />
  <e k="category_frontLoaders" v="Фронтальные погрузчики" />
  <e k="category_harvesters" v="Уборочные машины" />
  <e k="category_leveler" v="Заравниватели" />
  <e k="category_loaderWagons" v="Грузовые прицепы" />
  <e k="category_lowloaders" v="Низкорамники" />
  <e k="category_manureSpreaders" v="Навозоразбрасыватели" />
  <e k="category_misc" v="Разное" />
  <e k="category_mowers" v="Сенокосилки" />
  <e k="category_pallets" v="Поддоны" />
  <e k="category_placeables" v="Статичные объекты" />
  <e k="category_plows" v="Плуги" />
  <e k="category_potatoHarvesting" v="Уборка картофеля" />
  <e k="category_sales" v="Распродажа" />
  <e k="category_skidSteers" v="Минипогрузчики" />
  <e k="category_slurryTanks" v="Цистерны для навоза" />
  <e k="category_sowingMachines" v="Сеялки" />
  <e k="category_sprayers" v="Опрыскиватели" />
  <e k="category_sugarCaneHarvesting" v="Сбор сахарного тростника" />
  <e k="category_tedders" v="Сеноворошилки" />
  <e k="category_teleLoaders" v="Телескопич. погрузчик" />
  <e k="category_tippers" v="Прицепы-самосвалы" />
  <e k="category_tractors" v="Тракторы" />
  <e k="category_trucks" v="Грузовики" />
  <e k="category_weeders" v="Полольники" />
  <e k="category_weights" v="Противовесы" />
  <e k="category_wheelLoaders" v="Колесные погрузчики" />
  <e k="category_windrowers" v="Валковые жатки" />
  <e k="category_wood" v="Оборуд. для лесозаготов." />
  <e k="configuration_attacherJoint" v="Крепления" />
  <e k="configuration_baseColor" v="Основной цвет" />
  <e k="configuration_design" v="Дизайн" />
  <e k="configuration_designColor" v="Цвет дизайна" />
  <e k="configuration_frontloaderAttacher" v="Крепление фронтального погрузчика" />
  <e k="configuration_inputAttacher3Point" v="3-точечный" />
  <e k="configuration_inputAttacherFrontLoader" v="Фронтальный погрузчик" />
  <e k="configuration_inputAttacherJoint" v="Тип крепления" />
  <e k="configuration_inputAttacherSkidSteer" v="Минипогрузчик" />
  <e k="configuration_inputAttacherTeleLoaders" v="Телескопический погрузчик" />
  <e k="configuration_inputAttacherWheelLoader" v="Колесный погрузчик" />
  <e k="configuration_motorSetup" v="Выбор двигателя" />
  <e k="configuration_rimColor" v="Цвет обода" />
  <e k="configuration_trailerAttacherBack" v="+ заднее крепление" />
  <e k="configuration_valueBaleTrailer" v="Конфигурация тюка" />
  <e k="configuration_valueColor" v="Дизайн" />
  <e k="configuration_valueCrawler" v="Гусеницы" />
  <e k="configuration_valueDefault" v="Стандарт" />
  <e k="configuration_valueDesign01" v="Дизайн №1" />
  <e k="configuration_valueDesign02" v="Дизайн №2" />
  <e k="configuration_valueDesign03" v="Дизайн №3" />
  <e k="configuration_valueDesign04" v="Дизайн №4" />
  <e k="configuration_valueDesign05" v="Дизайн №5" />
  <e k="configuration_valueDesign06" v="Дизайн №6" />
  <e k="configuration_valueDesign07" v="Дизайн №7" />
  <e k="configuration_valueDesign08" v="Дизайн №8" />
  <e k="configuration_valueDesign09" v="Дизайн №9" />
  <e k="configuration_valueForestry" v="Лесоводство" />
  <e k="configuration_valueGT1" v="Одна гоночная полоса GT" />
  <e k="configuration_valueGT2" v="Две гоночные полосы GT" />
  <e k="configuration_valueNewHolland" v="New Holland" />
  <e k="configuration_valueStealth" v="Скрытность" />
  <e k="configuration_valueTracks" v="Гусеницы" />
  <e k="configuration_valueTripleWheelsAll" v="Тройные колеса" />
  <e k="configuration_valueTwinWheelsAll" v="Двойные колеса" />
  <e k="configuration_valueTwinWheelsBack" v="Задние двойные колеса" />
  <e k="configuration_valueTwinWheelsFront" v="Передние двойные колеса" />
  <e k="configuration_valueTwinWheelsNarrow" v="Узкие двойные колеса" />
  <e k="configuration_valueVogelsangSynCut" v="Vogelsang SynCult" />
  <e k="configuration_valueWheelBroad" v="Широкие шины" />
  <e k="configuration_valueWheelNarrow" v="Узкие шины" />
  <e k="configuration_valueWheelWeights" v="Балансировка колес" />
  <e k="configuration_valueWhite" v="Стандарт" />
  <e k="configuration_valueWoodTrailer" v="Конфигурация древесины" />
  <e k="configuration_wheelSetup" v="Выбор колес" />
  <e k="defaultSavegameName" v="Мое сохранение" />
  <e k="fillTypeGroup_base" v="Простой корм" />
  <e k="fillTypeGroup_bulk" v="Простой корм" />
  <e k="fillTypeGroup_earth" v="Корнеплоды" />
  <e k="fillTypeGroup_forage" v="Фураж" />
  <e k="fillTypeGroup_grain" v="Зерно" />
  <e k="fillTypeGroup_grass" v="Трава" />
  <e k="fillTypeGroup_power" v="Питательная еда" />
  <e k="fillTypeGroup_protein" v="Протеин" />
  <e k="fillTypeGroup_silage" v="Силос" />
  <e k="fillType_barley" v="Ячмень" />
  <e k="fillType_chaff" v="Сечка" />
  <e k="fillType_digestate" v="Дигестат" />
  <e k="fillType_dryGrass" v="Сено" />
  <e k="fillType_egg" v="Яйца" />
  <e k="fillType_fertilizer" v="Удобрение" />
  <e k="fillType_forage" v="Моносмесь" />
  <e k="fillType_forage_mixing" v="Фураж" />
  <e k="fillType_fuel" v="Топливо" />
  <e k="fillType_grass" v="Трава" />
  <e k="fillType_liquidFertilizer" v="Жидкое удобрение" />
  <e k="fillType_liquidManure" v="Жидкий навоз" />
  <e k="fillType_maize" v="Кукуруза" />
  <e k="fillType_manure" v="Навоз" />
  <e k="fillType_milk" v="Молоко" />
  <e k="fillType_oilRadish" v="Посевная редька" />
  <e k="fillType_pigFood" v="Корм для свиней" />
  <e k="fillType_pigFoodBase" v="Корм для свиней (простой)" />
  <e k="fillType_pigFoodEarth" v="Корм для свиней (корнеплоды)" />
  <e k="fillType_pigFoodGrain" v="Корм для свиней (зерно)" />
  <e k="fillType_pigFoodProtein" v="Корм для свиней (протеин)" />
  <e k="fillType_poplar" v="Тополь" />
  <e k="fillType_potato" v="Картофель" />
  <e k="fillType_powerFood" v="Питательная еда" />
  <e k="fillType_rape" v="Канола" />
  <e k="fillType_roundBale" v="Круглый тюк" />
  <e k="fillType_roundBaleBarley" v="Круглый тюк соломы (ячмень)" />
  <e k="fillType_roundBaleDryGrass" v="Круглый тюк сена" />
  <e k="fillType_roundBaleGrass" v="Круглый тюк травы" />
  <e k="fillType_roundBaleSilage" v="Круглый тюк силоса" />
  <e k="fillType_roundBaleWheat" v="Круглый тюк соломы (пшеница)" />
  <e k="fillType_seeds" v="Семена" />
  <e k="fillType_silage" v="Силос" />
  <e k="fillType_soybean" v="Соевые бобы" />
  <e k="fillType_squareBale" v="Квадратный тюк" />
  <e k="fillType_squareBaleBarley" v="Квадратный тюк соломы (ячмень)" />
  <e k="fillType_squareBaleDryGrass" v="Квадратный тюк сена" />
  <e k="fillType_squareBaleGrass" v="Квадратный тюк травы" />
  <e k="fillType_squareBaleSilage" v="Квадратный тюк силоса" />
  <e k="fillType_squareBaleWheat" v="Квадратный тюк соломы (пшеница)" />
  <e k="fillType_straw" v="Солома" />
  <e k="fillType_sugarBeet" v="Свекла" />
  <e k="fillType_sugarCane" v="Сахарный тростник" />
  <e k="fillType_sunflower" v="Подсолнухи" />
  <e k="fillType_tarp" v="Tarp" />
  <e k="fillType_treeSaplings" v="Саженцы" />
  <e k="fillType_water" v="Вода" />
  <e k="fillType_wheat" v="Пшеница" />
  <e k="fillType_woodChips" v="Щепа" />
  <e k="fillType_wool" v="Шерсть" />
  <e k="function_augerWagon" v="Подобный прицеп позволяет хранить собранное зерно, а так называемый винтовой конвейер – перегружать его в другие транспортные средства." />
  <e k="function_baleStacker" v="Тюкоподборщик облегчает сбор и погрузку тюков." />
  <e k="function_baleTrailer" v="Для перевозки тюков используется прицеп специальной конструкции." />
  <e k="function_baleWrapper" v="Упаковщик тюков оборачивает тюки травы фольгой, чтобы они перегнивали и превращались в силос." />
  <e k="function_baler" v="Тюковщик спрессовывает скошенную траву, солому или сено в удобные тюки." />
  <e k="function_beehive" v="Производит мед, который продается автоматически и приносит вам доход." />
  <e k="function_beltSystem" v="Конвейеры - это еще один способ загружать грузовики." />
  <e k="function_beltSystemConnection" v="Конвейеры - это еще один способ загружать грузовики." />
  <e k="function_beltSystemStart" v="Эта лента подбирает материалы с земли и отправляет их на следующий конвейер." />
  <e k="function_bigBagFertilizer" v="МКР нужны для заполнения распределителей удобрений." />
  <e k="function_bigBagPigFood" v="Идеально сбалансированный гранулированный корм для свиней." />
  <e k="function_bigBagSeeds" v="МКР используются для заполнения сеялок." />
  <e k="function_car" v="На автомобиле можно быстро попасть из точки А в точку Б." />
  <e k="function_chainsaw" v="С помощью цепной пилы можно валить деревья." />
  <e k="function_combine" v="Комбайны требуются для сбора урожая соответствующей культуры." />
  <e k="function_combineForage" v="Силосоуборочные комбайны обрабатывают указанные виды культур." />
  <e k="function_combineNeedsCutter" v="Для работы комбайна требуется также подходящая жатка." />
  <e k="function_combineNeedsForageCutter" v="Для работы силосоуборочного комбайна требуется подходящая жатка." />
  <e k="function_cultivator" v="Культиватор позволяет подготовить поле к новому посеву." />
  <e k="function_cutter" v="Жатки прицепляются к уборочным комбайнам." />
  <e k="function_cutterForage" v="Жатки прицепляются к силосоуборочным комбайнам." />
  <e k="function_cutterTrailer" v="Прицепы для жаток позволяют безопасно перевозить жатки по дорогам общего пользования." />
  <e k="function_decoration" v="Декоративный предмет" />
  <e k="function_dolly" v="Подкатная тележка – связующее звено между трактором и полуприцепом." />
  <e k="function_feeder" v="Мешалка превращает силос, сено и солому в моносмесь (МС состоит на 60% из простого корма и на 40% из питательных добавок) для корма коров." />
  <e k="function_feederBale" v="В эту машину загружаются тюки соломы, которые она превращает в подстилку для коровника." />
  <e k="function_fertilizer" v="Распределитель удобрений позволяет улучшить плодородность почвы." />
  <e k="function_fillablePallet" v="Саженцы тополя. Загрузите в лесопосадочную машину." />
  <e k="function_forageWagon" v="Фуражный прицеп нужен для сбора скошенной травы, сена и соломы. Его можно также заполнять сечкой." />
  <e k="function_forestryCutter" v="Данная машина нужна для лесоповала." />
  <e k="function_forestryPlanter" v="Эта машина используется для посадки деревьев. Саженцы можно приобрести в магазине." />
  <e k="function_forestryTransport" v="Эта машина перевозит бревна." />
  <e k="function_forestryTreeLimit" v="Внимание: очень большие деревья нельзя обработать" />
  <e k="function_forestryWoodCrusher" v="Эта машина перерабатывает поваленные стволы в древесную стружку." />
  <e k="function_frontloader" v="Фронтальные погрузчики нужны для складирования различных грузов. Внимание: фронтальные погрузчики можно прикрепить только к некоторым тракторам." />
  <e k="function_greenHouse" v="Производит овощи, которые продаются автоматически и приносят вам доход." />
  <e k="function_harvestingPotato" v="Данная уборочная машина выкапывает картофель из земли. Перед ее использованием необходимо обработать участок ботвоудалителем." />
  <e k="function_harvestingSelfPropelledPotato" v="Данная самодвижущаяся уборочная машина собирает урожай картофеля за один проход." />
  <e k="function_harvestingSelfPropelledSugarbeet" v="Данная самодвижущаяся уборочная машина собирает урожай свеклы за один проход." />
  <e k="function_harvestingSugarbeet" v="Данная уборочная машина выкапывает свеклу из земли. Перед ее использованием необходимо обработать участок ботвоудалителем." />
  <e k="function_haulmTopperPotato" v="Перед уборкой картофеля необходимо срезать ботву. Для этого используется ботвоудалитель." />
  <e k="function_haulmTopperSugarbeet" v="Перед уборкой свеклы необходимо срезать ботву. Для этого используется ботвоудалитель." />
  <e k="function_hayStorage" v="Хранилище сена и соломы." />
  <e k="function_heatingPlant" v="Выгружая древесную щепу в этом пункте продаж, вы производите тепло и получаете доход." />
  <e k="function_highPressureWasher" v="Мойка поможет вам очистить грязные машины и инструменты." />
  <e k="function_leveler" v="Заравниватели используются для перемещения сечки и силоса, а также для смятия куч в элеваторах." />
  <e k="function_liquidFertilizerTank" v="Цистерны с жидкими удобрениями нужны для заполнения опрыскивателей." />
  <e k="function_livestockTrailer" v="Этот прицеп предназначен для перевозки животных." />
  <e k="function_loadingVehicle" v="Эта машина позволяет собирать сахарную свеклу и грузить ее в прицеп." />
  <e k="function_lowLoader" v="Этот прицеп может транспортировать другие машины." />
  <e k="function_manureSpreader" v="Навозоразбрасыватель позволяет удобрить почву навозом, улучшив ее плодородность." />
  <e k="function_mower" v="Сенокосилка используется для того, чтобы косить траву." />
  <e k="function_palletPacker" v="Загрузите в аппарат картошку или свеклу и получите аккуратно упакованные поддоны на продажу." />
  <e k="function_placeableChipper" v="Бревна, загруженные в эту машину, превращаются в щепу, которая сразу же продается на лесопилку." />
  <e k="function_plough" v="С помощью плуга можно подготавливать почву к новому посеву, а также распахивать новые поля." />
  <e k="function_powerGenerator" v="Производит электроэнергию, которая продается автоматически и приносит вам доход." />
  <e k="function_reverseDriveControl" v="Эта машина оборудована реверсивным приводом." />
  <e k="function_roller" v="С помощью этой машины вы можете вернуть землю в исходное состояние (уничтожить поле)." />
  <e k="function_saplingPallet" v="Эти саженцы используются в машине для посадки деревьев." />
  <e k="function_semiTrailer" v="Полуприцеп прицепляется к трактору с помощью подкатной тележки." />
  <e k="function_siloExtension" v="Увеличивает вместимость зернохранилищ. Нужно установить возле зернохранилища на ферме." />
  <e k="function_skidsteer" v="Минипогрузчики нужны для складирования и перемещения разных материалов." />
  <e k="function_slurryContainer" v="Полевой контейнер используется для временного хранения жидкого навоза." />
  <e k="function_slurrySpreader" v="Цистерна для жидкого навоза позволяет удобрить почву, улучшив ее плодородность." />
  <e k="function_sowingMachine" v="Сеялка используется для засева полей." />
  <e k="function_sowingMachineDirect" v="Кроме того, данная машина позволяет осуществлять посев без предварительной обработки почвы культиватором или плугом." />
  <e k="function_sprayer" v="Опрыскиватели увеличивают объем собираемого урожая." />
  <e k="function_sprayerTank" v="Дополнительные цистерны позволяют увеличить емкость опрыскивателя." />
  <e k="function_stumpCutter" v="Эта машина может выкорчевывать пни." />
  <e k="function_tank" v="В цистернах перевозят различные жидкости." />
  <e k="function_tedder" v="Сеноворошилка переворачивает скошенную траву, чтобы та быстрее сохла." />
  <e k="function_telehandler" v="Телескопические погрузчики нужны для складирования и перемещения разных материалов." />
  <e k="function_tipper" v="Прицепы и прицепы-самосвалы используются для перевозки собранного урожая." />
  <e k="function_tractor" v="Тракторы используются для транспортировки прицепов и оборудования." />
  <e k="function_tractorFrontloader" v="Этот трактор может использовать фронтальные погрузчики." />
  <e k="function_treeSaw" v="С помощью пилы можно валить деревья." />
  <e k="function_truck" v="К грузовику можно присоединять прицепы." />
  <e k="function_waterTower" v="У вышки цистерны можно заполнить свежей водой." />
  <e k="function_weeder" v="Полольники удаляют сорняки между слегка подросших посевных культур и повышают урожайность поля. Их можно использовать только на ранних этапах роста посевов." />
  <e k="function_weight" v="Противовес улучшает равновесие трактора, к которому прицеплено тяжелое оборудование." />
  <e k="function_wheelLoader" v="Ковш колесного погрузчика может использоваться для перемещения различных грузов." />
  <e k="function_windrower" v="Валковая жатка собирает траву, сено или солому в валки, которые потом удобно собирать с помощью фуражного прицепа или тюковщика." />
  <e k="function_workshop" v="Эта мастерская позволяет создать в любом месте карты точку, где вы сможете модифицировать технику, не платя за это механику." />
  <e k="shopItem_ashTree" v="Ясень" />
  <e k="shopItem_beehive" v="Улей" />
  <e k="shopItem_bigBagFertilizer" v="МКР с сухими удобрениями" />
  <e k="shopItem_bigBagPigFood" v="МКР с кормом для свиней" />
  <e k="shopItem_bigBagSeeds" v="МКР с семенами" />
  <e k="shopItem_birchTree" v="Береза" />
  <e k="shopItem_chicken" v="Курица" />
  <e k="shopItem_cow" v="Корова" />
  <e k="shopItem_firTree" v="Ель" />
  <e k="shopItem_flieglSemitrailer" v="Низкорамный прицеп" />
  <e k="shopItem_flieglTimberRunner" v="Лесовоз" />
  <e k="shopItem_frontloaderBaleFork" v="Вилы для тюков" />
  <e k="shopItem_frontloaderBaleGrab" v="Захват для тюков в пленке" />
  <e k="shopItem_frontloaderLogFork" v="Вил. бревнозахват" />
  <e k="shopItem_frontloaderManureFork" v="Вилы для навоза" />
  <e k="shopItem_frontloaderManureGrabFork" v="Вилы-захват" />
  <e k="shopItem_frontloaderPalletFork" v="Вилы для паллет" />
  <e k="shopItem_frontloaderRoundBaleFork" v="Вилы для рулонных тюков" />
  <e k="shopItem_frontloaderShovel" v="универсальный ковш" />
  <e k="shopItem_frontloaderSilageCutter" v="Ковш для резки силоса" />
  <e k="shopItem_garantFieldContainer" v="Полевой контейнер" />
  <e k="shopItem_garantTSA" v="Автоцистерна TSA" />
  <e k="shopItem_greenhouseLettuce" v="Теплица (латук)" />
  <e k="shopItem_greenhouseTomatoes" v="Теплица (помидоры)" />
  <e k="shopItem_hayLoft" v="Сеновал" />
  <e k="shopItem_heatingPlant" v="Теплоцентраль" />
  <e k="shopItem_highPressureWasher" v="Мойка высокого давления" />
  <e k="shopItem_kroneCutterTrailer" v="Прицеп для жатки" />
  <e k="shopItem_liquidFertilizerTank" v="Цистерна жидких удобрений" />
  <e k="shopItem_mapleTree" v="Клен" />
  <e k="shopItem_mobileFuelTank" v="Топливная автоцистерна" />
  <e k="shopItem_oakTree" v="Дуб" />
  <e k="shopItem_palletSaplings" v="Саженцы на поддоне" />
  <e k="shopItem_palletSaplingsPoplar" v="Поддон с саженцами тополя" />
  <e k="shopItem_picnicShelter01" v="Прямоугольная беседка" />
  <e k="shopItem_picnicShelter02" v="Круглая беседка" />
  <e k="shopItem_pig" v="Свинья" />
  <e k="shopItem_poplarTree" v="Тополь" />
  <e k="shopItem_sampoRosenlewC6Cutter" v="C6 Header" />
  <e k="shopItem_shack01" v="Малая хижина" />
  <e k="shopItem_shack02" v="Хижина на сваях" />
  <e k="shopItem_shack03" v="Сарай" />
  <e k="shopItem_shack04" v="Хозяйственная постройка" />
  <e k="shopItem_sheep" v="Овца" />
  <e k="shopItem_siloExtensionLarge" v="Большое расширение элеватора" />
  <e k="shopItem_siloExtensionSmall" v="Малое расширение элеватора" />
  <e k="shopItem_skidSteerBaleFork" v="Тюкозахват" />
  <e k="shopItem_skidSteerLogFork" v="Бревнозахват" />
  <e k="shopItem_skidSteerManureFork" v="Навозные вилы" />
  <e k="shopItem_skidSteerPalletFork" v="Захват для поддонов" />
  <e k="shopItem_skidSteerShovel" v="Универсальный черпак" />
  <e k="shopItem_skidSteerStumpCutter" v="Корчеватель" />
  <e k="shopItem_solarCollector" v="Солнечная батарея" />
  <e k="shopItem_storageShelter01" v="Большой склад" />
  <e k="shopItem_storageShelter02" v="Малый склад" />
  <e k="shopItem_telehandlerBaleFork" v="Вилы для тюков" />
  <e k="shopItem_telehandlerBaleGrab" v="Тюкопогрузчик" />
  <e k="shopItem_telehandlerFork" v="Захват для поддонов" />
  <e k="shopItem_telehandlerLogFork" v="Бревнозахват" />
  <e k="shopItem_telehandlerManureFork" v="Навозные вилы" />
  <e k="shopItem_telehandlerShovel" v="Ковш" />
  <e k="shopItem_vehicleShelter" v="Навес для машин" />
  <e k="shopItem_vehicleShelterLarge" v="Большой навес для машин" />
  <e k="shopItem_vehicleShelterSmall" v="Малый навес для машин" />
  <e k="shopItem_waterTower" v="Водонапорная вышка" />
  <e k="shopItem_waterTrailer" v="Топл. автоцистерна" />
  <e k="shopItem_wheelLoaderFork" v="Вилочный захват" />
  <e k="shopItem_wheelLoaderLogFork" v="Вил. бревнозахват" />
  <e k="shopItem_wheelLoaderShovel" v="Ковш" />
  <e k="shopItem_wheelLoaderSilageFork" v="Силос вилы" />
  <e k="shopItem_windTurbine" v="Ветрогенератор" />
  <e k="shopItem_workshop" v="Автомастерская" />
  <e k="shop_age" v="%s дн." />
  <e k="shop_brand" v="Марки" />
  <e k="shop_capacity" v="Вместимость:" />
  <e k="shop_capacityValue" v="%s %s" />
  <e k="shop_category" v="Категории" />
  <e k="shop_combinations" v="Подходит для:" />
  <e k="shop_configuration" v="Конфигурация" />
  <e k="shop_configurationPriceBase" v="Базовая цена" />
  <e k="shop_configurationPriceOptions" v="Настройки" />
  <e k="shop_configurationPriceTotal" v="Общая цена" />
  <e k="shop_configurationTitle" v="Настройки и улучшения" />
  <e k="shop_costsBase" v="Базовая стоимость" />
  <e k="shop_costsPerDay" v="В день" />
  <e k="shop_costsPerOperatingHour" v="За час работы" />
  <e k="shop_doYouWantToBuy" v="Хотите приобрести товар за %s?" />
  <e k="shop_doYouWantToLease" v="Хотите арендовать товар за %s?" />
  <e k="shop_fee" v="Плата" />
  <e k="shop_fruitTypes" v="Культура" />
  <e k="shop_fuelValue" v="%d %s" />
  <e k="shop_income" v="Доход:" />
  <e k="shop_incomeValue" v="%s / час" />
  <e k="shop_initialCosts" v="Начальная стоимость" />
  <e k="shop_leasedItems" v="В аренде" />
  <e k="shop_maintenance" v="Обслуживание:" />
  <e k="shop_maintenanceValue" v="%s / день" />
  <e k="shop_maxPower" v="Макс. мощность:" />
  <e k="shop_maxPowerValue" v="%s кВт / %s л. с." />
  <e k="shop_maxSpeed" v="%s %s" />
  <e k="shop_neededPower" v="Треб. мощность:" />
  <e k="shop_neededPowerValue" v="%s кВт / %s л. с." />
  <e k="shop_noConfigsAvailable" v="Улучшения недоступны!" />
  <e k="shop_noVehicles" v="Машин в наличии нет!" />
  <e k="shop_operatingTime" v="%d.%d ч." />
  <e k="shop_ownedItems" v="В собственности" />
  <e k="shop_saleRemaingHours" v="До конца распродажи:" />
  <e k="shop_saleRemaingHoursValue" v="%d ч." />
  <e k="shop_transportationFee" v="За перевозку скота берется плата, если вы не имеете собственного прицепа для животных!" />
  <e k="shop_usage" v="Использование:" />
  <e k="shop_workingWidth" v="Рабочая ширина:" />
  <e k="shop_workingWidthValue" v="%s м" />
  <e k="shop_youLease" v="Вы арендуете" />
  <e k="shop_youOwn" v="У вас есть" />
  <e k="typeDesc_augerWagon" v="прицеп с винтовым конвейером" />
  <e k="typeDesc_baleLoader" v="тюкопогрузчик" />
  <e k="typeDesc_baleTrailer" v="прицеп для тюков" />
  <e k="typeDesc_baleWrapper" v="Упаковщик тюков" />
  <e k="typeDesc_baler" v="тюковщик" />
  <e k="typeDesc_belt" v="лента" />
  <e k="typeDesc_car" v="автомобиль" />
  <e k="typeDesc_combine" v="комбайн" />
  <e k="typeDesc_cornCutter" v="початкособиратель" />
  <e k="typeDesc_cultivator" v="культиватор" />
  <e k="typeDesc_cutter" v="жатка" />
  <e k="typeDesc_cutterTrailer" v="прицеп для жатки" />
  <e k="typeDesc_defoliator" v="ботвоизмельчитель" />
  <e k="typeDesc_fertilizerSpreader" v="распределитель удобрений" />
  <e k="typeDesc_forageWagon" v="фуражный прицеп" />
  <e k="typeDesc_forwarder" v="форвардер" />
  <e k="typeDesc_frontloader" v="фронтальный погрузчик" />
  <e k="typeDesc_frontloaderTool" v="инструмент фронтального погрузчика" />
  <e k="typeDesc_greenhouse" v="теплица" />
  <e k="typeDesc_harvester" v="уборочная машина" />
  <e k="typeDesc_haulmTopper" v="ботвоудалитель" />
  <e k="typeDesc_highPressureWasher" v="мойка высокого давления" />
  <e k="typeDesc_leveler" v="заравниватель" />
  <e k="typeDesc_livestockTrailer" v="прицеп для скота" />
  <e k="typeDesc_loaderVehicle" v="грузовая техника" />
  <e k="typeDesc_lowLoader" v="низкорамный прицеп" />
  <e k="typeDesc_manureBarrel" v="цистерна для навоза" />
  <e k="typeDesc_manureSpreader" v="навозоразбрасыватель" />
  <e k="typeDesc_mixerWagon" v="прицеп-мешалка" />
  <e k="typeDesc_mower" v="сенокосилка" />
  <e k="typeDesc_pickup" v="подборщик" />
  <e k="typeDesc_planter" v="сажалка" />
  <e k="typeDesc_plough" v="плуг" />
  <e k="typeDesc_plow" v="отвал" />
  <e k="typeDesc_roller" v="каток" />
  <e k="typeDesc_skidSteerTool" v="инструмент погрузчика" />
  <e k="typeDesc_sowingMachine" v="сеялка" />
  <e k="typeDesc_sprayer" v="опрыскиватель" />
  <e k="typeDesc_sprayerTank" v="доп. цистерна" />
  <e k="typeDesc_strawBlower" v="выдуватель соломы" />
  <e k="typeDesc_stumpCutter" v="корчеватель" />
  <e k="typeDesc_tedder" v="сеноворошилка" />
  <e k="typeDesc_telehandler" v="телескопический погрузчик" />
  <e k="typeDesc_telehandlerTool" v="инструмент телескопического погрузчика" />
  <e k="typeDesc_timberTrailer" v="форвардер" />
  <e k="typeDesc_tipper" v="прицеп-самосвал" />
  <e k="typeDesc_tractor" v="трактор" />
  <e k="typeDesc_trailer" v="прицеп" />
  <e k="typeDesc_treePlanter" v="лесопосадочная машина" />
  <e k="typeDesc_treeSaw" v="пила" />
  <e k="typeDesc_truck" v="грузовик" />
  <e k="typeDesc_waterTrailer" v="водяная цистерна" />
  <e k="typeDesc_weeder" v="полольник" />
  <e k="typeDesc_weight" v="противовес" />
  <e k="typeDesc_wheelLoader" v="автопогрузчик" />
  <e k="typeDesc_wheelLoaderTool" v="инструмент автопогрузчика" />
  <e k="typeDesc_windrower" v="валковая жатка" />
  <e k="typeDesc_woodCrusher" v="дробилка" />
  <e k="typeDesc_woodHarvester" v="лесозаготовительный комбайн" />
  <e k="unit_areaShort" v="га" />
  <e k="unit_bale" v="тюк" />
  <e k="unit_decimalSymbol" v="," />
  <e k="unit_degreeCelsiusShort" v="°C" />
  <e k="unit_digitGroupingSymbol" v=" " />
  <e k="unit_dollar" v="Доллары" />
  <e k="unit_dollarShort" v="$" />
  <e k="unit_euro" v="Евро" />
  <e k="unit_euroShort" v="€" />
  <e k="unit_km" v="Километры" />
  <e k="unit_kmh" v="км/ч" />
  <e k="unit_kw" v="кВт/ч" />
  <e k="unit_liter" v="л" />
  <e k="unit_literShort" v="л" />
  <e k="unit_miles" v="Мили" />
  <e k="unit_minutesShort" v="мин." />
  <e k="unit_mph" v="миль/ч" />
  <e k="unit_pieces" v="ед." />
  <e k="unit_pound" v="Фунты стерлингов" />
  <e k="unit_poundShort" v="£" />
  <e k="unit_timeShort" v="чч:мм" />
</l10n>