﻿<?xml version="1.0" encoding="utf-8"?>
<l10n>
  <e k="category_animals" v="Animals" />
  <e k="category_augerWagons" v="Auger Wagons" />
  <e k="category_baling" v="Baling Technology" />
  <e k="category_beetHarvesting" v="Beet Harvesting" />
  <e k="category_belts" v="Belt Systems" />
  <e k="category_cars" v="Cars" />
  <e k="category_chainsaws" v="Chainsaws" />
  <e k="category_cultivators" v="Cultivators" />
  <e k="category_cutterTrailers" v="Header Trailers" />
  <e k="category_cutters" v="Headers" />
  <e k="category_dollys" v="Dollys" />
  <e k="category_feeding" v="Feeding Technology" />
  <e k="category_fertilizerSpreaders" v="Fertilizer Spreaders" />
  <e k="category_forageHarvesters" v="Forage Harvesters" />
  <e k="category_forageHarvestersCutters" v="Forage Harvester Headers" />  <e k="category_forageHarvesterCutters" v="Forage Harvester Headers" />
  <e k="category_frontLoaders" v="Front Loaders" />
  <e k="category_harvesters" v="Harvesters" />
  <e k="category_leveler" v="Levelers" />
  <e k="category_loaderWagons" v="Loading Wagons" />
  <e k="category_lowloaders" v="Low Loaders" />
  <e k="category_manureSpreaders" v="Manure Spreaders" />
  <e k="category_misc" v="Misc" />
  <e k="category_mowers" v="Mowers" />
  <e k="category_pallets" v="Pallets" />
  <e k="category_placeables" v="Placeables" />
  <e k="category_plows" v="Plows" />
  <e k="category_potatoHarvesting" v="Potato Harvesting" />
  <e k="category_sales" v="Sales" />
  <e k="category_skidSteers" v="Skid Steer Loaders" />
  <e k="category_slurryTanks" v="Slurry Tanks" />
  <e k="category_sowingMachines" v="Sowing Machines" />
  <e k="category_sprayers" v="Sprayers" />
  <e k="category_sugarCaneHarvesting" v="Sugarcane Harvesting" />
  <e k="category_tedders" v="Tedders" />
  <e k="category_teleLoaders" v="Telehandlers" />
  <e k="category_tippers" v="Tippers" />
  <e k="category_tractors" v="Tractors" />
  <e k="category_trucks" v="Trucks" />
  <e k="category_weeders" v="Weeders" />
  <e k="category_weights" v="Weights" />
  <e k="category_wheelLoaders" v="Wheel Loaders" />
  <e k="category_windrowers" v="Windrowers" />
  <e k="category_wood" v="Forestry Equipment" />
  <e k="configuration_attacherJoint" v="Attachers" />
  <e k="configuration_baseColor" v="Main color" />
  <e k="configuration_design" v="Design" />
  <e k="configuration_designColor" v="Design color" />
  <e k="configuration_frontloaderAttacher" v="Front loader attacher" />
  <e k="configuration_inputAttacher3Point" v="3-Point" />
  <e k="configuration_inputAttacherFrontLoader" v="Front Loader" />
  <e k="configuration_inputAttacherJoint" v="Attacher type" />
  <e k="configuration_inputAttacherSkidSteer" v="Skid Steer Loader" />
  <e k="configuration_inputAttacherTeleLoaders" v="Telehandler" />
  <e k="configuration_inputAttacherWheelLoader" v="Wheel Loader" />
  <e k="configuration_motorSetup" v="Engine setup" />
  <e k="configuration_rimColor" v="Rim color" />
  <e k="configuration_trailerAttacherBack" v="+ trailer hitch" />
  <e k="configuration_valueBaleTrailer" v="Bale configuration" />
  <e k="configuration_valueColor" v="Color" />
  <e k="configuration_valueCrawler" v="Crawler track" />
  <e k="configuration_valueDefault" v="Standard" />
  <e k="configuration_valueDesign01" v="Design 1" />
  <e k="configuration_valueDesign02" v="Design 2" />
  <e k="configuration_valueDesign03" v="Design 3" />
  <e k="configuration_valueDesign04" v="Design 4" />
  <e k="configuration_valueDesign05" v="Design 5" />
  <e k="configuration_valueDesign06" v="Design 6" />
  <e k="configuration_valueDesign07" v="Design 7" />
  <e k="configuration_valueDesign08" v="Design 8" />
  <e k="configuration_valueDesign09" v="Design 9" />
  <e k="configuration_valueForestry" v="Forestry" />
  <e k="configuration_valueGT1" v="Single GT Stripe" />
  <e k="configuration_valueGT2" v="Twin GT Stripes" />
  <e k="configuration_valueNewHolland" v="New Holland" />
  <e k="configuration_valueStealth" v="Stealth" />
  <e k="configuration_valueTracks" v="Tracks" />
  <e k="configuration_valueTripleWheelsAll" v="Triple wheels" />
  <e k="configuration_valueTwinWheelsAll" v="Twin wheels" />
  <e k="configuration_valueTwinWheelsBack" v="Rear twin wheels" />
  <e k="configuration_valueTwinWheelsFront" v="Front twin wheels" />
  <e k="configuration_valueTwinWheelsNarrow" v="Narrow twin wheels" />
  <e k="configuration_valueVogelsangSynCut" v="Vogelsang SynCult" />
  <e k="configuration_valueWheelBroad" v="Wide tires" />
  <e k="configuration_valueWheelNarrow" v="Narrow tires" />
  <e k="configuration_valueWheelWeights" v="Wheel weights" />
  <e k="configuration_valueWhite" v="White" />
  <e k="configuration_valueWoodTrailer" v="Wood configuration" />
  <e k="configuration_wheelSetup" v="Wheel setup" />
  <e k="defaultSavegameName" v="My Savegame" />
  <e k="fillTypeGroup_base" v="Base food" />
  <e k="fillTypeGroup_bulk" v="Base food" />
  <e k="fillTypeGroup_earth" v="Root crops" />
  <e k="fillTypeGroup_forage" v="Forage" />
  <e k="fillTypeGroup_grain" v="Grain" />
  <e k="fillTypeGroup_grass" v="Grass" />
  <e k="fillTypeGroup_power" v="Power food" />
  <e k="fillTypeGroup_protein" v="Protein" />
  <e k="fillTypeGroup_silage" v="Silage" />
  <e k="fillType_barley" v="Barley" />
  <e k="fillType_chaff" v="Chaff" />
  <e k="fillType_digestate" v="Digestate" />
  <e k="fillType_dryGrass" v="Hay" />
  <e k="fillType_egg" v="Eggs" />
  <e k="fillType_fertilizer" v="Fertilizer" />
  <e k="fillType_forage" v="Total Mixed Ration" />
  <e k="fillType_forage_mixing" v="Forage" />
  <e k="fillType_fuel" v="Fuel" />
  <e k="fillType_grass" v="Grass" />
  <e k="fillType_liquidFertilizer" v="Liquid Fertilizer" />
  <e k="fillType_liquidManure" v="Slurry" />
  <e k="fillType_maize" v="Corn" />
  <e k="fillType_manure" v="Manure" />
  <e k="fillType_milk" v="Milk" />
  <e k="fillType_oilRadish" v="Oilseed Radish" />
  <e k="fillType_pigFood" v="Pig Food" />
  <e k="fillType_pigFoodBase" v="Pig Food (Base)" />
  <e k="fillType_pigFoodEarth" v="Pig Food (Earth)" />
  <e k="fillType_pigFoodGrain" v="Pig Food (Grain)" />
  <e k="fillType_pigFoodProtein" v="Pig Food (Protein)" />
  <e k="fillType_poplar" v="Poplar" />
  <e k="fillType_potato" v="Potatoes" />
  <e k="fillType_powerFood" v="Power food" />
  <e k="fillType_rape" v="Canola" />
  <e k="fillType_roundBale" v="Round bale" />
  <e k="fillType_roundBaleBarley" v="Round bale straw (barley)" />
  <e k="fillType_roundBaleDryGrass" v="Round bale hay" />
  <e k="fillType_roundBaleGrass" v="Round bale grass" />
  <e k="fillType_roundBaleSilage" v="Round bale silage" />
  <e k="fillType_roundBaleWheat" v="Round bale straw (wheat)" />
  <e k="fillType_seeds" v="Seeds" />
  <e k="fillType_silage" v="Silage" />
  <e k="fillType_soybean" v="Soybeans" />
  <e k="fillType_squareBale" v="Square bale" />
  <e k="fillType_squareBaleBarley" v="Square bale straw (barley)" />
  <e k="fillType_squareBaleDryGrass" v="Square bale hay" />
  <e k="fillType_squareBaleGrass" v="Square bale grass" />
  <e k="fillType_squareBaleSilage" v="Square bale silage" />
  <e k="fillType_squareBaleWheat" v="Square bale straw (wheat)" />
  <e k="fillType_straw" v="Straw" />
  <e k="fillType_sugarBeet" v="Sugar Beet" />
  <e k="fillType_sugarCane" v="Sugarcane" />
  <e k="fillType_sunflower" v="Sunflowers" />
  <e k="fillType_tarp" v="Tarp" />
  <e k="fillType_treeSaplings" v="Tree Saplings" />
  <e k="fillType_water" v="Water" />
  <e k="fillType_wheat" v="Wheat" />
  <e k="fillType_woodChips" v="Wood Chips" />
  <e k="fillType_wool" v="Wool" />
  <e k="function_augerWagon" v="Auger wagons (also known as chaser bins) are trailers that have their own screw conveyor. You can use them to store your crop and directly unload it into other trailers." />
  <e k="function_baleStacker" v="A bale collector eases the collection of bales." />
  <e k="function_baleTrailer" v="A bale trailer is used to transport bales." />
  <e k="function_baleWrapper" v="A bale wrapper packs grass bales in foil so they can ferment into silage." />
  <e k="function_baler" v="A baler turns loose straw, grass or hay into convenient bales." />
  <e k="function_beehive" v="Produces honey which is sold automatically to earn you money." />
  <e k="function_beltSystem" v="Conveyor belts are an alternative way to load your trailers." />
  <e k="function_beltSystemConnection" v="This conveyor belt transports material from one belt to the next one." />
  <e k="function_beltSystemStart" v="This belt will take material from the ground and load it onto the next conveyor belt." />
  <e k="function_bigBagFertilizer" v="BigBags are used to refill your fertilizer spreaders." />
  <e k="function_bigBagPigFood" v="Perfectly balanced food pellets to feed your pigs." />
  <e k="function_bigBagSeeds" v="BigBags are used to refill your sowing machines." />
  <e k="function_car" v="Driving a car allows you to quickly travel from A to B." />
  <e k="function_chainsaw" v="Using a chainsaw you can cut down trees." />
  <e k="function_combine" v="This machine can harvest the indicated fruit types." />
  <e k="function_combineForage" v="Forage harvesters process the indicated fruit types." />
  <e k="function_combineNeedsCutter" v="For a harvester to work, it also needs a suitable header." />
  <e k="function_combineNeedsForageCutter" v="For a forage harvester to work, it also needs a suitable header." />
  <e k="function_cultivator" v="A cultivator prepares fields for the next sowing." />
  <e k="function_cutter" v="Headers are attached to harvesters." />
  <e k="function_cutterForage" v="Headers are attached to forage harvesters." />
  <e k="function_cutterTrailer" v="Header trailers can transport headers safely on the road." />
  <e k="function_decoration" v="Decorative object" />
  <e k="function_dolly" v="A dolly serves as a link between a semitrailer and a tractor." />
  <e k="function_feeder" v="A forage mixer wagon blends silage, hay and straw into Total Mixed Ration (TMR consisting of 60% base food and 40% power food) that can be fed to cows." />
  <e k="function_feederBale" v="This machine takes straw bales and uses them to cover the ground of a cow stable with straw." />
  <e k="function_fertilizer" v="Fertilizer spreaders improve the harvest of your fields." />
  <e k="function_fillablePallet" v="Seedling for poplars. Load this onto a tree planter." />
  <e k="function_forageWagon" v="A forage wagon collects grass, hay or straw. It can also be filled with chaff." />
  <e k="function_forestryCutter" v="This machine can cut down trees." />
  <e k="function_forestryPlanter" v="This piece of machinery plants new trees into the ground. You can buy pallets of saplings at the shop to fill this planter." />
  <e k="function_forestryTransport" v="This vehicle can transport tree logs." />
  <e k="function_forestryTreeLimit" v="Note: Very large trees cannot be processed" />
  <e k="function_forestryWoodCrusher" v="This machine breaks trunks into wood chips." />
  <e k="function_frontloader" v="Front loaders are used to stack and load various goods." />
  <e k="function_greenHouse" v="Produces vegetables which are sold automatically to earn you money." />
  <e k="function_harvestingPotato" v="This harvester digs the potatoes out of the ground. Note that a haulm topper is needed prior to using this machine." />
  <e k="function_harvestingSelfPropelledPotato" v="This self-propelled harvester collects potatoes in one go." />
  <e k="function_harvestingSelfPropelledSugarbeet" v="This self-propelled harvester collects sugar beets in one go." />
  <e k="function_harvestingSugarbeet" v="This harvester digs the sugar beets out of the ground. Note that a haulm topper is needed prior to using this machine." />
  <e k="function_haulmTopperPotato" v="Before potatoes can be harvested, the foliage needs to be cut with a haulm topper like this one." />
  <e k="function_haulmTopperSugarbeet" v="Before sugar beets can be harvested, the foliage needs to be cut with a haulm topper like this one." />
  <e k="function_hayStorage" v="Storage space for hay and straw." />
  <e k="function_heatingPlant" v="Dropping woodchips at this selling station produces heat and earns you money." />
  <e k="function_highPressureWasher" v="With this machine you can clean dirty vehicles and tools." />
  <e k="function_leveler" v="Levelers are used to move chaff and silage and level the heaps in the silos." />
  <e k="function_liquidFertilizerTank" v="Liquid Fertilizer Tanks are used to refill your sprayers." />
  <e k="function_livestockTrailer" v="This trailer is used to transport animals." />
  <e k="function_loadingVehicle" v="This machine can collect sugar beets from the ground and tip them into a trailer." />
  <e k="function_lowLoader" v="This trailer can transport other vehicles." />
  <e k="function_manureSpreader" v="Manure spreaders improve the harvest of your fields." />
  <e k="function_mower" v="Mowers cut grass." />
  <e k="function_palletPacker" v="Loading this machine with potatoes or sugar beet will create nicely packed pallets you can sell. Alternatively it can load conveyor belts with sugar beet or potatoes." />
  <e k="function_placeableChipper" v="Any logs you put into this machine are converted into wood chips that are immediately sold to the sawmill." />
  <e k="function_plough" v="With a plow you can prepare fields for the next sowing and create new fields." />
  <e k="function_powerGenerator" v="Produces power which is sold automatically to earn you money." />
  <e k="function_reverseDriveControl" v="This vehicle is equipped with reverse drive control." />
  <e k="function_roller" v="With this machine you can restore the initial ground state (delete fields)." />
  <e k="function_saplingPallet" v="This pallet of saplings is used to fill the tree planter." />
  <e k="function_semiTrailer" v="Semitrailers can be attached to a tractor by using a dolly." />
  <e k="function_siloExtension" v="Increases the storage capacity of your silos. Must be placed near your farm silos." />
  <e k="function_skidsteer" v="Skid Steer Loaders are used to stack and load various goods." />
  <e k="function_slurryContainer" v="A field container is used as an interim storage for slurry. You can fill it with the Kotte TSA 30000 slurry tanker." />
  <e k="function_slurrySpreader" v="Slurry spreaders improve the harvest of your fields." />
  <e k="function_sowingMachine" v="With a sowing machine you can sow fields." />
  <e k="function_sowingMachineDirect" v="Additionally, this machine offers the possibility to seed directly (no previous cultivating or plowing necessary)." />
  <e k="function_sprayer" v="Sprayers increase the harvest output of fields." />
  <e k="function_sprayerTank" v="Additional tanks increase the capacity of sprayers." />
  <e k="function_stumpCutter" v="This machinery cuts tree stumps." />
  <e k="function_tank" v="Tanks transport liquids." />
  <e k="function_tedder" v="A tedder turns grass around so it can dry faster." />
  <e k="function_telehandler" v="Telehandlers are used to stack and load various goods." />
  <e k="function_tipper" v="Tippers/trailers are used to transport the harvest." />
  <e k="function_tractor" v="Tractors are required to pull trailers and tools." />
  <e k="function_tractorFrontloader" v="This tractor can also attach a front loader." />
  <e k="function_treeSaw" v="With a tree saw you can cut down trees." />
  <e k="function_truck" v="A truck can attach semitrailers." />
  <e k="function_waterTower" v="The water tower can supply your water tanks with fresh water." />
  <e k="function_weeder" v="Weeders pull weeds out between small grown crops, improving the field's state. It can only be used in the first growing stages of crops." />
  <e k="function_weight" v="A weight helps keeping a tractor's wheels on the ground and improves its balance." />
  <e k="function_wheelLoader" v="Wheel loaders are used to stack and load various goods." />
  <e k="function_windrower" v="A windrower arranges grass, hay or straw in rows (windrows), which can then be scooped up by forage wagons or balers." />
  <e k="function_workshop" v="This workshop allows you to create a spot anywhere on the map where you can customize your machinery without the need of a paid mechanic." />
  <e k="shopItem_ashTree" v="Ash" />
  <e k="shopItem_beehive" v="Beehouse" />
  <e k="shopItem_bigBagFertilizer" v="Solid Fertilizer BigBag" />
  <e k="shopItem_bigBagPigFood" v="Pig Food BigBag" />
  <e k="shopItem_bigBagSeeds" v="Seed BigBag" />
  <e k="shopItem_birchTree" v="Birch" />
  <e k="shopItem_chicken" v="Chicken" />
  <e k="shopItem_cow" v="Cow" />
  <e k="shopItem_firTree" v="Fir" />
  <e k="shopItem_flieglSemitrailer" v="Low Loader" />
  <e k="shopItem_flieglTimberRunner" v="Wood transporter" />
  <e k="shopItem_frontloaderBaleFork" v="Bale spike" />
  <e k="shopItem_frontloaderBaleGrab" v="Wrapped bale handler" />
  <e k="shopItem_frontloaderLogFork" v="Log fork" />
  <e k="shopItem_frontloaderManureFork" v="Manure fork" />
  <e k="shopItem_frontloaderManureGrabFork" v="Fork with grapple" />
  <e k="shopItem_frontloaderPalletFork" v="Pallet fork" />
  <e k="shopItem_frontloaderRoundBaleFork" v="Roll-type bale fork" />
  <e k="shopItem_frontloaderShovel" v="Universal bucket" />
  <e k="shopItem_frontloaderSilageCutter" v="Silage cutter" />
  <e k="shopItem_garantFieldContainer" v="Field Container" />
  <e k="shopItem_garantTSA" v="TSA Slurry Transporter" />
  <e k="shopItem_greenhouseLettuce" v="Greenhouse (lettuce)" />
  <e k="shopItem_greenhouseTomatoes" v="Greenhouse (tomatoes)" />
  <e k="shopItem_hayLoft" v="Hay loft" />
  <e k="shopItem_heatingPlant" v="Heating Plant" />
  <e k="shopItem_highPressureWasher" v="High Pressure Washer" />
  <e k="shopItem_kroneCutterTrailer" v="Cutter Trailer" />
  <e k="shopItem_liquidFertilizerTank" v="Liquid Fertilizer Tank" />
  <e k="shopItem_mapleTree" v="Maple" />
  <e k="shopItem_mobileFuelTank" v="Mobile fuel tank" />
  <e k="shopItem_oakTree" v="Oak" />
  <e k="shopItem_palletSaplings" v="Pallet Saplings" />
  <e k="shopItem_palletSaplingsPoplar" v="Poplar Saplings Pallet" />
  <e k="shopItem_picnicShelter01" v="Rectangular Picnic Shelter" />
  <e k="shopItem_picnicShelter02" v="Round Picnic Shelter" />
  <e k="shopItem_pig" v="Pig" />
  <e k="shopItem_poplarTree" v="Poplar" />
  <e k="shopItem_sampoRosenlewC6Cutter" v="C6 Header" />
  <e k="shopItem_shack01" v="Small Shack" />
  <e k="shopItem_shack02" v="Elevated Shack" />
  <e k="shopItem_shack03" v="Shed" />
  <e k="shopItem_shack04" v="Utility Building" />
  <e k="shopItem_sheep" v="Sheep" />
  <e k="shopItem_siloExtensionLarge" v="Large silo extension" />
  <e k="shopItem_siloExtensionSmall" v="Small silo extension" />
  <e k="shopItem_skidSteerBaleFork" v="Bale fork" />
  <e k="shopItem_skidSteerLogFork" v="Log fork" />
  <e k="shopItem_skidSteerManureFork" v="Manure fork" />
  <e k="shopItem_skidSteerPalletFork" v="Pallet fork" />
  <e k="shopItem_skidSteerShovel" v="Universal shovel" />
  <e k="shopItem_skidSteerStumpCutter" v="Stump cutter" />
  <e k="shopItem_solarCollector" v="Solar collector" />
  <e k="shopItem_storageShelter01" v="Large Storage Shelter" />
  <e k="shopItem_storageShelter02" v="Small Storage Shelter" />
  <e k="shopItem_telehandlerBaleFork" v="Bale fork" />
  <e k="shopItem_telehandlerBaleGrab" v="Wrapped bale handler" />
  <e k="shopItem_telehandlerFork" v="Pallet fork" />
  <e k="shopItem_telehandlerLogFork" v="Log fork" />
  <e k="shopItem_telehandlerManureFork" v="Manure fork" />
  <e k="shopItem_telehandlerShovel" v="Shovel" />
  <e k="shopItem_vehicleShelter" v="Vehicle Shelter" />
  <e k="shopItem_vehicleShelterLarge" v="Large Vehicle Shelter" />
  <e k="shopItem_vehicleShelterSmall" v="Small Vehicle Shelter" />
  <e k="shopItem_waterTower" v="Water Tower" />
  <e k="shopItem_waterTrailer" v="Mobile water tank" />
  <e k="shopItem_wheelLoaderFork" v="Pallet fork" />
  <e k="shopItem_wheelLoaderLogFork" v="Log fork" />
  <e k="shopItem_wheelLoaderShovel" v="Universal shovel" />
  <e k="shopItem_wheelLoaderSilageFork" v="Silage fork" />
  <e k="shopItem_windTurbine" v="Wind energy converter" />
  <e k="shopItem_workshop" v="Vehicle Workshop" />
  <e k="shop_age" v="%s days" />
  <e k="shop_brand" v="Brands" />
  <e k="shop_capacity" v="Capacity:" />
  <e k="shop_capacityValue" v="%s %s" />
  <e k="shop_category" v="Category" />
  <e k="shop_combinations" v="Suitable for:" />
  <e k="shop_configuration" v="Configuration" />
  <e k="shop_configurationPriceBase" v="Base price" />
  <e k="shop_configurationPriceOptions" v="Options" />
  <e k="shop_configurationPriceTotal" v="Total price" />
  <e k="shop_configurationTitle" v="Options &amp; Upgrades" />
  <e k="shop_costsBase" v="Base costs" />
  <e k="shop_costsPerDay" v="Per day" />
  <e k="shop_costsPerOperatingHour" v="Per operating hour" />
  <e k="shop_doYouWantToBuy" v="Do you want to purchase it for %s?" />
  <e k="shop_doYouWantToLease" v="Do you want to lease it for %s?" />
  <e k="shop_fee" v="Fee" />
  <e k="shop_fruitTypes" v="Fruit types" />
  <e k="shop_fuelValue" v="%d %s" />
  <e k="shop_income" v="Income:" />
  <e k="shop_incomeValue" v="%s / hour" />
  <e k="shop_initialCosts" v="Initial costs" />
  <e k="shop_leasedItems" v="Leased Items" />
  <e k="shop_maintenance" v="Maintenance:" />
  <e k="shop_maintenanceValue" v="%s / day" />
  <e k="shop_maxPower" v="Max. power:" />
  <e k="shop_maxPowerValue" v="%s kW / %s hp" />
  <e k="shop_maxSpeed" v="%s %s" />
  <e k="shop_neededPower" v="Req. power:" />
  <e k="shop_neededPowerValue" v="%s kW / %s hp" />
  <e k="shop_noConfigsAvailable" v="No upgrades available!" />
  <e k="shop_noVehicles" v="No vehicles available!" />
  <e k="shop_operatingTime" v="%d:%d h" />
  <e k="shop_ownedItems" v="Owned items" />
  <e k="shop_saleRemaingHours" v="Sale ends in:" />
  <e k="shop_saleRemaingHoursValue" v="%d h" />
  <e k="shop_transportationFee" v="A transport fee is applied if you do not transport the animals with your own animal trailer!" />
  <e k="shop_usage" v="Usage:" />
  <e k="shop_workingWidth" v="Working width:" />
  <e k="shop_workingWidthValue" v="%s m" />
  <e k="shop_youLease" v="You lease" />
  <e k="shop_youOwn" v="You Own" />
  <e k="typeDesc_augerWagon" v="auger wagon" />
  <e k="typeDesc_baleLoader" v="bale loader" />
  <e k="typeDesc_baleTrailer" v="Bale trailer" />
  <e k="typeDesc_baleWrapper" v="bale wrapper" />
  <e k="typeDesc_baler" v="baler" />
  <e k="typeDesc_belt" v="belt" />
  <e k="typeDesc_car" v="car" />
  <e k="typeDesc_combine" v="harvester" />
  <e k="typeDesc_cornCutter" v="corn header" />
  <e k="typeDesc_cultivator" v="cultivator" />
  <e k="typeDesc_cutter" v="header" />
  <e k="typeDesc_cutterTrailer" v="header trailer" />
  <e k="typeDesc_defoliator" v="defoliator" />
  <e k="typeDesc_fertilizerSpreader" v="fertilizer spreader" />
  <e k="typeDesc_forageWagon" v="forage wagon" />
  <e k="typeDesc_forwarder" v="forwarder" />
  <e k="typeDesc_frontloader" v="frontloader" />
  <e k="typeDesc_frontloaderTool" v="frontloader tool" />
  <e k="typeDesc_greenhouse" v="greenhouse" />
  <e k="typeDesc_harvester" v="harvester" />
  <e k="typeDesc_haulmTopper" v="topper" />
  <e k="typeDesc_highPressureWasher" v="high pressure washer" />
  <e k="typeDesc_leveler" v="leveler" />
  <e k="typeDesc_livestockTrailer" v="livestock trailer" />
  <e k="typeDesc_loaderVehicle" v="loading vehicle" />
  <e k="typeDesc_lowLoader" v="low loader" />
  <e k="typeDesc_manureBarrel" v="slurry tanker" />
  <e k="typeDesc_manureSpreader" v="manure spreader" />
  <e k="typeDesc_mixerWagon" v="mixer-wagon" />
  <e k="typeDesc_mower" v="mower" />
  <e k="typeDesc_pickup" v="pickup" />
  <e k="typeDesc_planter" v="planter" />
  <e k="typeDesc_plough" v="plow" />
  <e k="typeDesc_plow" v="shield" />
  <e k="typeDesc_roller" v="Roller" />
  <e k="typeDesc_skidSteerTool" v="skid steer loader tool" />
  <e k="typeDesc_sowingMachine" v="sower" />
  <e k="typeDesc_sprayer" v="sprayer" />
  <e k="typeDesc_sprayerTank" v="additional tank" />
  <e k="typeDesc_strawBlower" v="straw blower" />
  <e k="typeDesc_stumpCutter" v="stump cutter" />
  <e k="typeDesc_tedder" v="tedder" />
  <e k="typeDesc_telehandler" v="telehandler" />
  <e k="typeDesc_telehandlerTool" v="telehandler tool" />
  <e k="typeDesc_timberTrailer" v="timber trailer" />
  <e k="typeDesc_tipper" v="tipper" />
  <e k="typeDesc_tractor" v="tractor" />
  <e k="typeDesc_trailer" v="trailer" />
  <e k="typeDesc_treePlanter" v="tree planter" />
  <e k="typeDesc_treeSaw" v="tree saw" />
  <e k="typeDesc_truck" v="truck" />
  <e k="typeDesc_waterTrailer" v="water trailer" />
  <e k="typeDesc_weeder" v="weeder" />
  <e k="typeDesc_weight" v="weight" />
  <e k="typeDesc_wheelLoader" v="wheelloader" />
  <e k="typeDesc_wheelLoaderTool" v="wheelloader tool" />
  <e k="typeDesc_windrower" v="windrower" />
  <e k="typeDesc_woodCrusher" v="wood crusher" />
  <e k="typeDesc_woodHarvester" v="harvester" />
  <e k="unit_areaShort" v="ha" />
  <e k="unit_bale" v="bales" />
  <e k="unit_decimalSymbol" v="." />
  <e k="unit_degreeCelsiusShort" v="°C" />
  <e k="unit_digitGroupingSymbol" v="," />
  <e k="unit_dollar" v="Dollar" />
  <e k="unit_dollarShort" v="$" />
  <e k="unit_euro" v="Euro" />
  <e k="unit_euroShort" v="€" />
  <e k="unit_km" v="Kilometers" />
  <e k="unit_kmh" v="kph" />
  <e k="unit_kw" v="kW/h" />
  <e k="unit_liter" v="liters" />
  <e k="unit_literShort" v="l" />
  <e k="unit_miles" v="Miles" />
  <e k="unit_minutesShort" v="min." />
  <e k="unit_mph" v="mph" />
  <e k="unit_pieces" v="pieces" />
  <e k="unit_pound" v="Pound" />
  <e k="unit_poundShort" v="£" />
  <e k="unit_timeShort" v="hh:mm" />
</l10n>