﻿<?xml version="1.0" encoding="utf-8"?>
<l10n>
  <e k="category_animals" v="Tiere" />
  <e k="category_augerWagons" v="Überladewagen" />
  <e k="category_baling" v="Ballentechnik" />
  <e k="category_beetHarvesting" v="Rübenernte" />
  <e k="category_belts" v="Förderbandsystem" />
  <e k="category_cars" v="Autos" />
  <e k="category_chainsaws" v="Kettensägen" />
  <e k="category_cultivators" v="Grubber" />
  <e k="category_cutterTrailers" v="Schneidwerkswagen" />
  <e k="category_cutters" v="Schneidwerke" />
  <e k="category_dollys" v="Dollys" />
  <e k="category_feeding" v="Futtertechnik" />
  <e k="category_fertilizerSpreaders" v="Düngerstreuer" />
  <e k="category_forageHarvesters" v="Feldhäcksler" />
  <e k="category_forageHarvestersCutters" v="Feldhäcksler Schneidwerke" />  <e k="category_forageHarvesterCutters" v="Feldhäcksler Schneidwerke" />
  <e k="category_frontLoaders" v="Frontlader" />
  <e k="category_harvesters" v="Erntemaschinen" />
  <e k="category_leveler" v="Schiebeschilder" />
  <e k="category_loaderWagons" v="Ladewagen" />
  <e k="category_lowloaders" v="Tieflader" />
  <e k="category_manureSpreaders" v="Miststreuer" />
  <e k="category_misc" v="Diverses" />
  <e k="category_mowers" v="Mähwerke" />
  <e k="category_pallets" v="Paletten" />
  <e k="category_placeables" v="Platzierbare Objekte" />
  <e k="category_plows" v="Pflüge" />
  <e k="category_potatoHarvesting" v="Kartoffelernte" />
  <e k="category_sales" v="Sonderangebote" />
  <e k="category_skidSteers" v="Kompaktlader" />
  <e k="category_slurryTanks" v="Güllefässer" />
  <e k="category_sowingMachines" v="Sämaschinen" />
  <e k="category_sprayers" v="Spritzen" />
  <e k="category_sugarCaneHarvesting" v="Zuckerrohrernte" />
  <e k="category_tedders" v="Zetter" />
  <e k="category_teleLoaders" v="Teleskoplader" />
  <e k="category_tippers" v="Kipper" />
  <e k="category_tractors" v="Traktoren" />
  <e k="category_trucks" v="LKW" />
  <e k="category_weeders" v="Striegel" />
  <e k="category_weights" v="Gewichte" />
  <e k="category_wheelLoaders" v="Radlader" />
  <e k="category_windrowers" v="Schwader" />
  <e k="category_wood" v="Forstgeräte" />
  <e k="configuration_attacherJoint" v="Anhängekupplungen" />
  <e k="configuration_baseColor" v="Hauptfarbe" />
  <e k="configuration_design" v="Design" />
  <e k="configuration_designColor" v="Designfarbe" />
  <e k="configuration_frontloaderAttacher" v="Frontladeranbau" />
  <e k="configuration_inputAttacher3Point" v="3-Punkt" />
  <e k="configuration_inputAttacherFrontLoader" v="Frontlader" />
  <e k="configuration_inputAttacherJoint" v="Anbaukupplungstyp" />
  <e k="configuration_inputAttacherSkidSteer" v="Kompaktlader" />
  <e k="configuration_inputAttacherTeleLoaders" v="Teleskoplader" />
  <e k="configuration_inputAttacherWheelLoader" v="Radlader" />
  <e k="configuration_motorSetup" v="Motorausführung" />
  <e k="configuration_rimColor" v="Felgenfarbe" />
  <e k="configuration_trailerAttacherBack" v="+ Anhänger hinten" />
  <e k="configuration_valueBaleTrailer" v="Balleneinstellung" />
  <e k="configuration_valueColor" v="Farbig" />
  <e k="configuration_valueCrawler" v="Bandlaufwerk" />
  <e k="configuration_valueDefault" v="Standard" />
  <e k="configuration_valueDesign01" v="Design 1" />
  <e k="configuration_valueDesign02" v="Design 2" />
  <e k="configuration_valueDesign03" v="Design 3" />
  <e k="configuration_valueDesign04" v="Design 4" />
  <e k="configuration_valueDesign05" v="Design 5" />
  <e k="configuration_valueDesign06" v="Design 6" />
  <e k="configuration_valueDesign07" v="Design 7" />
  <e k="configuration_valueDesign08" v="Design 8" />
  <e k="configuration_valueDesign09" v="Design 9" />
  <e k="configuration_valueForestry" v="Forst" />
  <e k="configuration_valueGT1" v="GT Streifen 1" />
  <e k="configuration_valueGT2" v="GT Streifen 2" />
  <e k="configuration_valueNewHolland" v="New Holland" />
  <e k="configuration_valueStealth" v="Stealth" />
  <e k="configuration_valueTracks" v="Bogiebänder" />
  <e k="configuration_valueTripleWheelsAll" v="Drillingsbereifung" />
  <e k="configuration_valueTwinWheelsAll" v="Zwillingsbereifung" />
  <e k="configuration_valueTwinWheelsBack" v="Zwillingsbereifung Hinten" />
  <e k="configuration_valueTwinWheelsFront" v="Zwillingsbereifung Vorne" />
  <e k="configuration_valueTwinWheelsNarrow" v="Zwillingspflegebereifung" />
  <e k="configuration_valueVogelsangSynCut" v="Vogelsang SynCult" />
  <e k="configuration_valueWheelBroad" v="Breitreifen" />
  <e k="configuration_valueWheelNarrow" v="Pflegebereifung" />
  <e k="configuration_valueWheelWeights" v="Radgewichte" />
  <e k="configuration_valueWhite" v="Weiss" />
  <e k="configuration_valueWoodTrailer" v="Holzeinstellung" />
  <e k="configuration_wheelSetup" v="Rad-Setup" />
  <e k="defaultSavegameName" v="Mein Spielstand" />
  <e k="fillTypeGroup_base" v="Basisfutter" />
  <e k="fillTypeGroup_bulk" v="Basisfutter" />
  <e k="fillTypeGroup_earth" v="Wurzelfrüchte" />
  <e k="fillTypeGroup_forage" v="Futtermischung" />
  <e k="fillTypeGroup_grain" v="Getreide" />
  <e k="fillTypeGroup_grass" v="Gras" />
  <e k="fillTypeGroup_power" v="Kraftfutter" />
  <e k="fillTypeGroup_protein" v="Protein" />
  <e k="fillTypeGroup_silage" v="Silage" />
  <e k="fillType_barley" v="Gerste" />
  <e k="fillType_chaff" v="Häckselgut" />
  <e k="fillType_digestate" v="Gärreste" />
  <e k="fillType_dryGrass" v="Heu" />
  <e k="fillType_egg" v="Eier" />
  <e k="fillType_fertilizer" v="Dünger" />
  <e k="fillType_forage" v="Mischration" />
  <e k="fillType_forage_mixing" v="Futter" />
  <e k="fillType_fuel" v="Treibstoff" />
  <e k="fillType_grass" v="Gras" />
  <e k="fillType_liquidFertilizer" v="Flüssigdünger" />
  <e k="fillType_liquidManure" v="Gülle" />
  <e k="fillType_maize" v="Körnermais" />
  <e k="fillType_manure" v="Mist" />
  <e k="fillType_milk" v="Milch" />
  <e k="fillType_oilRadish" v="Ölrettich" />
  <e k="fillType_pigFood" v="Schweinefutter" />
  <e k="fillType_pigFoodBase" v="Schweinefutter (Basis)" />
  <e k="fillType_pigFoodEarth" v="Schweinefutter (Wurzelfrüchte)" />
  <e k="fillType_pigFoodGrain" v="Schweinefutter (Getreide)" />
  <e k="fillType_pigFoodProtein" v="Schweinefutter (Protein)" />
  <e k="fillType_poplar" v="Pappel" />
  <e k="fillType_potato" v="Kartoffeln" />
  <e k="fillType_powerFood" v="Kraftfutter" />
  <e k="fillType_rape" v="Raps" />
  <e k="fillType_roundBale" v="Rundballen" />
  <e k="fillType_roundBaleBarley" v="Rundballen Gerstestroh" />
  <e k="fillType_roundBaleDryGrass" v="Rundballen Heu" />
  <e k="fillType_roundBaleGrass" v="Rundballen Gras" />
  <e k="fillType_roundBaleSilage" v="Rundballen Silage" />
  <e k="fillType_roundBaleWheat" v="Rundballen Weizenstroh" />
  <e k="fillType_seeds" v="Saatgut" />
  <e k="fillType_silage" v="Silage" />
  <e k="fillType_soybean" v="Sojabohnen" />
  <e k="fillType_squareBale" v="Quaderballen" />
  <e k="fillType_squareBaleBarley" v="Quaderballen Gerstestroh" />
  <e k="fillType_squareBaleDryGrass" v="Quaderballen Heu" />
  <e k="fillType_squareBaleGrass" v="Quaderballen Gras" />
  <e k="fillType_squareBaleSilage" v="Quaderballen Silage" />
  <e k="fillType_squareBaleWheat" v="Quaderballen Weizenstroh" />
  <e k="fillType_straw" v="Stroh" />
  <e k="fillType_sugarBeet" v="Zuckerrüben" />
  <e k="fillType_sugarCane" v="Zuckerrohr" />
  <e k="fillType_sunflower" v="Sonnenblumen" />
  <e k="fillType_tarp" v="Abdeckplane" />
  <e k="fillType_treeSaplings" v="Setzlinge" />
  <e k="fillType_water" v="Wasser" />
  <e k="fillType_wheat" v="Weizen" />
  <e k="fillType_woodChips" v="Hackschnitzel" />
  <e k="fillType_wool" v="Wolle" />
  <e k="function_augerWagon" v="Überlader dienen im Einsatz auf dem Feld als Zwischenspeicher von Fruchtarten." />
  <e k="function_baleStacker" v="Ein Ballensammelwagen erleichtert das Einsammeln von Ballen." />
  <e k="function_baleTrailer" v="Ein Ballenwagen dient vor allem dem Transport von Ballen." />
  <e k="function_baleWrapper" v="Ein Ballenwickler verpackt Grasballen in Folie, damit diese zu Silage gären können." />
  <e k="function_baler" v="Eine Ballenpresse verwandelt loses Stroh, Gras oder Heu in handliche Ballen." />
  <e k="function_beehive" v="Produziert Honig, welcher automatisch verkauft wird und dir Geld einbringt." />
  <e k="function_beltSystem" v="Förderbänder dienen zur Beladung deiner Kipper." />
  <e k="function_beltSystemConnection" v="Dieses Förderband dient als Zwischensegment." />
  <e k="function_beltSystemStart" v="Dieses Förderband nimmt Material vom Boden auf und transportiert es weiter auf das nächste Förderband." />
  <e k="function_bigBagFertilizer" v="Du verwendest BigBags dazu, um deine Düngerstreuer aufzufüllen." />
  <e k="function_bigBagPigFood" v="Die perfekte Futtermischung für deine Schweine." />
  <e k="function_bigBagSeeds" v="Du verwendest BigBags dazu, um deine Sämaschinen aufzufüllen." />
  <e k="function_car" v="Mit einem Auto kommst du schnell von A nach B." />
  <e k="function_chainsaw" v="Mit einer Kettensäge lassen sich Bäume fällen." />
  <e k="function_combine" v="Mit Erntemaschinen können die angegebenen Fruchtarten geerntet werden." />
  <e k="function_combineForage" v="Mit Feldhäckslern können die angegebenen Fruchtarten geerntet werden." />
  <e k="function_combineNeedsCutter" v="Zusätzlich wird noch ein passendes Schneidwerk benötigt." />
  <e k="function_combineNeedsForageCutter" v="Zusätzlich wird noch ein passendes Feldhäcksler Schneidwerk benötigt." />
  <e k="function_cultivator" v="Mit einem Grubber kann man Felder für die nächste Saat vorbereiten." />
  <e k="function_cutter" v="Ein Schneidwerk wird von Dreschern benötigt." />
  <e k="function_cutterForage" v="Ein Feldhäcksler Schneidwerk wird von Häckslern benötigt." />
  <e k="function_cutterTrailer" v="Mit einem Schneidwerkswagen können Schneidwerke sicher transportiert werden." />
  <e k="function_decoration" v="Dieses Objekt dient nur der Dekoration." />
  <e k="function_dolly" v="Ein Dolly dient als Bindeglied zwischen Auflieger und Traktor." />
  <e k="function_feeder" v="Ein Futtermischwagen mischt Silage, Heu und Stroh zu TMR (Bestehend aus 60% Basisfutter und 40% Kraftfutter), um dies dann direkt an die Kühe zu verfüttern." />
  <e k="function_feederBale" v="Einstreuer laden Strohballen, um den Boden des Kuhstalls mit Stroh bedecken zu können." />
  <e k="function_fertilizer" v="Düngerstreuer werden für die Ertragssteigerung von Feldern benutzt." />
  <e k="function_fillablePallet" v="Pappelstecklinge. Lade sie auf eine Baumpflanzmaschine." />
  <e k="function_forageWagon" v="Ein Ladewagen sammelt Gras, Heu oder Stroh ein. Er kann auch mit Häckselgut befüllt werden." />
  <e k="function_forestryCutter" v="Diese Maschine kann Bäume fällen." />
  <e k="function_forestryPlanter" v="Mit einer Baumpflanzmaschine können neue Bäume gepflanzt werden. Beim Händler kannst du Paletten mit Setzlingen kaufen, um die Maschine zu füllen." />
  <e k="function_forestryTransport" v="Diese Maschine dient dem Transport von Bäumen." />
  <e k="function_forestryTreeLimit" v="Info: Sehr dicke Stämme können nicht verarbeitet werden." />
  <e k="function_forestryWoodCrusher" v="Diese Maschine zerkleinert Baumstämme in Hackschnitzel." />
  <e k="function_frontloader" v="Mit Frontladern können verschiedenste Dinge gestapelt und verladen werden." />
  <e k="function_greenHouse" v="Produziert Gemüse, welches automatisch verkauft wird und dir Geld einbringt." />
  <e k="function_harvestingPotato" v="Dieser Roder gräbt die Kartoffeln aus dem Boden. Diese Maschine kann erst nach dem Krautschlagen eingesetzt werden." />
  <e k="function_harvestingSelfPropelledPotato" v="Dieser Vollernter sammelt die Kartoffeln in einem Arbeitsgang ein." />
  <e k="function_harvestingSelfPropelledSugarbeet" v="Dieser Vollernter sammelt die Zuckerrüben in einem Arbeitsgang ein." />
  <e k="function_harvestingSugarbeet" v="Dieser Roder gräbt die Zuckerrüben aus dem Boden. Diese Maschine kann erst nach dem Krautschlagen eingesetzt werden." />
  <e k="function_haulmTopperPotato" v="Dieser Krautschläger entfernt das Kraut bevor Kartoffeln geerntet werden können." />
  <e k="function_haulmTopperSugarbeet" v="Dieser Krautschläger entfernt das Kraut bevor die Zuckerrüben geerntet werden können." />
  <e k="function_hayStorage" v="Lagermöglichkeit für Heu und Stroh." />
  <e k="function_heatingPlant" v="Lade Hackschnitzel bei dieser Verkaufsstation ab, um Fernwärme zu erzeugen, welche dir Geld einbringt." />
  <e k="function_highPressureWasher" v="Mit diesem Gerät lassen sich dreckige Maschinen säubern." />
  <e k="function_leveler" v="Du verwendest Schiebeschilder, um Häckselgut und Silage zu verteilen und die Haufen in den Silos auszugleichen." />
  <e k="function_liquidFertilizerTank" v="Mit Flüssigdünger kannst du deine Spritzen befüllen." />
  <e k="function_livestockTrailer" v="In diesem Anhänger transportierst du Tiere." />
  <e k="function_loadingVehicle" v="Mit dieser Maschine sammelst du Zuckerrüben vom Boden auf und beförderst sie in den Anhänger." />
  <e k="function_lowLoader" v="Dieser Anhänger kann andere Fahrzeuge transportieren." />
  <e k="function_manureSpreader" v="Miststreuer werden für die Ertragssteigerung von Feldern benutzt." />
  <e k="function_mower" v="Mähwerke können Gras schneiden." />
  <e k="function_palletPacker" v="Kartoffeln oder Zuckerrüben, werden mit dieser Maschine in Paletten für den Verkauf gepackt oder auf Förderbander verladen." />
  <e k="function_placeableChipper" v="Lade Holz in diese Maschine, um es in Hackschnitzel umzuwandeln, welche direkt an die Sägemühle verkauft werden." />
  <e k="function_plough" v="Mit einem Pflug kann man Felder für die nächste Saat vorbereiten und neue (Felder) anlegen." />
  <e k="function_powerGenerator" v="Produziert Elektrizität, welche automatisch verkauft wird und dir Geld einbringt." />
  <e k="function_reverseDriveControl" v="Dieses Fahrzeug verfügt über eine Rückfahreinrichtung." />
  <e k="function_roller" v="Mit dieser Maschine stellst du den ursprünglichen Feldzustand wieder her (Feld löschen)." />
  <e k="function_saplingPallet" v="Diese Palette mit Setzlingen wird zum Auffüllen der Setzmaschine benutzt." />
  <e k="function_semiTrailer" v="Auflieger werden mit Hilfe eines Dollys angehängt." />
  <e k="function_siloExtension" v="Erweitert die Lagerkapazität deiner Silos. Muss in der Nähe der bestehenden Farmsilos gebaut werden." />
  <e k="function_skidsteer" v="Mit Kompaktladern können verschiedenste Dinge gestapelt und verladen werden." />
  <e k="function_slurryContainer" v="Der Feldrandcontainer dient als Zwischenlager für Gülle. Du kannst ihn mit dem Kotte TSA 30000 Güllefass auffüllen." />
  <e k="function_slurrySpreader" v="Güllefässer werden für die Ertragssteigerung von Feldern benutzt." />
  <e k="function_sowingMachine" v="Mit einer Sämaschine kann man Felder bestellen." />
  <e k="function_sowingMachineDirect" v="Diese Sämaschine bietet zudem die Möglichkeit der Direktsaat (kein vorheriges Grubbern oder Pflügen nötig)." />
  <e k="function_sprayer" v="Düngerspritzen werden für die Ertragssteigerung von Feldern genutzt." />
  <e k="function_sprayerTank" v="Zusatztanks erhöhen die Kapazität der Düngerspritze." />
  <e k="function_stumpCutter" v="Diese Maschine schneidet Baumstümpfe." />
  <e k="function_tank" v="Mit diesem Fass lassen sich Flüssigkeiten transportieren." />
  <e k="function_tedder" v="Ein Zetter wird zum Wenden von Gras benutzt." />
  <e k="function_telehandler" v="Mit Teleladern können verschiedenste Dinge gestapelt und verladen werden." />
  <e k="function_tipper" v="Mit einem Kipper/Anhänger können Fruchtarten transportiert werden." />
  <e k="function_tractor" v="Traktoren werden zum Ziehen von Anhängern und Maschinen benötigt." />
  <e k="function_tractorFrontloader" v="An diesen Traktor lässt sich ein Frontlader anbauen." />
  <e k="function_treeSaw" v="Mit einer Kettensäge fällst du Bäume." />
  <e k="function_truck" v="Ein LKW kann Auflieger ankuppeln." />
  <e k="function_waterTower" v="An diesem Wasserturm kannst du deine Wasserfässer auftanken." />
  <e k="function_weeder" v="Mit dem Striegel entfernst du Unkraut von Feldern mit jungen Getreidepflanzen und verbesserst so den Feldzustand. Das kannst du nur während der ersten Wachstumsphase der Pflanzen nutzen." />
  <e k="function_weight" v="Ein Gewicht hilft dabei Traktoren im Gleichgewicht zu halten." />
  <e k="function_wheelLoader" v="Mit Radladern können verschiedenste Dinge gestapelt und verladen werden." />
  <e k="function_windrower" v="Ein Schwader wird benutzt um Gras, Heu oder Stroh in Bahnen abzulegen." />
  <e k="function_workshop" v="Mithilfe dieser Werkstatt kannst du überall auf der Karte eine Stelle festlegen, an der du deine Fahrzeuge und Geräte auch ohne die Hilfe eines bezahlten Mechanikers anpassen kannst." />
  <e k="shopItem_ashTree" v="Esche" />
  <e k="shopItem_beehive" v="Bienenhaus" />
  <e k="shopItem_bigBagFertilizer" v="Mineraldünger-BigBag" />
  <e k="shopItem_bigBagPigFood" v="Schweinefutter-BigBag" />
  <e k="shopItem_bigBagSeeds" v="Saatgut-BigBag" />
  <e k="shopItem_birchTree" v="Birke" />
  <e k="shopItem_chicken" v="Huhn" />
  <e k="shopItem_cow" v="Kuh" />
  <e k="shopItem_firTree" v="Tanne" />
  <e k="shopItem_flieglSemitrailer" v="Tieflader" />
  <e k="shopItem_flieglTimberRunner" v="Holztransporter" />
  <e k="shopItem_frontloaderBaleFork" v="Ballenspieß" />
  <e k="shopItem_frontloaderBaleGrab" v="Folienballenzange" />
  <e k="shopItem_frontloaderLogFork" v="Poltergabel" />
  <e k="shopItem_frontloaderManureFork" v="Dunggabel" />
  <e k="shopItem_frontloaderManureGrabFork" v="Gabelzange" />
  <e k="shopItem_frontloaderPalletFork" v="Palettengabel" />
  <e k="shopItem_frontloaderRoundBaleFork" v="Rollen-Ballengabel" />
  <e k="shopItem_frontloaderShovel" v="Universalschaufel" />
  <e k="shopItem_frontloaderSilageCutter" v="Silageschneidzange" />
  <e k="shopItem_garantFieldContainer" v="Feldrandcontainer" />
  <e k="shopItem_garantTSA" v="Tanksattelauflieger" />
  <e k="shopItem_greenhouseLettuce" v="Treibhaus (Salat)" />
  <e k="shopItem_greenhouseTomatoes" v="Treibhaus (Tomaten)" />
  <e k="shopItem_hayLoft" v="Heulager" />
  <e k="shopItem_heatingPlant" v="Heizkraftwerk" />
  <e k="shopItem_highPressureWasher" v="Hochdruckreiniger" />
  <e k="shopItem_kroneCutterTrailer" v="Schneidwerkswagen" />
  <e k="shopItem_liquidFertilizerTank" v="Flüssigdüngertank" />
  <e k="shopItem_mapleTree" v="Ahorn" />
  <e k="shopItem_mobileFuelTank" v="Mobiler Treibstofftank" />
  <e k="shopItem_oakTree" v="Eiche" />
  <e k="shopItem_palletSaplings" v="Palette Setzlinge" />
  <e k="shopItem_palletSaplingsPoplar" v="Palette Pappelsetzlinge" />
  <e k="shopItem_picnicShelter01" v="Überdachung" />
  <e k="shopItem_picnicShelter02" v="Picknickhütte" />
  <e k="shopItem_pig" v="Schwein" />
  <e k="shopItem_poplarTree" v="Pappel" />
  <e k="shopItem_sampoRosenlewC6Cutter" v="C6 Schneidwerk" />
  <e k="shopItem_shack01" v="Kleiner Schuppen" />
  <e k="shopItem_shack02" v="Erhöhter Schuppen" />
  <e k="shopItem_shack03" v="Hütte" />
  <e k="shopItem_shack04" v="Mehrzweckgebäude" />
  <e k="shopItem_sheep" v="Schaf" />
  <e k="shopItem_siloExtensionLarge" v="Große Siloerweiterung" />
  <e k="shopItem_siloExtensionSmall" v="Kleine Silo-Erweiterung" />
  <e k="shopItem_skidSteerBaleFork" v="Ballengabel" />
  <e k="shopItem_skidSteerLogFork" v="Poltergabel" />
  <e k="shopItem_skidSteerManureFork" v="Gabelzange" />
  <e k="shopItem_skidSteerPalletFork" v="Palettengabel" />
  <e k="shopItem_skidSteerShovel" v="Universalschaufel" />
  <e k="shopItem_skidSteerStumpCutter" v="Stubbenfräse" />
  <e k="shopItem_solarCollector" v="Solaranlage" />
  <e k="shopItem_storageShelter01" v="Große Lagerhalle" />
  <e k="shopItem_storageShelter02" v="Kleine Lagerhalle" />
  <e k="shopItem_telehandlerBaleFork" v="Ballengabel" />
  <e k="shopItem_telehandlerBaleGrab" v="Ballenzange" />
  <e k="shopItem_telehandlerFork" v="Palettengabel" />
  <e k="shopItem_telehandlerLogFork" v="Poltergabel" />
  <e k="shopItem_telehandlerManureFork" v="Gabelzange" />
  <e k="shopItem_telehandlerShovel" v="Universalschaufel" />
  <e k="shopItem_vehicleShelter" v="Fahrzeugunterstand" />
  <e k="shopItem_vehicleShelterLarge" v="Fahrzeughalle" />
  <e k="shopItem_vehicleShelterSmall" v="Kleiner Unterstand" />
  <e k="shopItem_waterTower" v="Wasserturm" />
  <e k="shopItem_waterTrailer" v="Mobiler Wassertank" />
  <e k="shopItem_wheelLoaderFork" v="Palettengabel" />
  <e k="shopItem_wheelLoaderLogFork" v="Poltergabel" />
  <e k="shopItem_wheelLoaderShovel" v="Universalschaufel" />
  <e k="shopItem_wheelLoaderSilageFork" v="Silagegabel" />
  <e k="shopItem_windTurbine" v="Windkraftanlage" />
  <e k="shopItem_workshop" v="Werkstatt" />
  <e k="shop_age" v="%s Tage" />
  <e k="shop_brand" v="Marken" />
  <e k="shop_capacity" v="Kapazität:" />
  <e k="shop_capacityValue" v="%s %s" />
  <e k="shop_category" v="Kategorien" />
  <e k="shop_combinations" v="Passend zu:" />
  <e k="shop_configuration" v="Konfiguration" />
  <e k="shop_configurationPriceBase" v="Grundpreis" />
  <e k="shop_configurationPriceOptions" v="Optionen" />
  <e k="shop_configurationPriceTotal" v="Gesamtpreis" />
  <e k="shop_configurationTitle" v="Optionen &amp; Erweiterungen" />
  <e k="shop_costsBase" v="Basiskosten" />
  <e k="shop_costsPerDay" v="Pro Arbeitstag" />
  <e k="shop_costsPerOperatingHour" v="Pro Arbeitsstunde" />
  <e k="shop_doYouWantToBuy" v="Möchtest du dieses Gerät für %s kaufen?" />
  <e k="shop_doYouWantToLease" v="Möchtest du dieses Gerät für %s mieten?" />
  <e k="shop_fee" v="Gebühr" />
  <e k="shop_fruitTypes" v="Fruchtarten" />
  <e k="shop_fuelValue" v="%d %s" />
  <e k="shop_income" v="Einnahmen:" />
  <e k="shop_incomeValue" v="%s / Stunde" />
  <e k="shop_initialCosts" v="Initiale Kosten" />
  <e k="shop_leasedItems" v="Gemietete Fahrzeuge" />
  <e k="shop_maintenance" v="Unterhaltskosten:" />
  <e k="shop_maintenanceValue" v="%s / Tag" />
  <e k="shop_maxPower" v="Max. Leistung:" />
  <e k="shop_maxPowerValue" v="%s kW / %s PS" />
  <e k="shop_maxSpeed" v="%s %s" />
  <e k="shop_neededPower" v="Benötigte Leistung:" />
  <e k="shop_neededPowerValue" v="%s kW / %s PS" />
  <e k="shop_noConfigsAvailable" v="Keine Erweiterungen verfügbar!" />
  <e k="shop_noVehicles" v="Keine Fahrzeuge vorhanden!" />
  <e k="shop_operatingTime" v="%d.%d h" />
  <e k="shop_ownedItems" v="Eigene Fahrzeuge" />
  <e k="shop_saleRemaingHours" v="Angebot endet in:" />
  <e k="shop_saleRemaingHoursValue" v="%d h" />
  <e k="shop_transportationFee" v="Es wird eine Transportgebühr erhoben, wenn die Tiere nicht mit dem eigenen Viehanhänger transportiert werden!" />
  <e k="shop_usage" v="Nutzung:" />
  <e k="shop_workingWidth" v="Arbeitsbreite:" />
  <e k="shop_workingWidthValue" v="%s m" />
  <e k="shop_youLease" v="Du mietest" />
  <e k="shop_youOwn" v="Du besitzt" />
  <e k="typeDesc_augerWagon" v="Überladewagen" />
  <e k="typeDesc_baleLoader" v="Ballenanhänger" />
  <e k="typeDesc_baleTrailer" v="Ballenwagen" />
  <e k="typeDesc_baleWrapper" v="Ballenwickler" />
  <e k="typeDesc_baler" v="Ballenpresse" />
  <e k="typeDesc_belt" v="Förderband" />
  <e k="typeDesc_car" v="Auto" />
  <e k="typeDesc_combine" v="Drescher" />
  <e k="typeDesc_cornCutter" v="Maispflücker" />
  <e k="typeDesc_cultivator" v="Grubber" />
  <e k="typeDesc_cutter" v="Schneidwerk" />
  <e k="typeDesc_cutterTrailer" v="Schneidwerkswagen" />
  <e k="typeDesc_defoliator" v="Blatthäcksler" />
  <e k="typeDesc_fertilizerSpreader" v="Düngerstreuer" />
  <e k="typeDesc_forageWagon" v="Ladewagen" />
  <e k="typeDesc_forwarder" v="Forwarder" />
  <e k="typeDesc_frontloader" v="Frontlader" />
  <e k="typeDesc_frontloaderTool" v="Frontlader Werkzeug" />
  <e k="typeDesc_greenhouse" v="Gewächshaus" />
  <e k="typeDesc_harvester" v="Erntemaschine" />
  <e k="typeDesc_haulmTopper" v="Krautschläger" />
  <e k="typeDesc_highPressureWasher" v="Hochdruckreiniger" />
  <e k="typeDesc_leveler" v="Schiebeschild" />
  <e k="typeDesc_livestockTrailer" v="Viehanhänger" />
  <e k="typeDesc_loaderVehicle" v="Verlade-Fahrzeug" />
  <e k="typeDesc_lowLoader" v="Tieflader" />
  <e k="typeDesc_manureBarrel" v="Güllefass" />
  <e k="typeDesc_manureSpreader" v="Stalldungstreuer" />
  <e k="typeDesc_mixerWagon" v="Futtermischwagen" />
  <e k="typeDesc_mower" v="Mähwerk" />
  <e k="typeDesc_pickup" v="Pickup" />
  <e k="typeDesc_planter" v="Legemaschine" />
  <e k="typeDesc_plough" v="Pflug" />
  <e k="typeDesc_plow" v="Schild" />
  <e k="typeDesc_roller" v="Walze" />
  <e k="typeDesc_skidSteerTool" v="Kompaktlader Werkzeug" />
  <e k="typeDesc_sowingMachine" v="Sämaschine" />
  <e k="typeDesc_sprayer" v="Feldspritze" />
  <e k="typeDesc_sprayerTank" v="Zusatztank" />
  <e k="typeDesc_strawBlower" v="Stroheinstreuer" />
  <e k="typeDesc_stumpCutter" v="Stubbenfräse" />
  <e k="typeDesc_tedder" v="Zettkreisel" />
  <e k="typeDesc_telehandler" v="Teleskoplader" />
  <e k="typeDesc_telehandlerTool" v="Teleskoplader Werkzeug" />
  <e k="typeDesc_timberTrailer" v="Rückewagen" />
  <e k="typeDesc_tipper" v="Kipper" />
  <e k="typeDesc_tractor" v="Traktor" />
  <e k="typeDesc_trailer" v="Anhänger" />
  <e k="typeDesc_treePlanter" v="Pflanzmaschine" />
  <e k="typeDesc_treeSaw" v="Baumsäge" />
  <e k="typeDesc_truck" v="LKW" />
  <e k="typeDesc_waterTrailer" v="Mobiler Wassertank" />
  <e k="typeDesc_weeder" v="Striegel" />
  <e k="typeDesc_weight" v="Gewicht" />
  <e k="typeDesc_wheelLoader" v="Radlader" />
  <e k="typeDesc_wheelLoaderTool" v="Radlader Werkzeug" />
  <e k="typeDesc_windrower" v="Schwadkreisel" />
  <e k="typeDesc_woodCrusher" v="Häcksler" />
  <e k="typeDesc_woodHarvester" v="Harvester" />
  <e k="unit_areaShort" v="ha" />
  <e k="unit_bale" v="Ballen" />
  <e k="unit_decimalSymbol" v="," />
  <e k="unit_degreeCelsiusShort" v="°C" />
  <e k="unit_digitGroupingSymbol" v="." />
  <e k="unit_dollar" v="Dollar" />
  <e k="unit_dollarShort" v="$" />
  <e k="unit_euro" v="Euro" />
  <e k="unit_euroShort" v="€" />
  <e k="unit_km" v="Kilometer" />
  <e k="unit_kmh" v="km/h" />
  <e k="unit_kw" v="kW/h" />
  <e k="unit_liter" v="Liter" />
  <e k="unit_literShort" v="l" />
  <e k="unit_miles" v="Meilen" />
  <e k="unit_minutesShort" v="min." />
  <e k="unit_mph" v="mph" />
  <e k="unit_pieces" v="Stück" />
  <e k="unit_pound" v="Pfund" />
  <e k="unit_poundShort" v="£" />
  <e k="unit_timeShort" v="hh:mm" />
</l10n>