﻿<?xml version="1.0" encoding="utf-8"?>
<l10n>
  <e k="category_animals" v="Animais" />
  <e k="category_augerWagons" v="Atrelados autocarregadores" />
  <e k="category_baling" v="Tecnologia de fardos" />
  <e k="category_beetHarvesting" v="Colher beterrabas" />
  <e k="category_belts" v="Sistema de Correias" />
  <e k="category_cars" v="Carros" />
  <e k="category_chainsaws" v="Motosserras" />
  <e k="category_cultivators" v="Cultivadores" />
  <e k="category_cutterTrailers" v="Barras de corte atreladas" />
  <e k="category_cutters" v="Barras de corte" />
  <e k="category_dollys" v="Reboques" />
  <e k="category_feeding" v="Tecnologia de alimentação" />
  <e k="category_fertilizerSpreaders" v="Pulverizadores de fertilizante" />
  <e k="category_forageHarvesters" v="Ceifeiras de Forragem" />
  <e k="category_forageHarvestersCutters" v="Barras para c. de Forragem" />  <e k="category_forageHarvesterCutters" v="Barras para c. de Forragem" />
  <e k="category_frontLoaders" v="Carregadores frontais" />
  <e k="category_harvesters" v="Ceifeiras" />
  <e k="category_leveler" v="Niveladoras" />
  <e k="category_loaderWagons" v="Carregadores" />
  <e k="category_lowloaders" v="Atrelados Baixos" />
  <e k="category_manureSpreaders" v="Adubadoras" />
  <e k="category_misc" v="Vários" />
  <e k="category_mowers" v="Segadeiras" />
  <e k="category_pallets" v="Paletes" />
  <e k="category_placeables" v="Objetos colocáveis" />
  <e k="category_plows" v="Arados" />
  <e k="category_potatoHarvesting" v="Colher batatas" />
  <e k="category_sales" v="Promoções" />
  <e k="category_skidSteers" v="Carregadores Compactos" />
  <e k="category_slurryTanks" v="Tanques de fertilizante" />
  <e k="category_sowingMachines" v="Semeadeiras" />
  <e k="category_sprayers" v="Pulverizadores" />
  <e k="category_sugarCaneHarvesting" v="Colher cana-de-açúcar" />
  <e k="category_tedders" v="Máquinas de virar feno" />
  <e k="category_teleLoaders" v="Gruas telescópicas" />
  <e k="category_tippers" v="Atrelados basculantes" />
  <e k="category_tractors" v="Tratores" />
  <e k="category_trucks" v="Camiões" />
  <e k="category_weeders" v="Extratores" />
  <e k="category_weights" v="Pesos" />
  <e k="category_wheelLoaders" v="Pás carregadoras" />
  <e k="category_windrowers" v="Gadanheiras-fileira" />
  <e k="category_wood" v="Equipamento de silvicultura" />
  <e k="configuration_attacherJoint" v="Acopladores" />
  <e k="configuration_baseColor" v="Cor principal" />
  <e k="configuration_design" v="Design" />
  <e k="configuration_designColor" v="Cor do design" />
  <e k="configuration_frontloaderAttacher" v="Conector de Pá Carregadora" />
  <e k="configuration_inputAttacher3Point" v="3-Pontos" />
  <e k="configuration_inputAttacherFrontLoader" v="Carregador Frontal" />
  <e k="configuration_inputAttacherJoint" v="Tipo de acoplador" />
  <e k="configuration_inputAttacherSkidSteer" v="Carregador Compacto" />
  <e k="configuration_inputAttacherTeleLoaders" v="Grua telescópica" />
  <e k="configuration_inputAttacherWheelLoader" v="Pá Carregadora" />
  <e k="configuration_motorSetup" v="Configuração do motor" />
  <e k="configuration_rimColor" v="Cor das jantes" />
  <e k="configuration_trailerAttacherBack" v="+ acoplador traseiro" />
  <e k="configuration_valueBaleTrailer" v="Configuração dos fardos" />
  <e k="configuration_valueColor" v="Design" />
  <e k="configuration_valueCrawler" v="Rasto de Lagartas" />
  <e k="configuration_valueDefault" v="Normal" />
  <e k="configuration_valueDesign01" v="Design 1" />
  <e k="configuration_valueDesign02" v="Design 2" />
  <e k="configuration_valueDesign03" v="Design 3" />
  <e k="configuration_valueDesign04" v="Design 4" />
  <e k="configuration_valueDesign05" v="Design 5" />
  <e k="configuration_valueDesign06" v="Design 6" />
  <e k="configuration_valueDesign07" v="Design 7" />
  <e k="configuration_valueDesign08" v="Design 8" />
  <e k="configuration_valueDesign09" v="Design 9" />
  <e k="configuration_valueForestry" v="Silvicultura" />
  <e k="configuration_valueGT1" v="Lista GT única" />
  <e k="configuration_valueGT2" v="Lista GT dupla" />
  <e k="configuration_valueNewHolland" v="New Holland" />
  <e k="configuration_valueStealth" v="Furtividade" />
  <e k="configuration_valueTracks" v="Rasto de Lagartas" />
  <e k="configuration_valueTripleWheelsAll" v="Rodas triplas" />
  <e k="configuration_valueTwinWheelsAll" v="Rodas duplas" />
  <e k="configuration_valueTwinWheelsBack" v="Rodas duplas traseiras" />
  <e k="configuration_valueTwinWheelsFront" v="Rodas duplas dianteiras" />
  <e k="configuration_valueTwinWheelsNarrow" v="Rodas duplas estreitas" />
  <e k="configuration_valueVogelsangSynCut" v="Vogelsang SynCult" />
  <e k="configuration_valueWheelBroad" v="Pneus largos" />
  <e k="configuration_valueWheelNarrow" v="Pneus estreitos" />
  <e k="configuration_valueWheelWeights" v="Pesos de roda" />
  <e k="configuration_valueWhite" v="Normal" />
  <e k="configuration_valueWoodTrailer" v="Configuração da madeira" />
  <e k="configuration_wheelSetup" v="Configuração das rodas" />
  <e k="defaultSavegameName" v="O meu Jogo Guardado" />
  <e k="fillTypeGroup_base" v="Alimento base" />
  <e k="fillTypeGroup_bulk" v="Alimento base" />
  <e k="fillTypeGroup_earth" v="Frutos da terra" />
  <e k="fillTypeGroup_forage" v="Forragem" />
  <e k="fillTypeGroup_grain" v="Grãos" />
  <e k="fillTypeGroup_grass" v="Erva" />
  <e k="fillTypeGroup_power" v="Alimento especial" />
  <e k="fillTypeGroup_protein" v="Proteína" />
  <e k="fillTypeGroup_silage" v="Silagem" />
  <e k="fillType_barley" v="Cevada" />
  <e k="fillType_chaff" v="Restolho" />
  <e k="fillType_digestate" v="Biofertilizante" />
  <e k="fillType_dryGrass" v="Feno" />
  <e k="fillType_egg" v="Ovos" />
  <e k="fillType_fertilizer" v="Fertilizante" />
  <e k="fillType_forage" v="Ração mista total" />
  <e k="fillType_forage_mixing" v="Forragem" />
  <e k="fillType_fuel" v="Combustível" />
  <e k="fillType_grass" v="Erva" />
  <e k="fillType_liquidFertilizer" v="Fertilizante Líquido" />
  <e k="fillType_liquidManure" v="Fertilizante" />
  <e k="fillType_maize" v="Milho" />
  <e k="fillType_manure" v="Estrume" />
  <e k="fillType_milk" v="Leite" />
  <e k="fillType_oilRadish" v="Rabanete Japonês" />
  <e k="fillType_pigFood" v="Ração para Porcos" />
  <e k="fillType_pigFoodBase" v="Ração para Porcos (Base)" />
  <e k="fillType_pigFoodEarth" v="Ração para Porcos (Terra)" />
  <e k="fillType_pigFoodGrain" v="Ração para Porcos (Grãos)" />
  <e k="fillType_pigFoodProtein" v="Ração para Porcos (Proteína)" />
  <e k="fillType_poplar" v="Choupo" />
  <e k="fillType_potato" v="Batatas" />
  <e k="fillType_powerFood" v="Alimento especial" />
  <e k="fillType_rape" v="Canola" />
  <e k="fillType_roundBale" v="Fardo cilíndrico" />
  <e k="fillType_roundBaleBarley" v="Fardo cilíndrico de palha (cevada)" />
  <e k="fillType_roundBaleDryGrass" v="Fardo cilíndrico de feno" />
  <e k="fillType_roundBaleGrass" v="Fardo cilíndrico de erva" />
  <e k="fillType_roundBaleSilage" v="Fardo cilíndrico de silagem" />
  <e k="fillType_roundBaleWheat" v="Fardo cilíndrico de palha (trigo)" />
  <e k="fillType_seeds" v="Sementes" />
  <e k="fillType_silage" v="Silagem" />
  <e k="fillType_soybean" v="Soja" />
  <e k="fillType_squareBale" v="Fardo quadrado" />
  <e k="fillType_squareBaleBarley" v="Fardo quadrado de palha (cevada)" />
  <e k="fillType_squareBaleDryGrass" v="Fardo quadrado de feno" />
  <e k="fillType_squareBaleGrass" v="Fardo quadrado de erva" />
  <e k="fillType_squareBaleSilage" v="Fardo quadrado de silagem" />
  <e k="fillType_squareBaleWheat" v="Fardo quadrado de palha (trigo)" />
  <e k="fillType_straw" v="Palha" />
  <e k="fillType_sugarBeet" v="Beterraba" />
  <e k="fillType_sugarCane" v="Cana-de-açucar" />
  <e k="fillType_sunflower" v="Girassóis" />
  <e k="fillType_tarp" v="Tarp" />
  <e k="fillType_treeSaplings" v="Árvores jovens" />
  <e k="fillType_water" v="Água" />
  <e k="fillType_wheat" v="Trigo" />
  <e k="fillType_woodChips" v="Lascas de madeira" />
  <e k="fillType_wool" v="Lã" />
  <e k="function_augerWagon" v="Os atrelados autocarregadores são atrelados com o seu próprio sistema de distribuição em hélice. Podes usá-los para recolher a tua colheita e descarregá-la diretamente para outros atrelados." />
  <e k="function_baleStacker" v="Os coletores de fardos facilitam a recolha de fardos." />
  <e k="function_baleTrailer" v="Os atrelados de fardos são usados para transportar fardos." />
  <e k="function_baleWrapper" v="A enfardadeira enrola os fardos de capim numa película para que fermentem e se transformem em silagem." />
  <e k="function_baler" v="A enfardadeira recolhe palha, capim ou feno soltos e transforma-os em convenientes fardos." />
  <e k="function_beehive" v="Produz mel que é vendido automaticamente para ganhares dinheiro." />
  <e k="function_beltSystem" v="Os tapetes rolantes são uma maneira alternativa de carregar os teus atrelados." />
  <e k="function_beltSystemConnection" v="Os tapetes rolantes são uma maneira alternativa de carregar os teus atrelados." />
  <e k="function_beltSystemStart" v="Este tapete leva material do chão e carrega-o no próximo tapete rolante." />
  <e k="function_bigBagFertilizer" v="Os SacosGrandes são usados para reabastecer os teus espalhadores de fertilizante." />
  <e k="function_bigBagPigFood" v="Grânulos de alimento perfeitamente equilibradas para alimentares os teus porcos." />
  <e k="function_bigBagSeeds" v="Os SacosGrandes são usados para reabastecer as semeadoras." />
  <e k="function_car" v="Os carros permitem-te viajar rapidamente de A para B." />
  <e k="function_chainsaw" v="Podes cortar árvores com uma motosserra." />
  <e k="function_combine" v="As ceifeiras colhem os tipos de produtos indicados." />
  <e k="function_combineForage" v="As ceifeiras de forragem processam os tipos de frutos indicados." />
  <e k="function_combineNeedsCutter" v="As ceifeiras precisam de uma barra de corte para funcionar." />
  <e k="function_combineNeedsForageCutter" v="As ceifeiras de forragem precisam de uma barra de corte para funcionar." />
  <e k="function_cultivator" v="O cultivador prepara os campos para a próxima sementeira." />
  <e k="function_cutter" v="As barras de corte são acopladas às ceifeiras-debulhadoras." />
  <e k="function_cutterForage" v="As barras de corte são acopladas às ceifeiras de forragem." />
  <e k="function_cutterTrailer" v="Os atrelados de barras de corte podem transportar as barras em segurança na estrada. " />
  <e k="function_decoration" v="Objeto decorativo" />
  <e k="function_dolly" v="O dolly serve de ligação entre um semirreboque e um trator." />
  <e k="function_feeder" v="Uma misturada de forragem mistura silagem, feno e palha para fazer a Ração Mista Total (RMT, com 60% de alimento base e 40% de alimento especial) que pode alimentar as vacas." />
  <e k="function_feederBale" v="Esta máquina usa os fardos de palha para cobrir o solo da vacaria com palha." />
  <e k="function_fertilizer" v="Os pulverizadores de fertilizante melhoram as colheitas dos teus campos." />
  <e k="function_fillablePallet" v="Mudas de choupo. Carrega isto numa plantadora de árvores." />
  <e k="function_forageWagon" v="As forrageiras recolhem erva, feno ou palha. Também podem ser enchidas com restolho. " />
  <e k="function_forestryCutter" v="Esta máquina serve para derrubar árvores." />
  <e k="function_forestryPlanter" v="Esta máquina planta novas árvores no solo. Podes comprar paletes de árvores jovens na loja para encher esta plantadora." />
  <e k="function_forestryTransport" v="Este veículo serve para transportar troncos de árvores." />
  <e k="function_forestryTreeLimit" v="Nota: árvores muito grandes não podem ser processadas" />
  <e k="function_forestryWoodCrusher" v="Esta máquina desfaz os troncos em lascas." />
  <e k="function_frontloader" v="Os carregadores frontais são usados para empilhar e carregar vários produtos. Atenção: os carregadores frontais apenas podem ser acoplados a tratores específicos." />
  <e k="function_greenHouse" v="Produz vegetais que são vendidos automaticamente para ganhares dinheiro." />
  <e k="function_harvestingPotato" v="Esta colhedora escava as batatas do solo. Precisas de uma ceifeira de bulbos antes de usar esta máquina." />
  <e k="function_harvestingSelfPropelledPotato" v="Esta ceifeira motorizada colhe as batatas com uma só passagem." />
  <e k="function_harvestingSelfPropelledSugarbeet" v="Esta ceifeira motorizada colhe as beterrabas com uma só passagem." />
  <e k="function_harvestingSugarbeet" v="Esta colhedora escava as beterrabas do solo. Precisas de uma ceifeira de bulbos antes de usar esta máquina." />
  <e k="function_haulmTopperPotato" v="Antes de colheres as batatas tens de cortar as folhagens com uma ceifeira de bulbos como esta." />
  <e k="function_haulmTopperSugarbeet" v="Antes de colheres as beterrabas tens de cortar as folhagens com uma ceifeira de bulbos como esta." />
  <e k="function_hayStorage" v="Espaço de armazenamento para feno e palha." />
  <e k="function_heatingPlant" v="Largar lascas de madeira nesta estação de venda produz o calor e dá-te dinheiro." />
  <e k="function_highPressureWasher" v="Com esta máquina podes limpar veículos e ferramentas sujos." />
  <e k="function_leveler" v="As niveladoras são usadas para mover restolho e silagem e para nivelar as pilhas nos silos." />
  <e k="function_liquidFertilizerTank" v="Os Tanques de Fertilizante Líquido são usados reabastecer os teus pulverizadores." />
  <e k="function_livestockTrailer" v="Este atrelado é usado para transportar animais." />
  <e k="function_loadingVehicle" v="Esta máquina pode colher beterrabas do solo e colocá-las num atrelado." />
  <e k="function_lowLoader" v="Este atrelado pode transportar outros veículos." />
  <e k="function_manureSpreader" v="As adubadoras melhoram as colheitas dos teus campos." />
  <e k="function_mower" v="As segadeiras cortam a erva." />
  <e k="function_palletPacker" v="Carregar esta máquina com batatas ou beterrabas criará paletes bem compactadas que podes vender." />
  <e k="function_placeableChipper" v="Quaisquer troncos que ponhas nesta máquina são convertidos em lascas de madeira que são imediatamente vendidas à serração." />
  <e k="function_plough" v="Com um arado podes preparar os campos para a próxima sementeira e criar novos campos." />
  <e k="function_powerGenerator" v="Produz electricidade que é vendida automaticamente para ganhares dinheiro." />
  <e k="function_reverseDriveControl" v="Este veículo está equipado com controlo de tração de ré." />
  <e k="function_roller" v="Com esta máquina podes restaurar o solo ao seu estado inicial (apagar campos)." />
  <e k="function_saplingPallet" v="Esta palete de árvores jovens é usada para encher o plantador de árvores." />
  <e k="function_semiTrailer" v="Os semirreboques podem podem ser acoplados com um dolly." />
  <e k="function_siloExtension" v="Aumenta a capacidade de armazenamento dos teus silos. Tem de ser colocado perto dos silos da tua quinta." />
  <e k="function_skidsteer" v="Os Carregadores Compactos podem ser usados para empilhar e transportar vários produtos." />
  <e k="function_slurryContainer" v="O contentor é usado como um local de armazenamento provisório para o fertilizante." />
  <e k="function_slurrySpreader" v="As máquinas de fertilizante melhoram as colheitas dos teus campos." />
  <e k="function_sowingMachine" v="Podes lavrar os campos com uma semeadeira." />
  <e k="function_sowingMachineDirect" v="Além disso, esta máquina pode ainda semear diretamente sem ser necessário cultivar ou arar o campo." />
  <e k="function_sprayer" v="Os pulverizadores aumentam o nível de produção dos campos." />
  <e k="function_sprayerTank" v="Os depósitos adicionais aumentam a capacidade dos pulverizadores." />
  <e k="function_stumpCutter" v="Estas máquinas cortam cepos de árvores." />
  <e k="function_tank" v="Os depósitos transportam líquidos." />
  <e k="function_tedder" v="As máquinas de virar feno viram a erva para secar mais depressa." />
  <e k="function_telehandler" v="Os empilhadores telescópicos são usados para empilhar e carregar vários produtos." />
  <e k="function_tipper" v="Os atrelados basculantes são usados para transportar as colheitas." />
  <e k="function_tractor" v="Os tratores são necessários para puxar os atrelados e as ferramentas." />
  <e k="function_tractorFrontloader" v="Também podes acoplar um carregador frontal a este trator." />
  <e k="function_treeSaw" v="Podes cortar árvores com uma serra para árvores." />
  <e k="function_truck" v="Podes acoplar semirreboques a camiões." />
  <e k="function_waterTower" v="A torre da água pode fornecer água fresca aos teus tanques de água." />
  <e k="function_weeder" v="Os extratores tiram ervas daninhas entre as plantas pequenas, melhorando o estado do campo. Só podem ser utilizados nos primeiros estágios de crescimento das colheitas." />
  <e k="function_weight" v="Os pesos ajudam a manter as rodas do trator no solo e melhoram o seu equilíbrio." />
  <e k="function_wheelLoader" v="As pás carregadoras podem ser usadas para transportar vários produtos." />
  <e k="function_windrower" v="As gadanheiras-fileiras colocam a erva, o feno ou a palha em fileiras que podem depois ser recolhidas por forrageiras ou enfardadeiras." />
  <e k="function_workshop" v="Esta oficina permite-te criar uma área em qualquer lugar no mapa onde podes personalizar a tua maquinaria sem a necessidade de contratar um mecânico." />
  <e k="shopItem_ashTree" v="Freixo" />
  <e k="shopItem_beehive" v="Colmeia" />
  <e k="shopItem_bigBagFertilizer" v="Fertilizante Sólido" />
  <e k="shopItem_bigBagPigFood" v="Ração de Porco" />
  <e k="shopItem_bigBagSeeds" v="SacoGrande de Sementes" />
  <e k="shopItem_birchTree" v="Bétula" />
  <e k="shopItem_chicken" v="Galinha" />
  <e k="shopItem_cow" v="Vaca" />
  <e k="shopItem_firTree" v="Abeto" />
  <e k="shopItem_flieglSemitrailer" v="Atrelado rebaixado" />
  <e k="shopItem_flieglTimberRunner" v="Transportador de madeira" />
  <e k="shopItem_frontloaderBaleFork" v="Forquilha para fardos" />
  <e k="shopItem_frontloaderBaleGrab" v="Pinça para fardos revestidos" />
  <e k="shopItem_frontloaderLogFork" v="Forcado para troncos" />
  <e k="shopItem_frontloaderManureFork" v="Balde de estrume" />
  <e k="shopItem_frontloaderManureGrabFork" v="Forquilha com grifa" />
  <e k="shopItem_frontloaderPalletFork" v="Forquilha porta paletes" />
  <e k="shopItem_frontloaderRoundBaleFork" v="Pinça para fardos" />
  <e k="shopItem_frontloaderShovel" v="Pá Universal" />
  <e k="shopItem_frontloaderSilageCutter" v="Desensilagem" />
  <e k="shopItem_garantFieldContainer" v="Contentor de campo" />
  <e k="shopItem_garantTSA" v="Transportador de fertilizante" />
  <e k="shopItem_greenhouseLettuce" v="Estufa (alface)" />
  <e k="shopItem_greenhouseTomatoes" v="Estufa (tomates)" />
  <e k="shopItem_hayLoft" v="Palheiro" />
  <e k="shopItem_heatingPlant" v="Central de Aquecimento" />
  <e k="shopItem_highPressureWasher" v="Lavadora de alta pressão" />
  <e k="shopItem_kroneCutterTrailer" v="Barra de corte atrelada" />
  <e k="shopItem_liquidFertilizerTank" v="Fertilizante Líquido" />
  <e k="shopItem_mapleTree" v="Ácer" />
  <e k="shopItem_mobileFuelTank" v="Tanque de combustível móvel" />
  <e k="shopItem_oakTree" v="Carvalho" />
  <e k="shopItem_palletSaplings" v="Paletes com plantas de viveiro" />
  <e k="shopItem_palletSaplingsPoplar" v="Mudas de Choupo" />
  <e k="shopItem_picnicShelter01" v="Abrigo Retangular" />
  <e k="shopItem_picnicShelter02" v="Abrigo Redondo" />
  <e k="shopItem_pig" v="Porco" />
  <e k="shopItem_poplarTree" v="Choupo" />
  <e k="shopItem_sampoRosenlewC6Cutter" v="C6 Header" />
  <e k="shopItem_shack01" v="Cabana Pequena" />
  <e k="shopItem_shack02" v="Cabana Elevada" />
  <e k="shopItem_shack03" v="Barracão" />
  <e k="shopItem_shack04" v="Edifício de Serviços" />
  <e k="shopItem_sheep" v="Ovelha" />
  <e k="shopItem_siloExtensionLarge" v="Extensão Grande de Silo" />
  <e k="shopItem_siloExtensionSmall" v="Extensão Pequena de Silo" />
  <e k="shopItem_skidSteerBaleFork" v="Espigão para fardos" />
  <e k="shopItem_skidSteerLogFork" v="Forcado para Troncos" />
  <e k="shopItem_skidSteerManureFork" v="Forcado para Estrume" />
  <e k="shopItem_skidSteerPalletFork" v="Forcado para Paletes" />
  <e k="shopItem_skidSteerShovel" v="Balde Universal" />
  <e k="shopItem_skidSteerStumpCutter" v="Cortador de Tocos" />
  <e k="shopItem_solarCollector" v="Coletor solar" />
  <e k="shopItem_storageShelter01" v="Abrigo Grande" />
  <e k="shopItem_storageShelter02" v="Abrigo Pequeno" />
  <e k="shopItem_telehandlerBaleFork" v="Forcado para fardos" />
  <e k="shopItem_telehandlerBaleGrab" v="Carregador de fardos empacotados" />
  <e k="shopItem_telehandlerFork" v="Forcado para paletes" />
  <e k="shopItem_telehandlerLogFork" v="Forcado para troncos" />
  <e k="shopItem_telehandlerManureFork" v="Forcado para estrume" />
  <e k="shopItem_telehandlerShovel" v="Pá" />
  <e k="shopItem_vehicleShelter" v="Abrigo para Veículos" />
  <e k="shopItem_vehicleShelterLarge" v="Abrigo para Veículos (G)" />
  <e k="shopItem_vehicleShelterSmall" v="Abrigo para Veículos (P)" />
  <e k="shopItem_waterTower" v="Torre de Água" />
  <e k="shopItem_waterTrailer" v="Tanque de água móvel" />
  <e k="shopItem_wheelLoaderFork" v="Forcado" />
  <e k="shopItem_wheelLoaderLogFork" v="Forcado para troncos" />
  <e k="shopItem_wheelLoaderShovel" v="Pá" />
  <e k="shopItem_wheelLoaderSilageFork" v="Forcado para silagem" />
  <e k="shopItem_windTurbine" v="Aerogerador" />
  <e k="shopItem_workshop" v="Oficina de Veículos" />
  <e k="shop_age" v="%s dias" />
  <e k="shop_brand" v="Marcas" />
  <e k="shop_capacity" v="Capacidade:" />
  <e k="shop_capacityValue" v="%s %s" />
  <e k="shop_category" v="Categoria" />
  <e k="shop_combinations" v="Adequado para:" />
  <e k="shop_configuration" v="Configuração" />
  <e k="shop_configurationPriceBase" v="Preço base" />
  <e k="shop_configurationPriceOptions" v="Opções" />
  <e k="shop_configurationPriceTotal" v="Preço total" />
  <e k="shop_configurationTitle" v="Opções e Melhoramentos" />
  <e k="shop_costsBase" v="Custos base" />
  <e k="shop_costsPerDay" v="Por dia" />
  <e k="shop_costsPerOperatingHour" v="Por hora de operação" />
  <e k="shop_doYouWantToBuy" v="Queres comprar por %s?" />
  <e k="shop_doYouWantToLease" v="Queres alugar por %s?" />
  <e k="shop_fee" v="Taxa" />
  <e k="shop_fruitTypes" v="Tipos de produto" />
  <e k="shop_fuelValue" v="%d %s" />
  <e k="shop_income" v="Receitas:" />
  <e k="shop_incomeValue" v="%s / hora" />
  <e k="shop_initialCosts" v="Custo inicial" />
  <e k="shop_leasedItems" v="Itens Alugados" />
  <e k="shop_maintenance" v="Manutenção:" />
  <e k="shop_maintenanceValue" v="%s / dia" />
  <e k="shop_maxPower" v="Potência máx:" />
  <e k="shop_maxPowerValue" v="%s kW / %s cv" />
  <e k="shop_maxSpeed" v="%s %s" />
  <e k="shop_neededPower" v="Potência mín:" />
  <e k="shop_neededPowerValue" v="%s kW / %s cv" />
  <e k="shop_noConfigsAvailable" v="Nenhuma melhoria disponível!" />
  <e k="shop_noVehicles" v="Não há veículos disponíveis!" />
  <e k="shop_operatingTime" v="%d.%d h" />
  <e k="shop_ownedItems" v="Itens possuídos" />
  <e k="shop_saleRemaingHours" v="Promoção termina daqui a:" />
  <e k="shop_saleRemaingHoursValue" v="%d h" />
  <e k="shop_transportationFee" v="Uma taxa do transporte é aplicada se não transportares os animais com o teu próprio atrelado para animais!" />
  <e k="shop_usage" v="Utilização:" />
  <e k="shop_workingWidth" v="Largura:" />
  <e k="shop_workingWidthValue" v="%s m" />
  <e k="shop_youLease" v="Alugaste" />
  <e k="shop_youOwn" v="Possuis" />
  <e k="typeDesc_augerWagon" v="atrelado autocarregador" />
  <e k="typeDesc_baleLoader" v="carregador de fardos" />
  <e k="typeDesc_baleTrailer" v="Atrelado para fardos" />
  <e k="typeDesc_baleWrapper" v="embaladora de fardos" />
  <e k="typeDesc_baler" v="enfardadeira" />
  <e k="typeDesc_belt" v="correia" />
  <e k="typeDesc_car" v="carro" />
  <e k="typeDesc_combine" v="Ceifeira Combinada" />
  <e k="typeDesc_cornCutter" v="cabeça colhedora de milho" />
  <e k="typeDesc_cultivator" v="cultivador" />
  <e k="typeDesc_cutter" v="barra de corte" />
  <e k="typeDesc_cutterTrailer" v="barra de corte atrelada" />
  <e k="typeDesc_defoliator" v="desfolhadora" />
  <e k="typeDesc_fertilizerSpreader" v="pulverizador de fertilizante" />
  <e k="typeDesc_forageWagon" v="forrageira" />
  <e k="typeDesc_forwarder" v="carregador de troncos" />
  <e k="typeDesc_frontloader" v="carregador" />
  <e k="typeDesc_frontloaderTool" v="ferramenta carregadora" />
  <e k="typeDesc_greenhouse" v="estufa" />
  <e k="typeDesc_harvester" v="ceifeira" />
  <e k="typeDesc_haulmTopper" v="ceifeira de bulbos" />
  <e k="typeDesc_highPressureWasher" v="Lavadora de alta pressão" />
  <e k="typeDesc_leveler" v="Niveladora" />
  <e k="typeDesc_livestockTrailer" v="atrelado para gado" />
  <e k="typeDesc_loaderVehicle" v="a carregar veículo" />
  <e k="typeDesc_lowLoader" v="atrelado rebaixado" />
  <e k="typeDesc_manureBarrel" v="tanque de fertilizante" />
  <e k="typeDesc_manureSpreader" v="adubadora" />
  <e k="typeDesc_mixerWagon" v="misturadora" />
  <e k="typeDesc_mower" v="segadeira" />
  <e k="typeDesc_pickup" v="captador" />
  <e k="typeDesc_planter" v="plantadora" />
  <e k="typeDesc_plough" v="arado" />
  <e k="typeDesc_plow" v="protetor" />
  <e k="typeDesc_roller" v="Rolo" />
  <e k="typeDesc_skidSteerTool" v="ferramenta de carregamento" />
  <e k="typeDesc_sowingMachine" v="semeadora" />
  <e k="typeDesc_sprayer" v="pulverizador" />
  <e k="typeDesc_sprayerTank" v="tanque adicional" />
  <e k="typeDesc_strawBlower" v="soprador" />
  <e k="typeDesc_stumpCutter" v="moedor de cepos" />
  <e k="typeDesc_tedder" v="máquina de virar feno" />
  <e k="typeDesc_telehandler" v="gruas telescópicas" />
  <e k="typeDesc_telehandlerTool" v="ferramenta de grua telescópica" />
  <e k="typeDesc_timberTrailer" v="Autocarregador de troncos" />
  <e k="typeDesc_tipper" v="atrelado basculante" />
  <e k="typeDesc_tractor" v="trator" />
  <e k="typeDesc_trailer" v="atrelado" />
  <e k="typeDesc_treePlanter" v="plantadora de árvores" />
  <e k="typeDesc_treeSaw" v="serra para árvores" />
  <e k="typeDesc_truck" v="camião" />
  <e k="typeDesc_waterTrailer" v="atrelado para água" />
  <e k="typeDesc_weeder" v="extrator" />
  <e k="typeDesc_weight" v="peso" />
  <e k="typeDesc_wheelLoader" v="carregador" />
  <e k="typeDesc_wheelLoaderTool" v="ferramenta do carregador" />
  <e k="typeDesc_windrower" v="gadanheira-fileira" />
  <e k="typeDesc_woodCrusher" v="Triturador de madeira" />
  <e k="typeDesc_woodHarvester" v="Ceifeira de madeira" />
  <e k="unit_areaShort" v="ha" />
  <e k="unit_bale" v="fardos" />
  <e k="unit_decimalSymbol" v="," />
  <e k="unit_degreeCelsiusShort" v="°C" />
  <e k="unit_digitGroupingSymbol" v="." />
  <e k="unit_dollar" v="Dólar" />
  <e k="unit_dollarShort" v="$" />
  <e k="unit_euro" v="Euro" />
  <e k="unit_euroShort" v="€" />
  <e k="unit_km" v="Quilómetros" />
  <e k="unit_kmh" v="km/h" />
  <e k="unit_kw" v="kW/h" />
  <e k="unit_liter" v="litros" />
  <e k="unit_literShort" v="l" />
  <e k="unit_miles" v="Milhas" />
  <e k="unit_minutesShort" v="min." />
  <e k="unit_mph" v="mph" />
  <e k="unit_pieces" v="pedaços" />
  <e k="unit_pound" v="Libra" />
  <e k="unit_poundShort" v="£" />
  <e k="unit_timeShort" v="hh:mm" />
</l10n>