﻿<?xml version="1.0" encoding="utf-8"?>
<l10n>
  <e k="category_animals" v="牲畜" />
  <e k="category_augerWagons" v="钻车" />
  <e k="category_baling" v="打捆工艺" />
  <e k="category_beetHarvesting" v="收获甜菜" />
  <e k="category_belts" v="传送带系统" />
  <e k="category_cars" v="汽车" />
  <e k="category_chainsaws" v="电锯" />
  <e k="category_cultivators" v="中耕机" />
  <e k="category_cutterTrailers" v="切割刀型拖车" />
  <e k="category_cutters" v="切割刀" />
  <e k="category_dollys" v="台车" />
  <e k="category_feeding" v="饲养工艺" />
  <e k="category_fertilizerSpreaders" v="肥料喷洒机" />
  <e k="category_forageHarvesters" v="牧草收割机" />
  <e k="category_forageHarvestersCutters" v="牧草收割机割台" />  <e k="category_forageHarvesterCutters" v="牧草收割机割台" />
  <e k="category_frontLoaders" v="前置装载机" />
  <e k="category_harvesters" v="收割机" />
  <e k="category_leveler" v="轧平机" />
  <e k="category_loaderWagons" v="装载车" />
  <e k="category_lowloaders" v="低架装载车" />
  <e k="category_manureSpreaders" v="粪肥喷洒机" />
  <e k="category_misc" v="杂项" />
  <e k="category_mowers" v="割草机" />
  <e k="category_pallets" v="货盘" />
  <e k="category_placeables" v="可放置的物体" />
  <e k="category_plows" v="犁" />
  <e k="category_potatoHarvesting" v="收获土豆" />
  <e k="category_sales" v="出售" />
  <e k="category_skidSteers" v="滑移式装载车" />
  <e k="category_slurryTanks" v="泥浆槽" />
  <e k="category_sowingMachines" v="播种机" />
  <e k="category_sprayers" v="喷雾器" />
  <e k="category_sugarCaneHarvesting" v="甘蔗收割" />
  <e k="category_tedders" v="翻晒机" />
  <e k="category_teleLoaders" v="伸缩臂叉车 " />
  <e k="category_tippers" v="翻斗车" />
  <e k="category_tractors" v="拖拉机" />
  <e k="category_trucks" v="拖拉机" />
  <e k="category_weeders" v="除草机" />
  <e k="category_weights" v="料筒（重量）" />
  <e k="category_wheelLoaders" v="轮式装载机" />
  <e k="category_windrowers" v="堆行机" />
  <e k="category_wood" v="林业设备" />
  <e k="configuration_attacherJoint" v="联结器" />
  <e k="configuration_baseColor" v="主色" />
  <e k="configuration_design" v="设计" />
  <e k="configuration_designColor" v="设计颜色" />
  <e k="configuration_frontloaderAttacher" v="前端装载机拖挂器" />
  <e k="configuration_inputAttacher3Point" v="三点式" />
  <e k="configuration_inputAttacherFrontLoader" v="前端装载机" />
  <e k="configuration_inputAttacherJoint" v="联结器類型" />
  <e k="configuration_inputAttacherSkidSteer" v="滑移式装载机" />
  <e k="configuration_inputAttacherTeleLoaders" v="伸缩臂叉车" />
  <e k="configuration_inputAttacherWheelLoader" v="斗轮式装载机" />
  <e k="configuration_motorSetup" v="引擎设置" />
  <e k="configuration_rimColor" v="边缘颜色" />
  <e k="configuration_trailerAttacherBack" v="+ 后端联结器" />
  <e k="configuration_valueBaleTrailer" v="草垛设置" />
  <e k="configuration_valueColor" v="设计" />
  <e k="configuration_valueCrawler" v="履带车辙" />
  <e k="configuration_valueDefault" v="标准" />
  <e k="configuration_valueDesign01" v="设计 1" />
  <e k="configuration_valueDesign02" v="设计 2" />
  <e k="configuration_valueDesign03" v="设计 3" />
  <e k="configuration_valueDesign04" v="设计 4" />
  <e k="configuration_valueDesign05" v="设计 5" />
  <e k="configuration_valueDesign06" v="设计 6" />
  <e k="configuration_valueDesign07" v="设计 7" />
  <e k="configuration_valueDesign08" v="设计 8" />
  <e k="configuration_valueDesign09" v="设计 9" />
  <e k="configuration_valueForestry" v="林业" />
  <e k="configuration_valueGT1" v="单 GT 条纹" />
  <e k="configuration_valueGT2" v="双 GT 条纹" />
  <e k="configuration_valueNewHolland" v="新荷兰" />
  <e k="configuration_valueStealth" v="隐身" />
  <e k="configuration_valueTracks" v="履带车辙" />
  <e k="configuration_valueTripleWheelsAll" v="三轮" />
  <e k="configuration_valueTwinWheelsAll" v="双轮" />
  <e k="configuration_valueTwinWheelsBack" v="后置双轮" />
  <e k="configuration_valueTwinWheelsFront" v="前置双轮" />
  <e k="configuration_valueTwinWheelsNarrow" v="窄双轮" />
  <e k="configuration_valueVogelsangSynCut" v="Vogelsang SynCult" />
  <e k="configuration_valueWheelBroad" v="宽胎" />
  <e k="configuration_valueWheelNarrow" v="窄胎" />
  <e k="configuration_valueWheelWeights" v="轮上配重" />
  <e k="configuration_valueWhite" v="标准" />
  <e k="configuration_valueWoodTrailer" v="木材设置" />
  <e k="configuration_wheelSetup" v="车轮设置" />
  <e k="defaultSavegameName" v="我的游戏存档" />
  <e k="fillTypeGroup_base" v="基础食物" />
  <e k="fillTypeGroup_bulk" v="基础食物" />
  <e k="fillTypeGroup_earth" v="农作物" />
  <e k="fillTypeGroup_forage" v="牧草" />
  <e k="fillTypeGroup_grain" v="谷物" />
  <e k="fillTypeGroup_grass" v="青草" />
  <e k="fillTypeGroup_power" v="威力食物" />
  <e k="fillTypeGroup_protein" v="蛋白质" />
  <e k="fillTypeGroup_silage" v="青贮饲料" />
  <e k="fillType_barley" v="大麦" />
  <e k="fillType_chaff" v="糠" />
  <e k="fillType_digestate" v="沼渣" />
  <e k="fillType_dryGrass" v="干草" />
  <e k="fillType_egg" v="鸡蛋" />
  <e k="fillType_fertilizer" v="肥料" />
  <e k="fillType_forage" v="全混合日粮" />
  <e k="fillType_forage_mixing" v="饲料" />
  <e k="fillType_fuel" v="燃料" />
  <e k="fillType_grass" v="牧草" />
  <e k="fillType_liquidFertilizer" v="液体肥" />
  <e k="fillType_liquidManure" v="泥浆" />
  <e k="fillType_maize" v="玉米" />
  <e k="fillType_manure" v="粪肥" />
  <e k="fillType_milk" v="牛奶" />
  <e k="fillType_oilRadish" v="白萝卜" />
  <e k="fillType_pigFood" v="猪饲料" />
  <e k="fillType_pigFoodBase" v="猪饲料 (基础)" />
  <e k="fillType_pigFoodEarth" v="猪饲料 (作物)" />
  <e k="fillType_pigFoodGrain" v="猪饲料 (谷物)" />
  <e k="fillType_pigFoodProtein" v="猪饲料 (蛋白质)" />
  <e k="fillType_poplar" v="白杨树" />
  <e k="fillType_potato" v="土豆" />
  <e k="fillType_powerFood" v="威力食物" />
  <e k="fillType_rape" v="油菜" />
  <e k="fillType_roundBale" v="圆草垛" />
  <e k="fillType_roundBaleBarley" v="稻草圆草垛 (大麦)" />
  <e k="fillType_roundBaleDryGrass" v="甘草圆草垛" />
  <e k="fillType_roundBaleGrass" v="青草圆草垛" />
  <e k="fillType_roundBaleSilage" v="青贮饲料圆草垛" />
  <e k="fillType_roundBaleWheat" v="稻草圆草垛 (小麦)" />
  <e k="fillType_seeds" v="种子" />
  <e k="fillType_silage" v="青贮饲料" />
  <e k="fillType_soybean" v="大豆" />
  <e k="fillType_squareBale" v="方草垛" />
  <e k="fillType_squareBaleBarley" v="稻草方草垛 (大麦)" />
  <e k="fillType_squareBaleDryGrass" v="甘草方草垛" />
  <e k="fillType_squareBaleGrass" v="青草方草垛" />
  <e k="fillType_squareBaleSilage" v="青贮饲料方草垛" />
  <e k="fillType_squareBaleWheat" v="稻草方草垛 (小麦)" />
  <e k="fillType_straw" v="秸秆" />
  <e k="fillType_sugarBeet" v="甜菜" />
  <e k="fillType_sugarCane" v="甘蔗" />
  <e k="fillType_sunflower" v="向日葵" />
  <e k="fillType_tarp" v="Tarp" />
  <e k="fillType_treeSaplings" v="树苗" />
  <e k="fillType_water" v="水" />
  <e k="fillType_wheat" v="小麦" />
  <e k="fillType_woodChips" v="木屑" />
  <e k="fillType_wool" v="羊毛" />
  <e k="function_augerWagon" v="钻车（也叫箱式拖车）配有螺旋输送机。你可以用它储存玉米，然后直接把货卸在拖车上。" />
  <e k="function_baleStacker" v="草捆收集机让草捆的收集变得非常方便。" />
  <e k="function_baleTrailer" v="草捆拖车用于运输草捆。" />
  <e k="function_baleWrapper" v="草垛打包机用铝箔包装草垛，以利草料发酵成青贮饲料。" />
  <e k="function_baler" v="捆草机将松散的稻草、青草或干草扎成捆方便运载。" />
  <e k="function_beehive" v="生产蜂蜜后可自动卖出而获利。" />
  <e k="function_beltSystem" v="输送带是将作物装入拖车的另一个方法。" />
  <e k="function_beltSystemConnection" v="输送带是将作物装入拖车的另一个方法。" />
  <e k="function_beltSystemStart" v="此输送带会从地面上采取原料并装载到下个输送带。" />
  <e k="function_bigBagFertilizer" v="大袋子用来补充您的施肥机。" />
  <e k="function_bigBagPigFood" v="喂养猪只的均衡食物丸。" />
  <e k="function_bigBagSeeds" v="大袋子用来补充您的播种机。" />
  <e k="function_car" v="驾驶车辆可以让你很快从 A 地到达 B 地。" />
  <e k="function_chainsaw" v="使用电锯可以砍伐树木。" />
  <e k="function_combine" v="联合收割机用于收割特定种类的水果。" />
  <e k="function_combineForage" v="草糧收割机用于收割特定种类的水果。" />
  <e k="function_combineNeedsCutter" v="联合收割机的正常运行还需要连接一个合适的切割刀。" />
  <e k="function_combineNeedsForageCutter" v="草糧收割机的正常运行还需要连接一个合适的切割刀。" />
  <e k="function_cultivator" v="中耕机用于耕田松土，为下一轮的播种做好准备。" />
  <e k="function_cutter" v="切割刀是装在联合收割机上的。" />
  <e k="function_cutterForage" v="切割刀是装在草糧收割机上的。" />
  <e k="function_cutterTrailer" v="切割刀型拖车可以带着切割刀在路上安全地行驶。" />
  <e k="function_decoration" v="装饰物件" />
  <e k="function_dolly" v="台车就是半挂车和拖拉机之间的连接器。" />
  <e k="function_feeder" v="草粮混合车将青贮饲料、干草和稻草混合成全混合日粮 (内含 60% 的基础食物和 40% 的威力食物)，可用来喂食乳牛。" />
  <e k="function_feederBale" v="此农机会铲起秸秆捆，并把它们铺在奶牛棚的地面上。" />
  <e k="function_fertilizer" v="肥料喷洒机可以增加你田地的收成。" />
  <e k="function_fillablePallet" v="白杨树幼苗。将此幼苗装入植树机。" />
  <e k="function_forageWagon" v="饲料车用于收集青草，干草或者秸秆。也可以装载糠壳。" />
  <e k="function_forestryCutter" v="此农机用于伐树。" />
  <e k="function_forestryPlanter" v="这台机具用于在地面种植新的树。您可以在商店购买育苗拖架来填满这辆植树机。" />
  <e k="function_forestryTransport" v="此农机用于运输圆木。" />
  <e k="function_forestryTreeLimit" v="注意：无法处理过于庞大的树" />
  <e k="function_forestryWoodCrusher" v="此农机用于将树干劈成木块。" />
  <e k="function_frontloader" v="前端装载机用于堆叠和装载各种货物。 请注意：只有特定的拖拉机才能连接前置装载机。" />
  <e k="function_greenHouse" v="生产蔬菜后可自动卖出而获利。" />
  <e k="function_harvestingPotato" v="这架收割机会将土豆从土里挖出。注意，在使用此农机前需要用除茎叶机除去土豆的茎叶。" />
  <e k="function_harvestingSelfPropelledPotato" v="这架自动收割机会一次性收集所有土豆。" />
  <e k="function_harvestingSelfPropelledSugarbeet" v="这架自动收割机会一次性收集所有甜菜。" />
  <e k="function_harvestingSugarbeet" v="这架收割机会将甜菜从土里挖出。注意，在使用此农机前需要用除茎叶机除去甜菜的茎叶。" />
  <e k="function_haulmTopperPotato" v="收获土豆之前，要用这样的除茎叶机将土豆的茎叶去除。" />
  <e k="function_haulmTopperSugarbeet" v="收获甜菜之前，要用这样的除茎叶机将甜菜的茎叶去除。" />
  <e k="function_hayStorage" v="储藏干草与秸秆的空间。" />
  <e k="function_heatingPlant" v="将木屑倒在此销售站可产生热能而获利。" />
  <e k="function_highPressureWasher" v="使用此机器可以清洗农机和工具上的尘土。" />
  <e k="function_leveler" v="轧平机用来转移粗糠和青贮饲料，并轧平青贮窖里的堆料。" />
  <e k="function_liquidFertilizerTank" v="液体肥料罐用来补充您的喷肥机。" />
  <e k="function_livestockTrailer" v="这辆拖车用来运输动物。" />
  <e k="function_loadingVehicle" v="这台机器可以从地里收集甜菜，并把它们倒进拖车。" />
  <e k="function_lowLoader" v="此拖车可运输其它农机。" />
  <e k="function_manureSpreader" v="粪肥可以增加你田地的收成。" />
  <e k="function_mower" v="割草机用于除草。" />
  <e k="function_palletPacker" v="将此机器装满土豆或甜菜可产生成架的作物方便出售。" />
  <e k="function_placeableChipper" v="放入此机器的木材都会变成木屑，可立即卖到锯木厂。" />
  <e k="function_plough" v="犁可以用来犁田，为下一轮播种做好准备；或者开辟新的田地。" />
  <e k="function_powerGenerator" v="生产能源后可自动卖出而获利。" />
  <e k="function_reverseDriveControl" v="此机具配备反向驱动控制。" />
  <e k="function_roller" v="有了这台机器，您可以将地面恢复到初始状态（删除田地）。" />
  <e k="function_saplingPallet" v="这盘树苗用于装填植树机。" />
  <e k="function_semiTrailer" v="半挂车可以用一个台车连接到其它部件。" />
  <e k="function_siloExtension" v="可增加青贮塔的储藏容量。请放在农场青贮塔旁。" />
  <e k="function_skidsteer" v="滑移式装载机用于堆叠和装卸各种货物。" />
  <e k="function_slurryContainer" v="现场集装箱用于临时储存泥浆。" />
  <e k="function_slurrySpreader" v="泥浆喷洒机可以增加你田地的收成。" />
  <e k="function_sowingMachine" v="播种机也可以耕田。" />
  <e k="function_sowingMachineDirect" v="另外，此农机为你提供了直接播种的便利（之前不用做必要的中耕或者犁田工作）。" />
  <e k="function_sprayer" v="喷洒机可以增加田地的产量。" />
  <e k="function_sprayerTank" v="额外的料槽可以增加喷雾器的容量。" />
  <e k="function_stumpCutter" v="此农机用于砍伐树桩。" />
  <e k="function_tank" v="料槽用于运输液体。" />
  <e k="function_tedder" v="翻晒机用于将青草反面，使其快速干燥。" />
  <e k="function_telehandler" v="伸缩臂叉车用于堆叠和装卸各种货物。 " />
  <e k="function_tipper" v="翻斗车/拖车用于运输收割的谷物。" />
  <e k="function_tractor" v="拖拉机用于牵引拖车和工具。" />
  <e k="function_tractorFrontloader" v="此拖拉机也能连接前置装载机。" />
  <e k="function_treeSaw" v="您可以用树锯砍伐树木。" />
  <e k="function_truck" v="拖拉机可以连接半挂车。" />
  <e k="function_waterTower" v="水塔可为您的水槽供应干净的水。" />
  <e k="function_weeder" v="除草机可以将小型成熟作物之间的野草拔除，改善田地的状态。它只能在作物的第一个种植阶段进行使用。" />
  <e k="function_weight" v="料筒的重量可以让农机四轮贴地，保持平衡。" />
  <e k="function_wheelLoader" v="轮式装载机的铲车可以用来运输各种货物。" />
  <e k="function_windrower" v="堆行机将草，干草或者秸秆按序堆叠，随后由饲料车或者打捆机将这些干草铲起。" />
  <e k="function_workshop" v="本车间可让您在地图上任何一个地方建立一个可自行自定义机具的地点，无须再付费雇用技师。" />
  <e k="shopItem_ashTree" v="灰烬" />
  <e k="shopItem_beehive" v="蜂房" />
  <e k="shopItem_bigBagFertilizer" v="大袋固体肥料" />
  <e k="shopItem_bigBagPigFood" v="大袋猪饲料" />
  <e k="shopItem_bigBagSeeds" v="大袋种子" />
  <e k="shopItem_birchTree" v="桦树" />
  <e k="shopItem_chicken" v="鸡" />
  <e k="shopItem_cow" v="奶牛" />
  <e k="shopItem_firTree" v="冷杉" />
  <e k="shopItem_flieglSemitrailer" v="轻型装载机" />
  <e k="shopItem_flieglTimberRunner" v="木材运输车" />
  <e k="shopItem_frontloaderBaleFork" v="草垛" />
  <e k="shopItem_frontloaderBaleGrab" v="包装草捆堆垛机" />
  <e k="shopItem_frontloaderLogFork" v="圆木叉" />
  <e k="shopItem_frontloaderManureFork" v="粪叉" />
  <e k="shopItem_frontloaderManureGrabFork" v="钩叉" />
  <e k="shopItem_frontloaderPalletFork" v="货盘叉" />
  <e k="shopItem_frontloaderRoundBaleFork" v="圆草捆叉" />
  <e k="shopItem_frontloaderShovel" v="通用铲斗" />
  <e k="shopItem_frontloaderSilageCutter" v="青贮谷物切割刀" />
  <e k="shopItem_garantFieldContainer" v="现场集装箱" />
  <e k="shopItem_garantTSA" v="TSA 泥浆运输车" />
  <e k="shopItem_greenhouseLettuce" v="温室（生菜）" />
  <e k="shopItem_greenhouseTomatoes" v="温室（西红柿）" />
  <e k="shopItem_hayLoft" v="甘草棚" />
  <e k="shopItem_heatingPlant" v="发热站" />
  <e k="shopItem_highPressureWasher" v="高压水枪" />
  <e k="shopItem_kroneCutterTrailer" v="切割刀型拖车" />
  <e k="shopItem_liquidFertilizerTank" v="液体肥料罐" />
  <e k="shopItem_mapleTree" v="枫树" />
  <e k="shopItem_mobileFuelTank" v="车载式燃料箱" />
  <e k="shopItem_oakTree" v="橡树" />
  <e k="shopItem_palletSaplings" v="育苗托盘" />
  <e k="shopItem_palletSaplingsPoplar" v="白杨树苗种盘" />
  <e k="shopItem_picnicShelter01" v="长方野餐亭" />
  <e k="shopItem_picnicShelter02" v="圆形野餐亭" />
  <e k="shopItem_pig" v="猪" />
  <e k="shopItem_poplarTree" v="杨树" />
  <e k="shopItem_sampoRosenlewC6Cutter" v="C6 Header" />
  <e k="shopItem_shack01" v="小屋" />
  <e k="shopItem_shack02" v="高架屋" />
  <e k="shopItem_shack03" v="小木屋" />
  <e k="shopItem_shack04" v="公用事业楼" />
  <e k="shopItem_sheep" v="绵羊" />
  <e k="shopItem_siloExtensionLarge" v="大型青贮窖扩展" />
  <e k="shopItem_siloExtensionSmall" v="小型青贮窖扩展" />
  <e k="shopItem_skidSteerBaleFork" v="草垛叉" />
  <e k="shopItem_skidSteerLogFork" v="原木叉" />
  <e k="shopItem_skidSteerManureFork" v="堆肥叉" />
  <e k="shopItem_skidSteerPalletFork" v="货叉" />
  <e k="shopItem_skidSteerShovel" v="万用桶" />
  <e k="shopItem_skidSteerStumpCutter" v="树桩粉碎机" />
  <e k="shopItem_solarCollector" v="太阳能板" />
  <e k="shopItem_storageShelter01" v="大仓库" />
  <e k="shopItem_storageShelter02" v="小仓库" />
  <e k="shopItem_telehandlerBaleFork" v="草垛叉" />
  <e k="shopItem_telehandlerBaleGrab" v="草垛包搬运机" />
  <e k="shopItem_telehandlerFork" v="货叉" />
  <e k="shopItem_telehandlerLogFork" v="圆木叉" />
  <e k="shopItem_telehandlerManureFork" v="粪叉" />
  <e k="shopItem_telehandlerShovel" v="铁锹" />
  <e k="shopItem_vehicleShelter" v="停车处" />
  <e k="shopItem_vehicleShelterLarge" v="大型机具停放处" />
  <e k="shopItem_vehicleShelterSmall" v="小型机具停放处" />
  <e k="shopItem_waterTower" v="水塔" />
  <e k="shopItem_waterTrailer" v="车载式水箱" />
  <e k="shopItem_wheelLoaderFork" v="叉子" />
  <e k="shopItem_wheelLoaderLogFork" v="圆木叉" />
  <e k="shopItem_wheelLoaderShovel" v="铁锹" />
  <e k="shopItem_wheelLoaderSilageFork" v="青贮饲料叉" />
  <e k="shopItem_windTurbine" v="风力转换器" />
  <e k="shopItem_workshop" v="车间" />
  <e k="shop_age" v="%s 天" />
  <e k="shop_brand" v="品牌" />
  <e k="shop_capacity" v="容量：" />
  <e k="shop_capacityValue" v="%s %s" />
  <e k="shop_category" v="类型" />
  <e k="shop_combinations" v="适用于：" />
  <e k="shop_configuration" v="设置" />
  <e k="shop_configurationPriceBase" v="基础价格" />
  <e k="shop_configurationPriceOptions" v="选项" />
  <e k="shop_configurationPriceTotal" v="总价" />
  <e k="shop_configurationTitle" v="选项与升级" />
  <e k="shop_costsBase" v="基础花费" />
  <e k="shop_costsPerDay" v="每天" />
  <e k="shop_costsPerOperatingHour" v="每工时" />
  <e k="shop_doYouWantToBuy" v="您想要以 %s 的价格购买吗？" />
  <e k="shop_doYouWantToLease" v="您想要以 %s 的价格租赁吗？" />
  <e k="shop_fee" v="费用" />
  <e k="shop_fruitTypes" v="水果类型" />
  <e k="shop_fuelValue" v="%d %s" />
  <e k="shop_income" v="收入：" />
  <e k="shop_incomeValue" v="%s / 小时" />
  <e k="shop_initialCosts" v="初始花费" />
  <e k="shop_leasedItems" v="已租赁项目" />
  <e k="shop_maintenance" v="维修：" />
  <e k="shop_maintenanceValue" v="%s / 天" />
  <e k="shop_maxPower" v="最大马力：" />
  <e k="shop_maxPowerValue" v="%s 千瓦 / %s 马力" />
  <e k="shop_maxSpeed" v="%s %s" />
  <e k="shop_neededPower" v="马力需求：" />
  <e k="shop_neededPowerValue" v="%s 千瓦 / %s 马力" />
  <e k="shop_noConfigsAvailable" v="目前没有升级可用！" />
  <e k="shop_noVehicles" v="没有可用农机！" />
  <e k="shop_operatingTime" v="%d.%d 小时" />
  <e k="shop_ownedItems" v="已拥有项目" />
  <e k="shop_saleRemaingHours" v="出售截止期限：" />
  <e k="shop_saleRemaingHoursValue" v="%d 小时" />
  <e k="shop_transportationFee" v="如果您不使用自己的动物拖车运输动物，将会产生运输费。" />
  <e k="shop_usage" v="使用用途：" />
  <e k="shop_workingWidth" v="工作半径：" />
  <e k="shop_workingWidthValue" v="%s 米" />
  <e k="shop_youLease" v="您租了" />
  <e k="shop_youOwn" v="你拥有" />
  <e k="typeDesc_augerWagon" v="钻车" />
  <e k="typeDesc_baleLoader" v="草捆装载机" />
  <e k="typeDesc_baleTrailer" v="草垛拖车" />
  <e k="typeDesc_baleWrapper" v="草垛打包机" />
  <e k="typeDesc_baler" v="打捆机" />
  <e k="typeDesc_belt" v="输送带" />
  <e k="typeDesc_car" v="汽车" />
  <e k="typeDesc_combine" v="组合" />
  <e k="typeDesc_cornCutter" v="玉米收割台" />
  <e k="typeDesc_cultivator" v="中耕机" />
  <e k="typeDesc_cutter" v="切割刀" />
  <e k="typeDesc_cutterTrailer" v="切割刀型拖车" />
  <e k="typeDesc_defoliator" v="去叶剂" />
  <e k="typeDesc_fertilizerSpreader" v="肥料喷洒机" />
  <e k="typeDesc_forageWagon" v="饲料车" />
  <e k="typeDesc_forwarder" v="运木车" />
  <e k="typeDesc_frontloader" v="前端装载机" />
  <e k="typeDesc_frontloaderTool" v="前端装载机工具" />
  <e k="typeDesc_greenhouse" v="温室" />
  <e k="typeDesc_harvester" v="收割机" />
  <e k="typeDesc_haulmTopper" v="切顶器" />
  <e k="typeDesc_highPressureWasher" v="高压水枪" />
  <e k="typeDesc_leveler" v="矫直机" />
  <e k="typeDesc_livestockTrailer" v="家畜拖车" />
  <e k="typeDesc_loaderVehicle" v="正在为载具进行装载" />
  <e k="typeDesc_lowLoader" v="轻型装载机" />
  <e k="typeDesc_manureBarrel" v="水肥撒布机" />
  <e k="typeDesc_manureSpreader" v="粪肥喷洒机" />
  <e k="typeDesc_mixerWagon" v="混料车" />
  <e k="typeDesc_mower" v="割草机" />
  <e k="typeDesc_pickup" v="秸秆集装车" />
  <e k="typeDesc_planter" v="播种机" />
  <e k="typeDesc_plough" v="犁" />
  <e k="typeDesc_plow" v="护罩" />
  <e k="typeDesc_roller" v="碾压机" />
  <e k="typeDesc_skidSteerTool" v="滑移式装载机工具" />
  <e k="typeDesc_sowingMachine" v="播种机" />
  <e k="typeDesc_sprayer" v="喷雾器" />
  <e k="typeDesc_sprayerTank" v="额外水槽" />
  <e k="typeDesc_strawBlower" v="秸秆机" />
  <e k="typeDesc_stumpCutter" v="伐根削片机" />
  <e k="typeDesc_tedder" v="干草翻晒机" />
  <e k="typeDesc_telehandler" v="伸缩臂叉车" />
  <e k="typeDesc_telehandlerTool" v="伸缩臂叉车工具" />
  <e k="typeDesc_timberTrailer" v="木材运输机" />
  <e k="typeDesc_tipper" v="翻斗车" />
  <e k="typeDesc_tractor" v="拖拉机" />
  <e k="typeDesc_trailer" v="拖车" />
  <e k="typeDesc_treePlanter" v="植树机" />
  <e k="typeDesc_treeSaw" v="树锯" />
  <e k="typeDesc_truck" v="卡车" />
  <e k="typeDesc_waterTrailer" v="水拖车" />
  <e k="typeDesc_weeder" v="除草机" />
  <e k="typeDesc_weight" v="重量" />
  <e k="typeDesc_wheelLoader" v="轮式装载机" />
  <e k="typeDesc_wheelLoaderTool" v="轮式装载机工具" />
  <e k="typeDesc_windrower" v="堆行机" />
  <e k="typeDesc_woodCrusher" v="碎木机" />
  <e k="typeDesc_woodHarvester" v="木材收割机" />
  <e k="unit_areaShort" v="公顷" />
  <e k="unit_bale" v="捆" />
  <e k="unit_decimalSymbol" v="." />
  <e k="unit_degreeCelsiusShort" v="摄氏度" />
  <e k="unit_digitGroupingSymbol" v="," />
  <e k="unit_dollar" v="美元" />
  <e k="unit_dollarShort" v="$" />
  <e k="unit_euro" v="欧元" />
  <e k="unit_euroShort" v="€" />
  <e k="unit_km" v="千米" />
  <e k="unit_kmh" v="千米/小时" />
  <e k="unit_kw" v="千瓦/小时" />
  <e k="unit_liter" v="公升" />
  <e k="unit_literShort" v="升" />
  <e k="unit_miles" v="英里" />
  <e k="unit_minutesShort" v="分钟" />
  <e k="unit_mph" v="米每小时" />
  <e k="unit_pieces" v="块" />
  <e k="unit_pound" v="英镑" />
  <e k="unit_poundShort" v="£" />
  <e k="unit_timeShort" v="hh:mm" />
</l10n>