﻿<?xml version="1.0" encoding="utf-8"?>
<l10n>
  <e k="category_animals" v="牲畜" />
  <e k="category_augerWagons" v="螺旋運穀車" />
  <e k="category_baling" v="捆草技術" />
  <e k="category_beetHarvesting" v="甜菜收割" />
  <e k="category_belts" v="傳送帶系統" />
  <e k="category_cars" v="車輛" />
  <e k="category_chainsaws" v="電鋸" />
  <e k="category_cultivators" v="耕耘機" />
  <e k="category_cutterTrailers" v="切刀拖車" />
  <e k="category_cutters" v="切刀" />
  <e k="category_dollys" v="拖架" />
  <e k="category_feeding" v="餵食技術" />
  <e k="category_fertilizerSpreaders" v="肥料撒佈機" />
  <e k="category_forageHarvesters" v="草糧收割機" />
  <e k="category_forageHarvestersCutters" v="草糧收割機刀" />  <e k="category_forageHarvesterCutters" v="草糧收割機刀" />
  <e k="category_frontLoaders" v="前鏟斗機" />
  <e k="category_harvesters" v="收割機" />
  <e k="category_leveler" v="整平器" />
  <e k="category_loaderWagons" v="裝載車" />
  <e k="category_lowloaders" v="低架裝載機" />
  <e k="category_manureSpreaders" v="堆肥撒佈機" />
  <e k="category_misc" v="雜項" />
  <e k="category_mowers" v="除草機" />
  <e k="category_pallets" v="托架" />
  <e k="category_placeables" v="可放置設施" />
  <e k="category_plows" v="犁" />
  <e k="category_potatoHarvesting" v="馬鈴薯收割" />
  <e k="category_sales" v="出售" />
  <e k="category_skidSteers" v="滑動控制裝載" />
  <e k="category_slurryTanks" v="水肥車" />
  <e k="category_sowingMachines" v="播種機" />
  <e k="category_sprayers" v="噴霧機" />
  <e k="category_sugarCaneHarvesting" v="甘蔗收割" />
  <e k="category_tedders" v="攤草機" />
  <e k="category_teleLoaders" v="伸縮機械手" />
  <e k="category_tippers" v="翻斗車" />
  <e k="category_tractors" v="曳引機" />
  <e k="category_trucks" v="卡車" />
  <e k="category_weeders" v="除草機" />
  <e k="category_weights" v="配重塊" />
  <e k="category_wheelLoaders" v="斗輪式裝載機" />
  <e k="category_windrowers" v="集草成行機" />
  <e k="category_wood" v="林業設備" />
  <e k="configuration_attacherJoint" v="連接器" />
  <e k="configuration_baseColor" v="主色" />
  <e k="configuration_design" v="設計" />
  <e k="configuration_designColor" v="設計顏色" />
  <e k="configuration_frontloaderAttacher" v="前鏟斗連接器" />
  <e k="configuration_inputAttacher3Point" v="三點式" />
  <e k="configuration_inputAttacherFrontLoader" v="前鏟斗機" />
  <e k="configuration_inputAttacherJoint" v="連接器類型" />
  <e k="configuration_inputAttacherSkidSteer" v="滑動控制裝載機" />
  <e k="configuration_inputAttacherTeleLoaders" v="伸縮機械手" />
  <e k="configuration_inputAttacherWheelLoader" v="斗輪式裝載機" />
  <e k="configuration_motorSetup" v="引擎設定" />
  <e k="configuration_rimColor" v="邊緣色" />
  <e k="configuration_trailerAttacherBack" v="+ 尾端連接器" />
  <e k="configuration_valueBaleTrailer" v="草捆組態" />
  <e k="configuration_valueColor" v="設計" />
  <e k="configuration_valueCrawler" v="履帶車軌道" />
  <e k="configuration_valueDefault" v="標準" />
  <e k="configuration_valueDesign01" v="設計 1" />
  <e k="configuration_valueDesign02" v="設計 2" />
  <e k="configuration_valueDesign03" v="設計 3" />
  <e k="configuration_valueDesign04" v="設計 4" />
  <e k="configuration_valueDesign05" v="設計 5" />
  <e k="configuration_valueDesign06" v="設計 6" />
  <e k="configuration_valueDesign07" v="設計 7" />
  <e k="configuration_valueDesign08" v="設計 8" />
  <e k="configuration_valueDesign09" v="設計 9" />
  <e k="configuration_valueForestry" v="林業" />
  <e k="configuration_valueGT1" v="單 GT 條紋" />
  <e k="configuration_valueGT2" v="雙 GT 條紋" />
  <e k="configuration_valueNewHolland" v="New Holland" />
  <e k="configuration_valueStealth" v="Stealth" />
  <e k="configuration_valueTracks" v="履帶車軌道" />
  <e k="configuration_valueTripleWheelsAll" v="三輪" />
  <e k="configuration_valueTwinWheelsAll" v="雙輪" />
  <e k="configuration_valueTwinWheelsBack" v="後雙輪" />
  <e k="configuration_valueTwinWheelsFront" v="前雙輪" />
  <e k="configuration_valueTwinWheelsNarrow" v="窄雙輪" />
  <e k="configuration_valueVogelsangSynCut" v="Vogelsang SynCult" />
  <e k="configuration_valueWheelBroad" v="寬輪" />
  <e k="configuration_valueWheelNarrow" v="窄輪" />
  <e k="configuration_valueWheelWeights" v="輪胎配重塊" />
  <e k="configuration_valueWhite" v="標準" />
  <e k="configuration_valueWoodTrailer" v="木材組態" />
  <e k="configuration_wheelSetup" v="輪胎設定" />
  <e k="defaultSavegameName" v="我的遊戲存檔" />
  <e k="fillTypeGroup_base" v="基底食物" />
  <e k="fillTypeGroup_bulk" v="基底食物" />
  <e k="fillTypeGroup_earth" v="樹上水果" />
  <e k="fillTypeGroup_forage" v="草糧" />
  <e k="fillTypeGroup_grain" v="穀物" />
  <e k="fillTypeGroup_grass" v="青草" />
  <e k="fillTypeGroup_power" v="能量食物" />
  <e k="fillTypeGroup_protein" v="蛋白質" />
  <e k="fillTypeGroup_silage" v="青貯飼料" />
  <e k="fillType_barley" v="大麥" />
  <e k="fillType_chaff" v="粗糠" />
  <e k="fillType_digestate" v="沼渣" />
  <e k="fillType_dryGrass" v="乾草" />
  <e k="fillType_egg" v="雞蛋" />
  <e k="fillType_fertilizer" v="肥料" />
  <e k="fillType_forage" v="完全混合日糧" />
  <e k="fillType_forage_mixing" v="草糧" />
  <e k="fillType_fuel" v="燃料" />
  <e k="fillType_grass" v="青草" />
  <e k="fillType_liquidFertilizer" v="液態肥料" />
  <e k="fillType_liquidManure" v="水肥" />
  <e k="fillType_maize" v="玉米" />
  <e k="fillType_manure" v="堆肥" />
  <e k="fillType_milk" v="牛奶" />
  <e k="fillType_oilRadish" v="油菜籽蘿蔔" />
  <e k="fillType_pigFood" v="豬飼料" />
  <e k="fillType_pigFoodBase" v="豬飼料 (基底)" />
  <e k="fillType_pigFoodEarth" v="豬飼料 (地面)" />
  <e k="fillType_pigFoodGrain" v="豬飼料 (穀物)" />
  <e k="fillType_pigFoodProtein" v="豬飼料 (蛋白質)" />
  <e k="fillType_poplar" v="白楊樹" />
  <e k="fillType_potato" v="馬鈴薯" />
  <e k="fillType_powerFood" v="能量食物" />
  <e k="fillType_rape" v="油菜" />
  <e k="fillType_roundBale" v="圓草捆" />
  <e k="fillType_roundBaleBarley" v="稻草圓草捆 (大麥)" />
  <e k="fillType_roundBaleDryGrass" v="乾草圓草捆" />
  <e k="fillType_roundBaleGrass" v="青草圓草捆" />
  <e k="fillType_roundBaleSilage" v="青貯飼料圓草捆" />
  <e k="fillType_roundBaleWheat" v="稻草圓草捆 (小麥)" />
  <e k="fillType_seeds" v="種子" />
  <e k="fillType_silage" v="青貯飼料" />
  <e k="fillType_soybean" v="大豆" />
  <e k="fillType_squareBale" v="方草捆" />
  <e k="fillType_squareBaleBarley" v="稻草方草捆 (大麥)" />
  <e k="fillType_squareBaleDryGrass" v="乾草方草捆" />
  <e k="fillType_squareBaleGrass" v="青草方草捆" />
  <e k="fillType_squareBaleSilage" v="青貯飼料方草捆" />
  <e k="fillType_squareBaleWheat" v="稻草方草捆 (小麥)" />
  <e k="fillType_straw" v="稻草" />
  <e k="fillType_sugarBeet" v="甜菜" />
  <e k="fillType_sugarCane" v="甘蔗" />
  <e k="fillType_sunflower" v="太陽花" />
  <e k="fillType_tarp" v="Tarp" />
  <e k="fillType_treeSaplings" v="樹苗" />
  <e k="fillType_water" v="水" />
  <e k="fillType_wheat" v="小麥" />
  <e k="fillType_woodChips" v="木屑" />
  <e k="fillType_wool" v="羊毛" />
  <e k="function_augerWagon" v="螺旋運穀車 (亦稱為獵人箱) 是配備螺旋輸送機的拖車，可以用來儲藏作物並直接將作物卸載至其他拖車。" />
  <e k="function_baleStacker" v="草捆收集機使收集草捆變得輕鬆。" />
  <e k="function_baleTrailer" v="草捆拖車用來運送草捆。" />
  <e k="function_baleWrapper" v="草捆打包機用鋁箔包裝草捆，以利草料發酵成青貯飼料。" />
  <e k="function_baler" v="捆草機將鬆散的稻草、青草或乾草紮成捆方便運載。" />
  <e k="function_beehive" v="生產蜂蜜後可自動賣出而獲利。" />
  <e k="function_beltSystem" v="輸送帶是將作物裝入拖車的另一個方法。" />
  <e k="function_beltSystemConnection" v="輸送帶是將作物裝入拖車的另一個方法。" />
  <e k="function_beltSystemStart" v="此輸送帶會從地面上採取原料並裝載到下個輸送帶。" />
  <e k="function_bigBagFertilizer" v="大袋是用來填滿您的肥料撒佈機。" />
  <e k="function_bigBagPigFood" v="餵養豬隻的均衡食物丸。" />
  <e k="function_bigBagSeeds" v="大袋是用來填滿您的播種機。" />
  <e k="function_car" v="駕駛車輛可以快速從甲地移動至乙地。" />
  <e k="function_chainsaw" v="你可以使用電鋸把樹砍斷。" />
  <e k="function_combine" v="聯合收割機收割特定的作物。" />
  <e k="function_combineForage" v="草糧收割機處理特定的作物。" />
  <e k="function_combineNeedsCutter" v="聯合收割機運作時，需要換上相應的切刀。" />
  <e k="function_combineNeedsForageCutter" v="草糧收割機運作時，需要換上相應的切刀。" />
  <e k="function_cultivator" v="耕耘機用於整地以備下一次播種。" />
  <e k="function_cutter" v="切刀是聯合收割機使用的裝置。" />
  <e k="function_cutterForage" v="切刀是草糧收割機使用的裝置。" />
  <e k="function_cutterTrailer" v="切刀拖車可以在路上安全運輸切刀。" />
  <e k="function_decoration" v="裝飾物件" />
  <e k="function_dolly" v="拖架可作為貨櫃和曳引機間的聯結。" />
  <e k="function_feeder" v="草糧混合車將青貯飼料、乾草和稻草捆混合成完全混合日糧 (內含 60% 的基底食物和 40% 的能量食物)，可用來餵食乳牛。" />
  <e k="function_feederBale" v="這台機具可取稻草捆為牛舍地面鋪草。" />
  <e k="function_fertilizer" v="肥料撒佈機可提升收割品質。" />
  <e k="function_fillablePallet" v="白楊樹幼苗。將此幼苗裝入植樹機。" />
  <e k="function_forageWagon" v="草糧車收集青草、乾草或稻草，但也可以裝運粗糠。" />
  <e k="function_forestryCutter" v="這台機具用於伐木。" />
  <e k="function_forestryPlanter" v="這台機具用於在地面種植新的樹。您可以在商店購買育苗拖架來填滿這輛植樹機。" />
  <e k="function_forestryTransport" v="這台機具用來運送原木。" />
  <e k="function_forestryTreeLimit" v="注意：無法處理過於龐大的樹" />
  <e k="function_forestryWoodCrusher" v="這台機具可將樹幹刨成木屑。" />
  <e k="function_frontloader" v="前鏟斗用於堆放、裝載各種物品。請注意：只有特定的曳引機才能連接前鏟斗機。" />
  <e k="function_greenHouse" v="生產蔬菜後可自動賣出而獲利。" />
  <e k="function_harvestingPotato" v="這台收割機會挖起土裡的馬鈴薯。注意：您必須先使用去葉機，再用這台機具。" />
  <e k="function_harvestingSelfPropelledPotato" v="自走式收割機可一次完成馬鈴薯的去葉和收割。" />
  <e k="function_harvestingSelfPropelledSugarbeet" v="這台自走式收割機可一次完成甜菜的收割。" />
  <e k="function_harvestingSugarbeet" v="這台收割機會挖起土裡的甜菜。注意：您必須先使用去葉機，再用這台機具。" />
  <e k="function_haulmTopperPotato" v="在馬鈴薯收割前，需經過去葉機割下莖葉。" />
  <e k="function_haulmTopperSugarbeet" v="在甜菜收割前，需經過去葉機割下莖葉。" />
  <e k="function_hayStorage" v="儲藏乾草與稻草的空間。" />
  <e k="function_heatingPlant" v="將木屑到在此銷售站可產生熱能而獲利。" />
  <e k="function_highPressureWasher" v="你可以使用這台機器來清洗髒污的機具與工具。" />
  <e k="function_leveler" v="整平器是用來移動粗糠和青貯飼料，並放在青貯塔中整平。" />
  <e k="function_liquidFertilizerTank" v="液態肥料槽是用來填滿您的肥料噴霧機。" />
  <e k="function_livestockTrailer" v="此拖車是用來運送牲畜。" />
  <e k="function_loadingVehicle" v="此機器可收集地面上的甜菜，並將它們傾倒在拖車上。" />
  <e k="function_lowLoader" v="此拖車可運載其他載具。" />
  <e k="function_manureSpreader" v="堆肥撒佈機可提升收割品質。" />
  <e k="function_mower" v="除草機用來割草。" />
  <e k="function_palletPacker" v="將此機器裝滿馬鈴薯或甜菜可產生成架的作物方便出售。" />
  <e k="function_placeableChipper" v="放入此機器的木材都會變成木屑，可立即賣到鋸木廠。" />
  <e k="function_plough" v="您可以用犁整地以備下一次播種，與建立新田地。" />
  <e k="function_powerGenerator" v="產生能源後可自動賣出而獲利。" />
  <e k="function_reverseDriveControl" v="此機具配備反向驅動控制。" />
  <e k="function_roller" v="有了這台機器，您就可以恢復地面的原始狀態 (刪除田地)。" />
  <e k="function_saplingPallet" v="這個育苗托架是用來填滿植樹機用的。" />
  <e k="function_semiTrailer" v="貨櫃可藉由拖架裝設。" />
  <e k="function_siloExtension" v="可增加青貯塔的儲藏容量。請放在農場青貯塔旁。" />
  <e k="function_skidsteer" v="滑動控制裝載機用於堆放、裝載各種物品。" />
  <e k="function_slurryContainer" v="集裝箱用於暫時存放水肥。" />
  <e k="function_slurrySpreader" v="水肥撒佈機可提升收割品質。" />
  <e k="function_sowingMachine" v="用播種機可整地播種。" />
  <e k="function_sowingMachineDirect" v="此外，這台機具也可用於直接播種。(無須事先鬆土、除草)" />
  <e k="function_sprayer" v="撒佈機可增加收割量。" />
  <e k="function_sprayerTank" v="裝設額外的肥料罐可增加噴霧機的容量。" />
  <e k="function_stumpCutter" v="這台機具用於切割樹樁。" />
  <e k="function_tank" v="液櫃用來運送液體。" />
  <e k="function_tedder" v="攤草機可翻草以縮短乾燥時間。" />
  <e k="function_telehandler" v="伸縮機械手用於堆放、裝載各種物品。" />
  <e k="function_tipper" v="翻斗車 / 拖車是用來運送收割的作物。" />
  <e k="function_tractor" v="需要曳引機來牽引拖車和工具。" />
  <e k="function_tractorFrontloader" v="此曳引機也可以連接前鏟斗機。" />
  <e k="function_treeSaw" v="你可以用鋸樹刀把樹砍斷。" />
  <e k="function_truck" v="卡車可以連結半托車。" />
  <e k="function_waterTower" v="水塔可為您的水槽供應乾淨的水。" />
  <e k="function_weeder" v="除草機可拔除小株作物之間的雜草、提升田地的狀態。不過只能用在作物生長期的初期階段。" />
  <e k="function_weight" v="配重塊幫助曳引機四輪貼地、改善平衡。" />
  <e k="function_wheelLoader" v="斗輪式裝載機的挖鏟可用於運送各種物品。" />
  <e k="function_windrower" v="集草成行機將青草、乾草或稻草整理成行 (乾草堆)，以便由草糧車或捆草機剷起搬運。" />
  <e k="function_workshop" v="本機廠可讓您在地圖上任何一個地方建立一個可自行自訂機具的地點，無須再付費請技師。" />
  <e k="shopItem_ashTree" v="光蠟樹" />
  <e k="shopItem_beehive" v="蜂巢" />
  <e k="shopItem_bigBagFertilizer" v="大袋固態肥料" />
  <e k="shopItem_bigBagPigFood" v="大袋豬飼料" />
  <e k="shopItem_bigBagSeeds" v="大袋種子" />
  <e k="shopItem_birchTree" v="樺樹" />
  <e k="shopItem_chicken" v="雞" />
  <e k="shopItem_cow" v="乳牛" />
  <e k="shopItem_firTree" v="杉樹" />
  <e k="shopItem_flieglSemitrailer" v="低架裝載機" />
  <e k="shopItem_flieglTimberRunner" v="原木運輸車" />
  <e k="shopItem_frontloaderBaleFork" v="草捆叉" />
  <e k="shopItem_frontloaderBaleGrab" v="草捆打包機械手" />
  <e k="shopItem_frontloaderLogFork" v="原木叉" />
  <e k="shopItem_frontloaderManureFork" v="有機肥叉" />
  <e k="shopItem_frontloaderManureGrabFork" v="爪叉" />
  <e k="shopItem_frontloaderPalletFork" v="托架叉" />
  <e k="shopItem_frontloaderRoundBaleFork" v="圓草捆叉" />
  <e k="shopItem_frontloaderShovel" v="萬用桶" />
  <e k="shopItem_frontloaderSilageCutter" v="青貯飼料切割器" />
  <e k="shopItem_garantFieldContainer" v="集裝箱" />
  <e k="shopItem_garantTSA" v="TSA 水肥運輸車" />
  <e k="shopItem_greenhouseLettuce" v="溫室 (萵苣)" />
  <e k="shopItem_greenhouseTomatoes" v="溫室 (蕃茄)" />
  <e k="shopItem_hayLoft" v="乾草倉" />
  <e k="shopItem_heatingPlant" v="加熱廠" />
  <e k="shopItem_highPressureWasher" v="高壓清洗機" />
  <e k="shopItem_kroneCutterTrailer" v="切刀拖車" />
  <e k="shopItem_liquidFertilizerTank" v="液態肥料罐" />
  <e k="shopItem_mapleTree" v="楓樹" />
  <e k="shopItem_mobileFuelTank" v="機動燃料罐" />
  <e k="shopItem_oakTree" v="橡樹" />
  <e k="shopItem_palletSaplings" v="育苗托架" />
  <e k="shopItem_palletSaplingsPoplar" v="白楊樹育苗托架" />
  <e k="shopItem_picnicShelter01" v="方形野餐亭" />
  <e k="shopItem_picnicShelter02" v="圓形野餐亭" />
  <e k="shopItem_pig" v="豬" />
  <e k="shopItem_poplarTree" v="白楊樹" />
  <e k="shopItem_sampoRosenlewC6Cutter" v="C6 Header" />
  <e k="shopItem_shack01" v="小屋" />
  <e k="shopItem_shack02" v="高架屋" />
  <e k="shopItem_shack03" v="小木屋" />
  <e k="shopItem_shack04" v="公設建築" />
  <e k="shopItem_sheep" v="綿羊" />
  <e k="shopItem_siloExtensionLarge" v="大型加蓋青貯塔" />
  <e k="shopItem_siloExtensionSmall" v="小型加蓋青貯塔" />
  <e k="shopItem_skidSteerBaleFork" v="草捆叉" />
  <e k="shopItem_skidSteerLogFork" v="原木叉" />
  <e k="shopItem_skidSteerManureFork" v="堆肥叉" />
  <e k="shopItem_skidSteerPalletFork" v="托架叉" />
  <e k="shopItem_skidSteerShovel" v="萬用桶" />
  <e k="shopItem_skidSteerStumpCutter" v="樹樁切割機" />
  <e k="shopItem_solarCollector" v="太陽能板" />
  <e k="shopItem_storageShelter01" v="大倉庫" />
  <e k="shopItem_storageShelter02" v="小倉庫" />
  <e k="shopItem_telehandlerBaleFork" v="草捆叉" />
  <e k="shopItem_telehandlerBaleGrab" v="草捆打包機械手" />
  <e k="shopItem_telehandlerFork" v="托架叉" />
  <e k="shopItem_telehandlerLogFork" v="原木叉" />
  <e k="shopItem_telehandlerManureFork" v="有機肥叉" />
  <e k="shopItem_telehandlerShovel" v="挖剷" />
  <e k="shopItem_vehicleShelter" v="機具停放處" />
  <e k="shopItem_vehicleShelterLarge" v="大型機具停放處" />
  <e k="shopItem_vehicleShelterSmall" v="小型機具停放處" />
  <e k="shopItem_waterTower" v="水塔" />
  <e k="shopItem_waterTrailer" v="機動水罐" />
  <e k="shopItem_wheelLoaderFork" v="叉" />
  <e k="shopItem_wheelLoaderLogFork" v="原木叉" />
  <e k="shopItem_wheelLoaderShovel" v="挖剷" />
  <e k="shopItem_wheelLoaderSilageFork" v="青貯飼料叉" />
  <e k="shopItem_windTurbine" v="風能轉換器" />
  <e k="shopItem_workshop" v="機具廠" />
  <e k="shop_age" v="%s 天" />
  <e k="shop_brand" v="品牌" />
  <e k="shop_capacity" v="可容納：" />
  <e k="shop_capacityValue" v="%s %s" />
  <e k="shop_category" v="類別" />
  <e k="shop_combinations" v="適合：" />
  <e k="shop_configuration" v="組態" />
  <e k="shop_configurationPriceBase" v="基價" />
  <e k="shop_configurationPriceOptions" v="選項" />
  <e k="shop_configurationPriceTotal" v="總價" />
  <e k="shop_configurationTitle" v="選項與升級" />
  <e k="shop_costsBase" v="基本費用" />
  <e k="shop_costsPerDay" v="以天計" />
  <e k="shop_costsPerOperatingHour" v="以操作時數計" />
  <e k="shop_doYouWantToBuy" v="您是否要以 %s 元購買？" />
  <e k="shop_doYouWantToLease" v="您是否要以 %s 元租賃？" />
  <e k="shop_fee" v="費用" />
  <e k="shop_fruitTypes" v="果類" />
  <e k="shop_fuelValue" v="%d %s" />
  <e k="shop_income" v="收益：" />
  <e k="shop_incomeValue" v="%s / 小時" />
  <e k="shop_initialCosts" v="初始費用" />
  <e k="shop_leasedItems" v="已租賃項目" />
  <e k="shop_maintenance" v="維護：" />
  <e k="shop_maintenanceValue" v="%s / 天" />
  <e k="shop_maxPower" v="最大動力：" />
  <e k="shop_maxPowerValue" v="%s 千瓦 / %s 馬力" />
  <e k="shop_maxSpeed" v="%s %s" />
  <e k="shop_neededPower" v="動力需求：" />
  <e k="shop_neededPowerValue" v="%s 千瓦 / %s 小時" />
  <e k="shop_noConfigsAvailable" v="目前無升級可用！" />
  <e k="shop_noVehicles" v="沒有可以使用的機具！" />
  <e k="shop_operatingTime" v="%d.%d 小時" />
  <e k="shop_ownedItems" v="已擁有項目" />
  <e k="shop_saleRemaingHours" v="距離銷售結束還有：" />
  <e k="shop_saleRemaingHoursValue" v="%d 小時" />
  <e k="shop_transportationFee" v="若您不用自己的牲畜拖車運牲畜，將會產生運輸費。" />
  <e k="shop_usage" v="使用：" />
  <e k="shop_workingWidth" v="工作範圍：" />
  <e k="shop_workingWidthValue" v="%s 公尺" />
  <e k="shop_youLease" v="您租了" />
  <e k="shop_youOwn" v="您擁有" />
  <e k="typeDesc_augerWagon" v="螺旋運穀車" />
  <e k="typeDesc_baleLoader" v="草捆裝載機" />
  <e k="typeDesc_baleTrailer" v="草捆拖車" />
  <e k="typeDesc_baleWrapper" v="草捆打包機" />
  <e k="typeDesc_baler" v="捆草機" />
  <e k="typeDesc_belt" v="輸送帶" />
  <e k="typeDesc_car" v="車輛" />
  <e k="typeDesc_combine" v="組合" />
  <e k="typeDesc_cornCutter" v="玉米收割機" />
  <e k="typeDesc_cultivator" v="耕耘機" />
  <e k="typeDesc_cutter" v="切刀" />
  <e k="typeDesc_cutterTrailer" v="切刀拖車" />
  <e k="typeDesc_defoliator" v="除葉劑" />
  <e k="typeDesc_fertilizerSpreader" v="肥料撒佈機" />
  <e k="typeDesc_forageWagon" v="草糧車" />
  <e k="typeDesc_forwarder" v="運輸車" />
  <e k="typeDesc_frontloader" v="前鏟斗" />
  <e k="typeDesc_frontloaderTool" v="前鏟斗工具" />
  <e k="typeDesc_greenhouse" v="溫室" />
  <e k="typeDesc_harvester" v="收割機" />
  <e k="typeDesc_haulmTopper" v="去葉機" />
  <e k="typeDesc_highPressureWasher" v="高壓清洗機" />
  <e k="typeDesc_leveler" v="整平器" />
  <e k="typeDesc_livestockTrailer" v="家畜拖車" />
  <e k="typeDesc_loaderVehicle" v="裝載機具" />
  <e k="typeDesc_lowLoader" v="低架裝載車" />
  <e k="typeDesc_manureBarrel" v="水肥車" />
  <e k="typeDesc_manureSpreader" v="堆肥散撒佈機" />
  <e k="typeDesc_mixerWagon" v="混合車" />
  <e k="typeDesc_mower" v="除草機" />
  <e k="typeDesc_pickup" v="小貨卡" />
  <e k="typeDesc_planter" v="種植機" />
  <e k="typeDesc_plough" v="犁" />
  <e k="typeDesc_plow" v="護板" />
  <e k="typeDesc_roller" v="滾輪" />
  <e k="typeDesc_skidSteerTool" v="滑動控制裝載工具" />
  <e k="typeDesc_sowingMachine" v="播種機" />
  <e k="typeDesc_sprayer" v="噴霧機" />
  <e k="typeDesc_sprayerTank" v="額外槽" />
  <e k="typeDesc_strawBlower" v="稻草乾燥機" />
  <e k="typeDesc_stumpCutter" v="樹樁切割機" />
  <e k="typeDesc_tedder" v="攤草機" />
  <e k="typeDesc_telehandler" v="伸縮機械手" />
  <e k="typeDesc_telehandlerTool" v="伸縮機械手工具" />
  <e k="typeDesc_timberTrailer" v="木材運輸車" />
  <e k="typeDesc_tipper" v="翻斗車" />
  <e k="typeDesc_tractor" v="曳引機" />
  <e k="typeDesc_trailer" v="拖車" />
  <e k="typeDesc_treePlanter" v="植樹機" />
  <e k="typeDesc_treeSaw" v="鋸樹刀" />
  <e k="typeDesc_truck" v="卡車" />
  <e k="typeDesc_waterTrailer" v="水罐車" />
  <e k="typeDesc_weeder" v="除草機" />
  <e k="typeDesc_weight" v="重量" />
  <e k="typeDesc_wheelLoader" v="輪式裝載機" />
  <e k="typeDesc_wheelLoaderTool" v="輪式裝載機工具" />
  <e k="typeDesc_windrower" v="集草成行機" />
  <e k="typeDesc_woodCrusher" v="木材攪碎機" />
  <e k="typeDesc_woodHarvester" v="木材收割機" />
  <e k="unit_areaShort" v="公頃" />
  <e k="unit_bale" v="草捆" />
  <e k="unit_decimalSymbol" v="." />
  <e k="unit_degreeCelsiusShort" v="°C" />
  <e k="unit_digitGroupingSymbol" v="," />
  <e k="unit_dollar" v="美金" />
  <e k="unit_dollarShort" v="$" />
  <e k="unit_euro" v="歐元" />
  <e k="unit_euroShort" v="€" />
  <e k="unit_km" v="公里" />
  <e k="unit_kmh" v="每小時公里數" />
  <e k="unit_kw" v="千瓦/小時" />
  <e k="unit_liter" v="公升" />
  <e k="unit_literShort" v="公升" />
  <e k="unit_miles" v="英里" />
  <e k="unit_minutesShort" v="分鐘" />
  <e k="unit_mph" v="每小時英哩數" />
  <e k="unit_pieces" v="塊" />
  <e k="unit_pound" v="英鎊" />
  <e k="unit_poundShort" v="£" />
  <e k="unit_timeShort" v="hh:mm" />
</l10n>