﻿<?xml version="1.0" encoding="utf-8"?>
<l10n>
  <e k="category_animals" v="Jószág" />
  <e k="category_augerWagons" v="Átrakókocsik" />
  <e k="category_baling" v="Bálázótechnológia" />
  <e k="category_beetHarvesting" v="Cukorrépa-betakarítás" />
  <e k="category_belts" v="Futószalagrendszer" />
  <e k="category_cars" v="Autók" />
  <e k="category_chainsaws" v="Láncfűrészek" />
  <e k="category_cultivators" v="Talajlazítók" />
  <e k="category_cutterTrailers" v="Vontatott aratószerkezetek" />
  <e k="category_cutters" v="Aratószerkezetek" />
  <e k="category_dollys" v="Nyeregszerkezetek" />
  <e k="category_feeding" v="Etetőtechnológia" />
  <e k="category_fertilizerSpreaders" v="Műtrágyaszórók" />
  <e k="category_forageHarvesters" v="Takarmánygyűjtő" />
  <e k="category_forageHarvestersCutters" v="Takarmánygyűjtő vágóasztal" /> <e k="category_forageHarvesterCutters" v="Takarmánygyűjtő vágóasztal" />
  <e k="category_frontLoaders" v="Homlokrakodók" />
  <e k="category_harvesters" v="Betakarító gépek" />
  <e k="category_leveler" v="Simítók" />
  <e k="category_loaderWagons" v="Rakodókocsik" />
  <e k="category_lowloaders" v="Alacsony rakodók" />
  <e k="category_manureSpreaders" v="Trágyaszórók" />
  <e k="category_misc" v="Egyéb" />
  <e k="category_mowers" v="Kaszálógépek" />
  <e k="category_pallets" v="Raklapok" />
  <e k="category_placeables" v="Elhelyezhető tárgyak" />
  <e k="category_plows" v="Ekék" />
  <e k="category_potatoHarvesting" v="Burgonyabetakarítás" />
  <e k="category_sales" v="Akciók" />
  <e k="category_skidSteers" v="Kompaktrakodók" />
  <e k="category_slurryTanks" v="Iszaptartályok" />
  <e k="category_sowingMachines" v="Vetőgépek" />
  <e k="category_sprayers" v="Permetezők" />
  <e k="category_sugarCaneHarvesting" v="Cukornád betakarítás" />
  <e k="category_tedders" v="Szénaforgatók" />
  <e k="category_teleLoaders" v="Teleszkópos targoncák" />
  <e k="category_tippers" v="Billenőkocsik" />
  <e k="category_tractors" v="Traktorok" />
  <e k="category_trucks" v="Teherautók" />
  <e k="category_weeders" v="Gyomlálók" />
  <e k="category_weights" v="Súlyok" />
  <e k="category_wheelLoaders" v="Kerekes rakodók" />
  <e k="category_windrowers" v="Rendforgatók" />
  <e k="category_wood" v="Erdészeti felszerelés" />
  <e k="configuration_attacherJoint" v="Csatolók" />
  <e k="configuration_baseColor" v="Fő szín" />
  <e k="configuration_design" v="Tervezés" />
  <e k="configuration_designColor" v="Megjelenés színe" />
  <e k="configuration_frontloaderAttacher" v="Homlokrakodó-csatoló" />
  <e k="configuration_inputAttacher3Point" v="3-pontos" />
  <e k="configuration_inputAttacherFrontLoader" v="Homlokrakodó" />
  <e k="configuration_inputAttacherJoint" v="Csatoló típus" />
  <e k="configuration_inputAttacherSkidSteer" v="Kompaktrakodó" />
  <e k="configuration_inputAttacherTeleLoaders" v="Teleszkópos rakodó" />
  <e k="configuration_inputAttacherWheelLoader" v="Kerekes rakodó" />
  <e k="configuration_motorSetup" v="Motorbeállítás" />
  <e k="configuration_rimColor" v="Felniszín" />
  <e k="configuration_trailerAttacherBack" v="+ hátsó csatoló" />
  <e k="configuration_valueBaleTrailer" v="Bála-konfiguráció" />
  <e k="configuration_valueColor" v="Megjelenés" />
  <e k="configuration_valueCrawler" v="Hernyótalp" />
  <e k="configuration_valueDefault" v="Alapértelmezett" />
  <e k="configuration_valueDesign01" v="Megjelenés 1" />
  <e k="configuration_valueDesign02" v="Megjelenés 2" />
  <e k="configuration_valueDesign03" v="Megjelenés 3" />
  <e k="configuration_valueDesign04" v="Megjelenés 4" />
  <e k="configuration_valueDesign05" v="Megjelenés 5" />
  <e k="configuration_valueDesign06" v="Megjelenés 6" />
  <e k="configuration_valueDesign07" v="Megjelenés 7" />
  <e k="configuration_valueDesign08" v="Megjelenés 8" />
  <e k="configuration_valueDesign09" v="Megjelenés 9" />
  <e k="configuration_valueForestry" v="Erdészet" />
  <e k="configuration_valueGT1" v="Szimpla GT csíkos" />
  <e k="configuration_valueGT2" v="Dupla GT csíkos" />
  <e k="configuration_valueNewHolland" v="New Holland" />
  <e k="configuration_valueStealth" v="Rejtett" />
  <e k="configuration_valueTracks" v="Hernyótalp" />
  <e k="configuration_valueTripleWheelsAll" v="Tripla kerekek" />
  <e k="configuration_valueTwinWheelsAll" v="Ikerkerék" />
  <e k="configuration_valueTwinWheelsBack" v="Hátsó ikerkerék" />
  <e k="configuration_valueTwinWheelsFront" v="Elülső ikerkerék" />
  <e k="configuration_valueTwinWheelsNarrow" v="Keskeny ikerkerék" />
  <e k="configuration_valueVogelsangSynCut" v="Vogelsang SynCult" />
  <e k="configuration_valueWheelBroad" v="Széles gumik" />
  <e k="configuration_valueWheelNarrow" v="Keskeny gumik" />
  <e k="configuration_valueWheelWeights" v="Keréksúlyok" />
  <e k="configuration_valueWhite" v="Alapértelmezett" />
  <e k="configuration_valueWoodTrailer" v="Fakonfiguráció" />
  <e k="configuration_wheelSetup" v="Kerékbeállítás" />
  <e k="defaultSavegameName" v="Játékállásom" />
  <e k="fillTypeGroup_base" v="Alapélelmiszer" />
  <e k="fillTypeGroup_bulk" v="Alapélelmiszer" />
  <e k="fillTypeGroup_earth" v="Földi gyümölcsök" />
  <e k="fillTypeGroup_forage" v="Takarmány" />
  <e k="fillTypeGroup_grain" v="Gabona" />
  <e k="fillTypeGroup_grass" v="Fű" />
  <e k="fillTypeGroup_power" v="Nagy tápértékű étel" />
  <e k="fillTypeGroup_protein" v="Fehérje" />
  <e k="fillTypeGroup_silage" v="Szilázs" />
  <e k="fillType_barley" v="Árpa" />
  <e k="fillType_chaff" v="Szecska" />
  <e k="fillType_digestate" v="Fermentált" />
  <e k="fillType_dryGrass" v="Széna" />
  <e k="fillType_egg" v="Tojás" />
  <e k="fillType_fertilizer" v="Műtrágya" />
  <e k="fillType_forage" v="Teljes takarmánykeverék" />
  <e k="fillType_forage_mixing" v="Abrak" />
  <e k="fillType_fuel" v="Üzemanyag" />
  <e k="fillType_grass" v="Fű" />
  <e k="fillType_liquidFertilizer" v="Folyékony trágya" />
  <e k="fillType_liquidManure" v="Iszap" />
  <e k="fillType_maize" v="Kukorica" />
  <e k="fillType_manure" v="Trágya" />
  <e k="fillType_milk" v="Tej" />
  <e k="fillType_oilRadish" v="Olajretek" />
  <e k="fillType_pigFood" v="Sertéstakarmány" />
  <e k="fillType_pigFoodBase" v="Sertéstakarmány (Alap)" />
  <e k="fillType_pigFoodEarth" v="Sertéstakarmány (Föld)" />
  <e k="fillType_pigFoodGrain" v="Sertéstakarmány (Gabona)" />
  <e k="fillType_pigFoodProtein" v="Sertéstakarmány (Fehérje)" />
  <e k="fillType_poplar" v="Nyárfa" />
  <e k="fillType_potato" v="Burgonya" />
  <e k="fillType_powerFood" v="Nagy tápértékű étel" />
  <e k="fillType_rape" v="Repce" />
  <e k="fillType_roundBale" v="Körbála" />
  <e k="fillType_roundBaleBarley" v="Körbála – szalma (árpa)" />
  <e k="fillType_roundBaleDryGrass" v="Körbála – széna" />
  <e k="fillType_roundBaleGrass" v="Körbála – fű" />
  <e k="fillType_roundBaleSilage" v="Körbála – szilázs" />
  <e k="fillType_roundBaleWheat" v="Körbála – szalma (búza)" />
  <e k="fillType_seeds" v="Magok" />
  <e k="fillType_silage" v="Szilázs" />
  <e k="fillType_soybean" v="Szójabab" />
  <e k="fillType_squareBale" v="Kockabála" />
  <e k="fillType_squareBaleBarley" v="Kockabála – szalma (árpa)" />
  <e k="fillType_squareBaleDryGrass" v="Kockabála – széna" />
  <e k="fillType_squareBaleGrass" v="Kockabála – fű" />
  <e k="fillType_squareBaleSilage" v="Kockabála – szilázs" />
  <e k="fillType_squareBaleWheat" v="Kockabála – szalma (búza)" />
  <e k="fillType_straw" v="Szalma" />
  <e k="fillType_sugarBeet" v="Cukorrépa" />
  <e k="fillType_sugarCane" v="Cukornád" />
  <e k="fillType_sunflower" v="Napraforgó" />
  <e k="fillType_tarp" v="Tarp" />
  <e k="fillType_treeSaplings" v="Növendék fák" />
  <e k="fillType_water" v="Víz" />
  <e k="fillType_wheat" v="Búza" />
  <e k="fillType_woodChips" v="Faapríték" />
  <e k="fillType_wool" v="Gyapjú" />
  <e k="function_augerWagon" v="A futószalagos szállítókocsikként is ismert átrakókocsik saját csigás futószalaggal rendelkező utánfutók. Ebben szállíthatod a termést, és közvetlenül átrakhatod más szállítókocsikra." />
  <e k="function_baleStacker" v="A bálagyűjtő megkönnyíti a bálák összegyűjtését." />
  <e k="function_baleTrailer" v="A bálaszállító szállítja a bálákat." />
  <e k="function_baleWrapper" v="A bálacsomagoló fóliába csomagolja a bálákat, így azok szilázzsá erjeszthetők." />
  <e k="function_baler" v="A bálázó a szétszórt szalmát, szénát vagy füvet jól kezelhető bálákba préseli." />
  <e k="function_beehive" v="Mézet termel, ami automatikusan eladásra kerül, ezzel pénzt keresve neked." />
  <e k="function_beltSystem" v="A szállítószalagok alternatívát jelentenek a pótkocsi megrakodására." />
  <e k="function_beltSystemConnection" v="A szállítószalagok alternatívát jelentenek a pótkocsi megrakodására." />
  <e k="function_beltSystemStart" v="Ez a futószalag a földről vesz fel nyersanyagot, és továbbítja a következő futószalagra." />
  <e k="function_bigBagFertilizer" v="A BigBag a műtrágyaszóró újratöltéséhez használatos." />
  <e k="function_bigBagPigFood" v="Tökéletesen kiegyensúlyozott tápgranulátum a sertéseid takarmányozására." />
  <e k="function_bigBagSeeds" v="A BigBag a vetőgépek újratöltéséhez használatos." />
  <e k="function_car" v="Egy autó segítségével könnyebben eljutsz A-ból B-be." />
  <e k="function_chainsaw" v="A láncfűrésszel fákat vághatsz ki." />
  <e k="function_combine" v="A kombájnok betakarítják a jelzett terméstípusokat." />
  <e k="function_combineForage" v="A takarmánygyűjtők az alább jelzett termésfajtákat dolgozzák fel." />
  <e k="function_combineNeedsCutter" v="A kombájn működéséhez megfelelő aratószerkezet is kell." />
  <e k="function_combineNeedsForageCutter" v="A takarmánygyűjtő működéséhez megfelelő aratószerkezet is kell." />
  <e k="function_cultivator" v="A talajlazító előkészíti a földet a következő vetésre." />
  <e k="function_cutter" v="Az aratószerkezetek a kombájnokra erősítve vágnak." />
  <e k="function_cutterForage" v="Az aratószerkezetek a takarmánygyűjtőkre erősíthetők." />
  <e k="function_cutterTrailer" v="A vontatott aratószerkezeteket biztonságosan lehet közúton szállítani." />
  <e k="function_decoration" v="Dekoratív tárgy" />
  <e k="function_dolly" v="A nyeregszerkezet kapcsolja össze a félpótkocsit és a traktort." />
  <e k="function_feeder" v="A takarmánykeverő pótkocsi összekeveri a szilázst a szénával és szalmával, teljes takarmánykeveréket alkotva (a keverék 60%-a alap élelmiszer, 40%-a nagy tápértékű étel), majd ezzel etetheted a szarvasmarhákat." />
  <e k="function_feederBale" v="A gép a szalmabálákat felhasználva beteríti szalmával a marhaistálló talaját." />
  <e k="function_fertilizer" v="A műtrágyaszórók növelik földjeid terméseredményét." />
  <e k="function_fillablePallet" v="Nyárfacsemeték. Töltsd ezt be a faültető gépbe!" />
  <e k="function_forageWagon" v="A takarmányszállító füvet, szénát vagy szalmát gyűjt. Megtölthető szecskával is." />
  <e k="function_forestryCutter" v="Ez a gép fákat vág." />
  <e k="function_forestryPlanter" v="Ez a gép új fákat ültet a földbe. Vásárolhatsz facsemetéket raklapon a boltban az ültetőgép feltöltéséhez." />
  <e k="function_forestryTransport" v="A jármű farönköket szállít." />
  <e k="function_forestryTreeLimit" v="Megjegyzés: A nagyon nagy méretű fák nem feldolgozhatóak" />
  <e k="function_forestryWoodCrusher" v="A gép a fatörzsekből faaprítékot készít." />
  <e k="function_frontloader" v="A homlokrakodók különféle áruk felhalmozásához és berakodásához használatosak. Figyelem: Csak bizonyos traktorokra lehet homlokrakodót csatlakoztatni." />
  <e k="function_greenHouse" v="Zöldséget termel, ami automatikusan eladásra kerül, ezzel pénzt keresve neked." />
  <e k="function_harvestingPotato" v="Ez a betakarító kiássa a burgonyát a földből. Ne feledd, hogy a gép használata előtt lombtisztítóra is szükség van." />
  <e k="function_harvestingSelfPropelledPotato" v="Ez az önjáró betakarító egy menetben betakarítja a burgonyát." />
  <e k="function_harvestingSelfPropelledSugarbeet" v="Ez az önjáró betakarító egy menetben betakarítja a cukorrépát." />
  <e k="function_harvestingSugarbeet" v="Ez a betakarító kiássa a burgonyát a földből. Ne feledd, hogy a gép használata előtt lombtisztítóra is szükség van." />
  <e k="function_haulmTopperPotato" v="Mielőtt a burgonyát betakaríthatnánk, a lombot le kell vágni egy efféle lombtisztítóval." />
  <e k="function_haulmTopperSugarbeet" v="Mielőtt a cukorrépát betakaríthatnánk, a lombot le kell vágni egy efféle lombtisztítóval." />
  <e k="function_hayStorage" v="Tárolóhely széna és szalma számára." />
  <e k="function_heatingPlant" v="Faapríték lerakodása ezen az értékesítési állomáson hőt termel és pénzt keres neked." />
  <e k="function_highPressureWasher" v="Ezzel a géppel koszos járműveket és gépeket tisztíthatsz meg." />
  <e k="function_leveler" v="A simítók a pelyva és a szilázs mozgatására és a halmok elegyengetésére valók a silókban." />
  <e k="function_liquidFertilizerTank" v="A folyékony trágyatartályok a szórók újratöltéséhez használatosak." />
  <e k="function_livestockTrailer" v="Ezzel a pótkocsival állatokat lehet szállítani." />
  <e k="function_loadingVehicle" v="Ez a gép cukorrépát gyűjt a földről, és egy pótkocsiba helyezi őket." />
  <e k="function_lowLoader" v="Ez a pótkocsi más járművek szállítására képes." />
  <e k="function_manureSpreader" v="A trágyaszórók javítják a termést földjeiden." />
  <e k="function_mower" v="A kaszálógép füvet vág." />
  <e k="function_palletPacker" v="A gépet burgonyával vagy cukorrépával betöltve szépen csomagolt raklapokat készít, amelyek eladhatóak." />
  <e k="function_placeableChipper" v="Bármilyen hasábfát teszel ebbe gépbe, azt faaprítékká alakítja, ami azonnal eladásra kerül a fűrésztelepnek." />
  <e k="function_plough" v="Az ekével előkészítheted a földet a következő vetésre, és új szántóföldet alakíthatsz ki." />
  <e k="function_powerGenerator" v="Energiát termel, ami automatikusan eladásra kerül, ezzel pénzt keresve neked." />
  <e k="function_reverseDriveControl" v="Ez a jármű fel van szerelve hátramenet-kormányzási vezérléssel." />
  <e k="function_roller" v="Ezzel a géppel vissza tudod állítani a talaj eredeti állapotát (szántóföld törlése)." />
  <e k="function_saplingPallet" v="Ezzel a raklapnyi növendékkel kell feltölteni a faültetőt." />
  <e k="function_semiTrailer" v="A félpótkocsik felkapcsolásához nyeregszerkezet kell." />
  <e k="function_siloExtension" v="Növeli a silóid tárolási kapacitását. A farmsilók közelében kell elhelyezni." />
  <e k="function_skidsteer" v="A kompaktrakodók különféle áruk felhalmozásához és berakodásához használatosak." />
  <e k="function_slurryContainer" v="A szántóföldi konténer az iszap ideiglenes tárolására való." />
  <e k="function_slurrySpreader" v="Az iszapterítők növelik földjeid terméseredményét." />
  <e k="function_sowingMachine" v="A vetőgéppel bevetheted a földet." />
  <e k="function_sowingMachineDirect" v="Ezenkívül ezzel a géppel közvetlenül is ültethetsz (előtte nem kell talajlazítás vagy ekével szántás)." />
  <e k="function_sprayer" v="A permetezők javítják földjeid termékenységét." />
  <e k="function_sprayerTank" v="További tartályok növelik a permetezők kapacitását." />
  <e k="function_stumpCutter" v="Ez a gépezet fatönköket vág." />
  <e k="function_tank" v="A tartályokban folyadékokat szállítanak." />
  <e k="function_tedder" v="A szénaforgató megforgatja a füvet, így az gyorsabban szárad." />
  <e k="function_telehandler" v="A teleszkópos targoncákkal különféle árukat rakodhatsz  és halmozhatsz fel." />
  <e k="function_tipper" v="A billenőkocsik/pótkocsik a termény szállítására valók." />
  <e k="function_tractor" v="A traktorok pótkocsik és eszközök vontatásához kellenek." />
  <e k="function_tractorFrontloader" v="Ehhez a traktorhoz homlokrakodót is csatolhatsz." />
  <e k="function_treeSaw" v="A fafűrésszel fákat vághatsz ki." />
  <e k="function_truck" v="A teherautókhoz félpótkocsi csatlakoztatható." />
  <e k="function_waterTower" v="A víztorony ellátja a víztartályaidat friss vízzel." />
  <e k="function_weeder" v="A gyomláló kigyomlálja a veteményt, javítva a szántóföld állapotát. Csak a növények első növekedési szakaszaiban használható." />
  <e k="function_weight" v="A súly segít a földön tartani a traktor kerekeit, és javítja az egyensúlyát." />
  <e k="function_wheelLoader" v="A kerekes rakodó lapátja sokféle áru szállítására alkalmas." />
  <e k="function_windrower" v="A rendforgató sorokba rendezi a füvet, szénát vagy szalmát, melyeket aztán a takarmányszállítók vagy bálázók összeszednek." />
  <e k="function_workshop" v="Ez a műhely lehetővé teszi, hogy bárhol a térképen létrehozz egy helyet, ahol testre szabhatod a gépet, szerelő megfizetése nélkül." />
  <e k="shopItem_ashTree" v="Kőris" />
  <e k="shopItem_beehive" v="Méhkaptár" />
  <e k="shopItem_bigBagFertilizer" v="Szilárd műtrágya BigBag" />
  <e k="shopItem_bigBagPigFood" v="Sertéstakarmány, nagy kiszerelés" />
  <e k="shopItem_bigBagSeeds" v="Mag BigBag" />
  <e k="shopItem_birchTree" v="Nyír" />
  <e k="shopItem_chicken" v="Csirke" />
  <e k="shopItem_cow" v="Szarvasmarha" />
  <e k="shopItem_firTree" v="Fenyő" />
  <e k="shopItem_flieglSemitrailer" v="Alacsony utánfutó" />
  <e k="shopItem_flieglTimberRunner" v="Faszállító" />
  <e k="shopItem_frontloaderBaleFork" v="Ballenspieß" />
  <e k="shopItem_frontloaderBaleGrab" v="Csomagolt körbálafogó" />
  <e k="shopItem_frontloaderLogFork" v="Rönkvilla" />
  <e k="shopItem_frontloaderManureFork" v="Trágyavilla" />
  <e k="shopItem_frontloaderManureGrabFork" v="Szilázsvilla" />
  <e k="shopItem_frontloaderPalletFork" v="Raklapvilla" />
  <e k="shopItem_frontloaderRoundBaleFork" v="Hengeres bála villa" />
  <e k="shopItem_frontloaderShovel" v="Univerzális kanál" />
  <e k="shopItem_frontloaderSilageCutter" v="Szilázsvágó kanál" />
  <e k="shopItem_garantFieldContainer" v="Szántóföldi konténer" />
  <e k="shopItem_garantTSA" v="TSA iszapszállító" />
  <e k="shopItem_greenhouseLettuce" v="Melegház (fejessaláta)" />
  <e k="shopItem_greenhouseTomatoes" v="Melegház (paradicsom)" />
  <e k="shopItem_hayLoft" v="Széna padlás" />
  <e k="shopItem_heatingPlant" v="Biomassza-hőerőmű" />
  <e k="shopItem_highPressureWasher" v="Nagynyomású mosó" />
  <e k="shopItem_kroneCutterTrailer" v="Vontatott aratógép" />
  <e k="shopItem_liquidFertilizerTank" v="Folyékony műtrágya tartálya" />
  <e k="shopItem_mapleTree" v="Juhar" />
  <e k="shopItem_mobileFuelTank" v="Mobil üzemanyagtartály" />
  <e k="shopItem_oakTree" v="Tölgy" />
  <e k="shopItem_palletSaplings" v="Raklapos palánták" />
  <e k="shopItem_palletSaplingsPoplar" v="Nyárfacsemetés raklap" />
  <e k="shopItem_picnicShelter01" v="Négyszögletes piknikkunyhó" />
  <e k="shopItem_picnicShelter02" v="Kerek piknikkunyhó" />
  <e k="shopItem_pig" v="Sertés" />
  <e k="shopItem_poplarTree" v="Nyár" />
  <e k="shopItem_sampoRosenlewC6Cutter" v="C6 Header" />
  <e k="shopItem_shack01" v="Kis kunyhó" />
  <e k="shopItem_shack02" v="Megemelt kunyhó" />
  <e k="shopItem_shack03" v="Fészer" />
  <e k="shopItem_shack04" v="Haszonépület" />
  <e k="shopItem_sheep" v="Birka" />
  <e k="shopItem_siloExtensionLarge" v="Nagy silóbővítés" />
  <e k="shopItem_siloExtensionSmall" v="Kis silóbővítés" />
  <e k="shopItem_skidSteerBaleFork" v="Bálatüske" />
  <e k="shopItem_skidSteerLogFork" v="Rönkvilla" />
  <e k="shopItem_skidSteerManureFork" v="Trágyavilla" />
  <e k="shopItem_skidSteerPalletFork" v="Raklapvilla" />
  <e k="shopItem_skidSteerShovel" v="Univerzális lapát" />
  <e k="shopItem_skidSteerStumpCutter" v="Tönkvágó" />
  <e k="shopItem_solarCollector" v="Napkollektor" />
  <e k="shopItem_storageShelter01" v="Nagy raktársátor" />
  <e k="shopItem_storageShelter02" v="Kis raktársátor" />
  <e k="shopItem_telehandlerBaleFork" v="Bálavilla" />
  <e k="shopItem_telehandlerBaleGrab" v="Csomagoltbála-rakodó" />
  <e k="shopItem_telehandlerFork" v="Raklapvilla" />
  <e k="shopItem_telehandlerLogFork" v="Rönkvilla" />
  <e k="shopItem_telehandlerManureFork" v="Trágyavilla" />
  <e k="shopItem_telehandlerShovel" v="Lapát" />
  <e k="shopItem_vehicleShelter" v="Járműbeálló" />
  <e k="shopItem_vehicleShelterLarge" v="Nagy járműbeálló" />
  <e k="shopItem_vehicleShelterSmall" v="Kis járműbeálló" />
  <e k="shopItem_waterTower" v="Víztorony" />
  <e k="shopItem_waterTrailer" v="Mobil víztartály" />
  <e k="shopItem_wheelLoaderFork" v="Villa" />
  <e k="shopItem_wheelLoaderLogFork" v="Rönkvilla" />
  <e k="shopItem_wheelLoaderShovel" v="Lapát" />
  <e k="shopItem_wheelLoaderSilageFork" v="Trágyaszilázs" />
  <e k="shopItem_windTurbine" v="Szélenergia-átalakító" />
  <e k="shopItem_workshop" v="Jármű műhely" />
  <e k="shop_age" v="%s nap" />
  <e k="shop_brand" v="Márkák" />
  <e k="shop_capacity" v="Kapacitás:" />
  <e k="shop_capacityValue" v="%s %s" />
  <e k="shop_category" v="Kategória" />
  <e k="shop_combinations" v="Alkalmazás:" />
  <e k="shop_configuration" v="Konfiguráció" />
  <e k="shop_configurationPriceBase" v="Alapár" />
  <e k="shop_configurationPriceOptions" v="Opciók" />
  <e k="shop_configurationPriceTotal" v="Teljes ár" />
  <e k="shop_configurationTitle" v="Opciók és fejlesztések" />
  <e k="shop_costsBase" v="Alapköltségek" />
  <e k="shop_costsPerDay" v="Naponta" />
  <e k="shop_costsPerOperatingHour" v="Üzemóránként" />
  <e k="shop_doYouWantToBuy" v="Szeretnéd megvásárolni %s-ért?" />
  <e k="shop_doYouWantToLease" v="Szeretnéd kibérelni %s-ért?" />
  <e k="shop_fee" v="Költség" />
  <e k="shop_fruitTypes" v="Terménytípusok" />
  <e k="shop_fuelValue" v="%d %s" />
  <e k="shop_income" v="Bevétel:" />
  <e k="shop_incomeValue" v="%s / óra" />
  <e k="shop_initialCosts" v="Kezdeti költségek" />
  <e k="shop_leasedItems" v="Bérelt eszközök" />
  <e k="shop_maintenance" v="Karbantartás:" />
  <e k="shop_maintenanceValue" v="%s / nap" />
  <e k="shop_maxPower" v="Max. teljesítmény:" />
  <e k="shop_maxPowerValue" v="%s kW / %s LE" />
  <e k="shop_maxSpeed" v="%s %s" />
  <e k="shop_neededPower" v="Szüks. teljesítmény" />
  <e k="shop_neededPowerValue" v="%s kW / %s LE" />
  <e k="shop_noConfigsAvailable" v="Fejlesztés nem elérehető!" />
  <e k="shop_noVehicles" v="Nincs elérhető jármű!" />
  <e k="shop_operatingTime" v="%d.%d óra" />
  <e k="shop_ownedItems" v="Birtokolt eszközök" />
  <e k="shop_saleRemaingHours" v="Akció végéig hátravan:" />
  <e k="shop_saleRemaingHoursValue" v="%d ó" />
  <e k="shop_transportationFee" v="Szállítási díjat kell fizetned, ha az állatokat nem saját járműveddel szállítod!" />
  <e k="shop_usage" v="Használat:" />
  <e k="shop_workingWidth" v="Működési szélesség:" />
  <e k="shop_workingWidthValue" v="%s m" />
  <e k="shop_youLease" v="Bérbe adod" />
  <e k="shop_youOwn" v="A tiéd" />
  <e k="typeDesc_augerWagon" v="átrakókocsi" />
  <e k="typeDesc_baleLoader" v="bálatöltő" />
  <e k="typeDesc_baleTrailer" v="Bálás pótkocsi" />
  <e k="typeDesc_baleWrapper" v="bála-csomagoló" />
  <e k="typeDesc_baler" v="bálázógép" />
  <e k="typeDesc_belt" v="öv" />
  <e k="typeDesc_car" v="autó" />
  <e k="typeDesc_combine" v="kombájn" />
  <e k="typeDesc_cornCutter" v="kukoricavágó" />
  <e k="typeDesc_cultivator" v="talajlazító gép" />
  <e k="typeDesc_cutter" v="aratószerkezet" />
  <e k="typeDesc_cutterTrailer" v="vontatott aratószerkezet" />
  <e k="typeDesc_defoliator" v="levélhámozó" />
  <e k="typeDesc_fertilizerSpreader" v="műtrágyázó" />
  <e k="typeDesc_forageWagon" v="takarmányszállító" />
  <e k="typeDesc_forwarder" v="továbbító" />
  <e k="typeDesc_frontloader" v="homlokrakodó" />
  <e k="typeDesc_frontloaderTool" v="homlokrakodó eszköz" />
  <e k="typeDesc_greenhouse" v="melegház" />
  <e k="typeDesc_harvester" v="aratószerkezet" />
  <e k="typeDesc_haulmTopper" v="szárvágó" />
  <e k="typeDesc_highPressureWasher" v="Nagynyomású mosó" />
  <e k="typeDesc_leveler" v="Szintmérő" />
  <e k="typeDesc_livestockTrailer" v="állatszállító pótkocsi" />
  <e k="typeDesc_loaderVehicle" v="rakodójármű" />
  <e k="typeDesc_lowLoader" v="Alacsony pótkocsi" />
  <e k="typeDesc_manureBarrel" v="trágyatároló" />
  <e k="typeDesc_manureSpreader" v="trágyázógép" />
  <e k="typeDesc_mixerWagon" v="keverőkocsi" />
  <e k="typeDesc_mower" v="kaszálógép" />
  <e k="typeDesc_pickup" v="kisteherautó" />
  <e k="typeDesc_planter" v="ültetőgép" />
  <e k="typeDesc_plough" v="eke" />
  <e k="typeDesc_plow" v="pajzs" />
  <e k="typeDesc_roller" v="Henger" />
  <e k="typeDesc_skidSteerTool" v="minirakodó eszköz" />
  <e k="typeDesc_sowingMachine" v="vetőgép" />
  <e k="typeDesc_sprayer" v="permetezőgép" />
  <e k="typeDesc_sprayerTank" v="további tartály" />
  <e k="typeDesc_strawBlower" v="szalmafúvó" />
  <e k="typeDesc_stumpCutter" v="Tönkvágó" />
  <e k="typeDesc_tedder" v="szénaforgató" />
  <e k="typeDesc_telehandler" v="teleszkópos rakodó" />
  <e k="typeDesc_telehandlerTool" v="teleszkópos rakodó eszköz" />
  <e k="typeDesc_timberTrailer" v="Fatovábbító" />
  <e k="typeDesc_tipper" v="billenőszerkezet" />
  <e k="typeDesc_tractor" v="traktor" />
  <e k="typeDesc_trailer" v="pótkocsi" />
  <e k="typeDesc_treePlanter" v="faültető" />
  <e k="typeDesc_treeSaw" v="fafűrész" />
  <e k="typeDesc_truck" v="kamion" />
  <e k="typeDesc_waterTrailer" v="vontatott tartálykocsi" />
  <e k="typeDesc_weeder" v="gyomláló" />
  <e k="typeDesc_weight" v="súly" />
  <e k="typeDesc_wheelLoader" v="kerekes rakodó" />
  <e k="typeDesc_wheelLoaderTool" v="kerekes rakodó eszköz" />
  <e k="typeDesc_windrower" v="rendforgató" />
  <e k="typeDesc_woodCrusher" v="Faaprító" />
  <e k="typeDesc_woodHarvester" v="Fabetakarító" />
  <e k="unit_areaShort" v="ha" />
  <e k="unit_bale" v="bála" />
  <e k="unit_decimalSymbol" v="." />
  <e k="unit_degreeCelsiusShort" v="°C" />
  <e k="unit_digitGroupingSymbol" v="," />
  <e k="unit_dollar" v="dollár" />
  <e k="unit_dollarShort" v="$" />
  <e k="unit_euro" v="euró" />
  <e k="unit_euroShort" v="€" />
  <e k="unit_km" v="kilométer" />
  <e k="unit_kmh" v="km/h" />
  <e k="unit_kw" v="kW/h" />
  <e k="unit_liter" v="liter" />
  <e k="unit_literShort" v="l" />
  <e k="unit_miles" v="mérföld" />
  <e k="unit_minutesShort" v="min." />
  <e k="unit_mph" v="mérf/h" />
  <e k="unit_pieces" v="darab" />
  <e k="unit_pound" v="font" />
  <e k="unit_poundShort" v="£" />
  <e k="unit_timeShort" v="hh:mm" />
</l10n>